# Blender v3.6.4 OBJ File: ''
# www.blender.org
mtllib base_link_right.mtl
o base_link_right
v -0.01734 -0.040456 -0.02376
v -0.01734 -0.043943 -0.023455
v -0.0182 -0.040464 -0.023853
v -0.01652 -0.043919 -0.02318
v -0.01652 -0.040432 -0.023485
v -0.015779 -0.04388 -0.022736
v -0.015779 -0.040393 -0.023041
v -0.015151 -0.043828 -0.022143
v -0.015151 -0.040341 -0.022448
v -0.014666 -0.043765 -0.02143
v -0.014666 -0.040279 -0.021735
v -0.014346 -0.043695 -0.02063
v -0.014346 -0.040209 -0.020935
v -0.014206 -0.043621 -0.019779
v -0.014206 -0.040134 -0.020084
v -0.014253 -0.043546 -0.018919
v -0.014253 -0.040059 -0.019224
v -0.014484 -0.043473 -0.018089
v -0.014484 -0.039986 -0.018394
v -0.014889 -0.043407 -0.017327
v -0.014889 -0.03992 -0.017632
v -0.015449 -0.043349 -0.016671
v -0.015449 -0.039862 -0.016976
v -0.016138 -0.043303 -0.016149
v -0.016138 -0.039817 -0.016454
v -0.016923 -0.043272 -0.015787
v -0.016923 -0.039785 -0.016092
v -0.017768 -0.043256 -0.015602
v -0.017768 -0.039769 -0.015907
v -0.018632 -0.043256 -0.015602
v -0.018632 -0.039769 -0.015907
v -0.019477 -0.043272 -0.015787
v -0.019477 -0.039785 -0.016092
v -0.020262 -0.043303 -0.016149
v -0.020262 -0.039817 -0.016454
v -0.020951 -0.043349 -0.016671
v -0.020951 -0.039862 -0.016976
v -0.021511 -0.043407 -0.017327
v -0.021511 -0.03992 -0.017632
v -0.021916 -0.043473 -0.018089
v -0.021916 -0.039986 -0.018394
v -0.022147 -0.043546 -0.018919
v -0.022147 -0.040059 -0.019224
v -0.022194 -0.043621 -0.019779
v -0.022194 -0.040134 -0.020084
v -0.022054 -0.043695 -0.02063
v -0.022054 -0.040209 -0.020935
v -0.021734 -0.043765 -0.02143
v -0.021734 -0.040279 -0.021735
v -0.021249 -0.043828 -0.022143
v -0.021249 -0.040341 -0.022448
v -0.020621 -0.04388 -0.022736
v -0.020621 -0.040393 -0.023041
v -0.01988 -0.043919 -0.02318
v -0.01988 -0.040432 -0.023485
v -0.01906 -0.043943 -0.023455
v -0.01906 -0.040456 -0.02376
v -0.0182 -0.043951 -0.023548
v -0.0295 -0.084023 -0.029509
v -0.0295 -0.081582 -0.001616
v -0.0295 -0.095 -0.028549
v -0.0295 -0.095 0.028
v -0.0295 -0.081449 -0.000957
v -0.0295 -0.081173 -0.000345
v -0.0295 -0.094722 0.028
v -0.0295 -0.093264 0.028097
v -0.0295 -0.080767 0.00019
v -0.0295 -0.091833 0.028386
v -0.0295 -0.080253 0.000622
v -0.0295 -0.090452 0.028862
v -0.0295 -0.079655 0.000929
v -0.0295 -0.089147 0.029517
v -0.0295 -0.08794 0.03034
v -0.0295 -0.079004 0.001095
v -0.0295 -0.086852 0.031314
v -0.0295 -0.078332 0.001111
v -0.0295 -0.085903 0.032425
v -0.0295 -0.08511 0.033651
v -0.0295 -0.084486 0.034971
v -0.0295 -0.046454 -0.001678
v -0.0295 -0.066369 0.051492
v -0.0295 -0.045796 -0.001811
v -0.0295 -0.006401 0.056739
v -0.0295 -0.045183 -0.002087
v -0.0295 0 0.018
v -0.0295 -0.044648 -0.002493
v -0.0295 -0.044216 -0.003007
v -0.0295 -0.04391 -0.003605
v -0.0295 -0.043744 -0.004256
v -0.0295 0 -0.018
v -0.0295 -0.043727 -0.004928
v -0.0295 -0.04707 -0.043142
v -0.0295 -0.03798 -0.053976
v -0.0295 -0.039273 -0.053777
v -0.0295 -0.040529 -0.053411
v -0.0295 -0.041726 -0.052884
v -0.0295 -0.042844 -0.052205
v -0.0295 -0.043864 -0.051387
v -0.0295 -0.044769 -0.050442
v -0.0295 -0.045542 -0.049387
v -0.0295 -0.046172 -0.04824
v -0.0295 -0.046646 -0.047021
v -0.0295 -0.046957 -0.04575
v -0.0295 -0.047099 -0.04445
v -0.0295 -0.084043 0.036363
v -0.0295 -0.068261 0.051235
v -0.0295 -0.070119 0.050799
v -0.0295 -0.071928 0.050187
v -0.0295 -0.07367 0.049406
v -0.0295 -0.07533 0.048463
v -0.0295 -0.076892 0.047365
v -0.0295 -0.078342 0.046124
v -0.0295 -0.079668 0.044749
v -0.0295 -0.080856 0.043255
v -0.0295 -0.081896 0.041654
v -0.0295 -0.082779 0.039962
v -0.0295 -0.083497 0.038192
v -0.0295 -0.003151 0.054011
v -0.0295 -0.005729 0.056722
v -0.0295 -0.005078 0.056556
v -0.0295 -0.00448 0.05625
v -0.0295 -0.003966 0.055818
v -0.0295 -0.00356 0.055282
v -0.0295 -0.003284 0.05467
v -0.0295 -0.006401 -0.056739
v -0.0295 -0.003151 -0.054011
v -0.0295 -0.005729 -0.056722
v -0.0295 -0.005078 -0.056556
v -0.0295 -0.00448 -0.05625
v -0.0295 -0.003966 -0.055818
v -0.0295 -0.00356 -0.055282
v -0.0295 -0.003284 -0.05467
v -0.0265 -0.007198 0.056669
v -0.0265 -0.006401 0.056739
v -0.0265 -0.006893 0.053182
v -0.0265 -0.005729 0.056722
v -0.0265 -0.005078 0.056556
v -0.0265 -0.00448 0.05625
v -0.0265 -0.003966 0.055818
v -0.0265 -0.00356 0.055282
v -0.0265 -0.003284 0.05467
v -0.0265 -0.003151 0.054011
v -0.0265 -0.003107 0.053513
v -0.0265 -0.040202 0.053781
v -0.0265 -0.030502 0.051117
v -0.0265 -0.039888 0.050195
v -0.0265 -0.013374 0.056128
v -0.0265 -0.013069 0.052642
v -0.0265 -0.028759 0.031193
v -0.0265 -0.059812 0.048452
v -0.0265 -0.046454 -0.001678
v -0.0265 -0.078991 0.028
v -0.0265 -0.078332 0.001111
v -0.0265 -0.079004 0.001095
v -0.0265 -0.079655 0.000929
v -0.0265 -0.080253 0.000622
v -0.0265 -0.080767 0.00019
v -0.0265 -0.081173 -0.000345
v -0.0265 -0.081449 -0.000957
v -0.0265 -0.081582 -0.001616
v -0.0265 -0.011326 0.032718
v -0.0265 -0.011047 0.02953
v -0.0265 -0.0275 0.01
v -0.0265 -0.045796 -0.001811
v -0.0265 -0.004871 0.03007
v -0.0265 0 0.018
v -0.0265 -0.001364 0.033589
v -0.0265 -0.005149 0.033258
v -0.0265 -0.0038 0.0133
v -0.0265 -0.01 0.0133
v -0.0265 -0.01 0.01
v -0.0265 -0.0038 0.01
v -0.0265 0 0.01
v -0.0265 -0.0275 -0.01
v -0.0265 -0.04391 -0.003605
v -0.0265 -0.043744 -0.004256
v -0.0265 -0.043727 -0.004928
v -0.0265 -0.044107 -0.009272
v -0.0265 -0.016712 -0.011668
v -0.0265 -0.01 -0.01
v -0.0265 -0.01 -0.0133
v -0.0265 -0.011047 -0.02953
v -0.0265 -0.0038 -0.0133
v -0.0265 0 -0.018
v -0.0265 0 -0.01
v -0.0265 -0.004871 -0.03007
v -0.0265 -0.001364 -0.033589
v -0.0265 -0.005149 -0.033258
v -0.0265 -0.018498 -0.03209
v -0.0265 -0.011326 -0.032718
v -0.0265 -0.0038 -0.01
v -0.0265 -0.044216 -0.003007
v -0.0265 -0.044648 -0.002493
v -0.0265 -0.045183 -0.002087
v -0.0265 -0.076892 0.047365
v -0.0265 -0.078342 0.046124
v -0.0265 -0.07533 0.048463
v -0.0265 -0.07367 0.049406
v -0.0265 -0.071928 0.050187
v -0.0265 -0.070119 0.050799
v -0.0265 -0.068261 0.051235
v -0.0265 -0.066369 0.051492
v -0.0265 -0.060126 0.052038
v -0.0265 -0.094722 0.028
v -0.0265 -0.093264 0.028097
v -0.0265 -0.091833 0.028386
v -0.0265 -0.090452 0.028862
v -0.0265 -0.089147 0.029517
v -0.0265 -0.08794 0.03034
v -0.0265 -0.086852 0.031314
v -0.0265 -0.085903 0.032425
v -0.0265 -0.08511 0.033651
v -0.0265 -0.084486 0.034971
v -0.0265 -0.084043 0.036363
v -0.0265 -0.083497 0.038192
v -0.0265 -0.082779 0.039962
v -0.0265 -0.081896 0.041654
v -0.0265 -0.080856 0.043255
v -0.0265 -0.079668 0.044749
v 0.0083 -0.013374 0.056128
v 0.0083 -0.040202 0.053781
v 0.0083 -0.030502 0.051117
v 0.0083 -0.013069 0.052642
v 0.0083 -0.059812 0.048452
v 0.0083 -0.028759 0.031193
v 0.0083 -0.039888 0.050195
v 0.0083 -0.046454 -0.001678
v 0.0083 -0.078991 0.028
v 0.0083 -0.076892 0.047365
v 0.0083 -0.07533 0.048463
v 0.0083 -0.07367 0.049406
v 0.0083 -0.071928 0.050187
v 0.0083 -0.070119 0.050799
v 0.0083 -0.068261 0.051235
v 0.0083 -0.066369 0.051492
v 0.0083 -0.060126 0.052038
v 0.0083 -0.078342 0.046124
v 0.0083 -0.079668 0.044749
v 0.0083 -0.080856 0.043255
v 0.0083 -0.081896 0.041654
v 0.0083 -0.082779 0.039962
v 0.0083 -0.083497 0.038192
v 0.0083 -0.084043 0.036363
v 0.0083 -0.084486 0.034971
v 0.0083 -0.08511 0.033651
v 0.0083 -0.085903 0.032425
v 0.0083 -0.086852 0.031314
v 0.0083 -0.08794 0.03034
v 0.0083 -0.089147 0.029517
v 0.0083 -0.090452 0.028862
v 0.0083 -0.091833 0.028386
v 0.0083 -0.093264 0.028097
v 0.0083 -0.094722 0.028
v 0.0083 -0.081582 -0.001616
v 0.0083 -0.081449 -0.000957
v 0.0083 -0.081173 -0.000345
v 0.0083 -0.080767 0.00019
v 0.0083 -0.080253 0.000622
v 0.0083 -0.079655 0.000929
v 0.0083 -0.079004 0.001095
v 0.0083 -0.078332 0.001111
v 0.0083 -0.0275 0.01
v 0.0083 -0.011047 0.02953
v 0.0083 -0.01 0.0133
v 0.0083 -0.0038 0.0133
v 0.0083 0 0.018
v 0.0083 0 0.01
v 0.0083 -0.0038 0.01
v 0.0083 -0.045796 -0.001811
v 0.0083 -0.045183 -0.002087
v 0.0083 -0.044648 -0.002493
v 0.0083 -0.044216 -0.003007
v 0.0083 -0.04391 -0.003605
v 0.0083 -0.0275 -0.01
v 0.0083 -0.043744 -0.004256
v 0.0083 -0.043727 -0.004928
v 0.0083 -0.044107 -0.009272
v 0.0083 -0.016712 -0.011668
v 0.0083 -0.01 -0.01
v 0.0083 -0.01 -0.0133
v 0.0083 -0.011047 -0.02953
v 0.0083 -0.0038 -0.0133
v 0.0083 0 -0.018
v 0.0083 0 -0.01
v 0.0083 -0.0038 -0.01
v 0.0083 -0.011326 -0.032718
v 0.0083 -0.018498 -0.03209
v 0.0083 -0.004871 -0.03007
v 0.0083 -0.001364 -0.033589
v 0.0083 -0.005149 -0.033258
v 0.0083 -0.01 0.01
v 0.0083 -0.004871 0.03007
v 0.0083 -0.001364 0.033589
v 0.0083 -0.005149 0.033258
v 0.0083 -0.011326 0.032718
v 0.0113 -0.081582 -0.001616
v 0.0113 -0.084023 -0.029509
v 0.0083 -0.007198 0.056669
v 0.0083 -0.006893 0.053182
v 0.0083 -0.006401 0.056739
v 0.0083 -0.005729 0.056722
v 0.0083 -0.005078 0.056556
v 0.0083 -0.00448 0.05625
v 0.0083 -0.003966 0.055818
v 0.0083 -0.00356 0.055282
v 0.0083 -0.003284 0.05467
v 0.0083 -0.003151 0.054011
v 0.0083 -0.003107 0.053513
v -0.0227 -0.031077 0.031291
v -0.013 -0.031077 0.031291
v -0.0227 -0.028686 0.0315
v -0.013 -0.028387 0.031526
v -0.017 -0.011352 0.033017
v -0.0012 -0.011352 0.033017
v -0.0012 -0.005176 0.033557
v -0.017 -0.005176 0.033557
v 0.0038 -0.028387 0.031526
v 0.0038 -0.011352 0.033017
v -0.024 -0.011352 0.033017
v -0.024 -0.028686 0.0315
v 0.0038 -0.01306 0.052542
v 0.0038 -0.030095 0.051052
v -0.0012 -0.01306 0.052542
v -0.013 -0.030095 0.051052
v -0.017 -0.01306 0.052542
v -0.0227 -0.030394 0.051026
v -0.024 -0.01306 0.052542
v -0.024 -0.030394 0.051026
v -0.013 -0.032785 0.050816
v -0.0227 -0.032785 0.050816
v -0.017 -0.006884 0.053083
v -0.0012 -0.006884 0.053083
v -0.0227 -0.0298 -0.0098
v -0.013 -0.0298 -0.0098
v -0.0227 -0.0274 -0.0098
v -0.013 -0.0271 -0.0098
v -0.017 -0.01 -0.0098
v -0.0012 -0.01 -0.0098
v -0.0012 -0.0038 -0.0098
v -0.017 -0.0038 -0.0098
v 0.0038 -0.0271 -0.0098
v 0.0038 -0.01 -0.0098
v -0.024 -0.01 -0.0098
v -0.024 -0.0274 -0.0098
v 0.0038 -0.01 0.0098
v 0.0038 -0.0271 0.0098
v -0.0012 -0.01 0.0098
v -0.013 -0.0271 0.0098
v -0.017 -0.01 0.0098
v -0.0227 -0.0274 0.0098
v -0.024 -0.01 0.0098
v -0.024 -0.0274 0.0098
v -0.013 -0.0298 0.0098
v -0.0227 -0.0298 0.0098
v -0.017 -0.0038 0.0098
v -0.0012 -0.0038 0.0098
v -0.0227 -0.032785 -0.050816
v -0.013 -0.032785 -0.050816
v -0.0227 -0.030394 -0.051026
v -0.013 -0.030095 -0.051052
v -0.017 -0.01306 -0.052542
v -0.0012 -0.01306 -0.052542
v -0.0012 -0.006884 -0.053083
v -0.017 -0.006884 -0.053083
v 0.0038 -0.030095 -0.051052
v 0.0038 -0.01306 -0.052542
v -0.024 -0.01306 -0.052542
v -0.024 -0.030394 -0.051026
v 0.0038 -0.011352 -0.033017
v 0.0038 -0.028387 -0.031526
v -0.0012 -0.011352 -0.033017
v -0.013 -0.028387 -0.031526
v -0.017 -0.011352 -0.033017
v -0.0227 -0.028686 -0.0315
v -0.024 -0.011352 -0.033017
v -0.024 -0.028686 -0.0315
v -0.013 -0.031077 -0.031291
v -0.0227 -0.031077 -0.031291
v -0.017 -0.005176 -0.033557
v -0.0012 -0.005176 -0.033557
v -0.027 -0.045894 -0.029694
v -0.027 -0.044107 -0.009272
v -0.0265 -0.04707 -0.043142
v -0.0265 -0.045894 -0.029694
v -0.024375 -0.020794 -0.030794
v -0.023861 -0.020788 -0.030721
v -0.025177 -0.020747 -0.030257
v -0.023383 -0.02077 -0.030518
v -0.022974 -0.020742 -0.030199
v -0.022661 -0.020706 -0.029786
v -0.022465 -0.020664 -0.029307
v -0.0224 -0.020619 -0.028794
v -0.02247 -0.020574 -0.028281
v -0.022669 -0.020533 -0.027803
v -0.022986 -0.020497 -0.027393
v -0.025861 -0.020688 -0.029576
v -0.023398 -0.020469 -0.027078
v -0.023877 -0.020452 -0.026879
v -0.024392 -0.020446 -0.026809
v -0.024907 -0.020451 -0.026875
v -0.025388 -0.020468 -0.02707
v -0.025802 -0.020496 -0.027381
v -0.026122 -0.020531 -0.027789
v -0.026326 -0.020573 -0.028265
v -0.0264 -0.020618 -0.028777
v -0.0264 -0.018625 -0.028951
v -0.026326 -0.018581 -0.028439
v -0.02673 -0.01856 -0.028199
v -0.026122 -0.018539 -0.027963
v -0.026932 -0.01849 -0.027403
v -0.025802 -0.018503 -0.027556
v -0.027 -0.018418 -0.026585
v -0.025388 -0.018476 -0.027244
v -0.024907 -0.018459 -0.027049
v -0.024392 -0.018453 -0.026984
v -0.024392 -0.017547 -0.016623
v -0.027 -0.017582 -0.017022
v -0.024907 -0.017541 -0.016558
v -0.025388 -0.017524 -0.016363
v -0.025802 -0.017497 -0.016051
v -0.026932 -0.01751 -0.016204
v -0.026122 -0.017461 -0.015644
v -0.02673 -0.01744 -0.015408
v -0.026326 -0.017419 -0.015168
v -0.0264 -0.017375 -0.014656
v -0.023877 -0.017541 -0.016554
v -0.023877 -0.018459 -0.027053
v -0.023398 -0.017523 -0.016355
v -0.023398 -0.018477 -0.027252
v -0.022986 -0.017496 -0.01604
v -0.022986 -0.018504 -0.027567
v -0.0102 -0.017582 -0.017022
v -0.0102 -0.018418 -0.026585
v -0.022669 -0.01746 -0.01563
v -0.02247 -0.017418 -0.015152
v -0.010104 -0.017497 -0.01605
v -0.0224 -0.017373 -0.014639
v -0.022 -0.017146 -0.012041
v -0.022465 -0.017328 -0.014126
v -0.022661 -0.017286 -0.013647
v -0.022669 -0.01854 -0.027978
v -0.02247 -0.018582 -0.028455
v -0.010104 -0.018503 -0.027557
v -0.0224 -0.018627 -0.028968
v -0.022 -0.018854 -0.031566
v -0.022465 -0.018672 -0.029481
v -0.022661 -0.018714 -0.02996
v -0.022974 -0.01875 -0.030373
v -0.022821 -0.018848 -0.031499
v -0.023383 -0.018778 -0.030692
v -0.02362 -0.018831 -0.031297
v -0.023861 -0.018795 -0.030895
v -0.024375 -0.018802 -0.030968
v -0.009819 -0.018585 -0.028491
v -0.009357 -0.01866 -0.029353
v -0.0052 -0.018854 -0.031566
v -0.006175 -0.018846 -0.031471
v -0.007113 -0.018821 -0.031187
v -0.007978 -0.018781 -0.030727
v -0.008736 -0.018726 -0.030107
v -0.009819 -0.017415 -0.015116
v -0.009357 -0.01734 -0.014255
v -0.008736 -0.017274 -0.0135
v -0.007978 -0.017219 -0.01288
v -0.007113 -0.017179 -0.01242
v -0.006175 -0.017154 -0.012137
v -0.0052 -0.017146 -0.012041
v -0.022974 -0.01725 -0.013234
v -0.022821 -0.017152 -0.012108
v -0.023383 -0.017222 -0.012915
v -0.02362 -0.017169 -0.01231
v -0.023861 -0.017205 -0.012712
v -0.024375 -0.017198 -0.012639
v -0.0264 -0.019367 -0.014481
v -0.026326 -0.019412 -0.014994
v -0.025861 -0.019297 -0.013682
v -0.026122 -0.019453 -0.015469
v -0.025802 -0.019489 -0.015877
v -0.025388 -0.019516 -0.016189
v -0.024907 -0.019533 -0.016384
v -0.024392 -0.019539 -0.016449
v -0.023877 -0.019533 -0.01638
v -0.023398 -0.019516 -0.016181
v -0.022986 -0.019488 -0.015865
v -0.025177 -0.019238 -0.013002
v -0.022669 -0.019452 -0.015455
v -0.02247 -0.01941 -0.014978
v -0.0224 -0.019366 -0.014465
v -0.022465 -0.019321 -0.013952
v -0.022661 -0.019279 -0.013472
v -0.022974 -0.019243 -0.01306
v -0.023383 -0.019215 -0.012741
v -0.023861 -0.019197 -0.012538
v -0.024375 -0.019191 -0.012464
v 0.0045 -0.018555 -0.031592
v 0.0058 -0.018555 -0.031592
v 0.0058 -0.016847 -0.012067
v 0.0045 -0.016847 -0.012067
v 0.007102 -0.018529 -0.031296
v 0.006468 -0.016854 -0.012142
v 0.006468 -0.018549 -0.031517
v 0.007102 -0.016873 -0.012363
v 0.00767 -0.018498 -0.03094
v 0.00767 -0.016904 -0.012719
v 0.008145 -0.018457 -0.030467
v 0.0088 -0.018294 -0.028604
v 0.008503 -0.018407 -0.029901
v 0.008725 -0.018352 -0.029269
v 0.008145 -0.016945 -0.013192
v 0.0088 -0.017108 -0.015056
v 0.008503 -0.016995 -0.013759
v 0.008725 -0.01705 -0.014391
v -0.0052 -0.016164 -0.031802
v -0.006175 -0.016156 -0.031706
v -0.007113 -0.016131 -0.031422
v -0.007978 -0.016091 -0.030962
v -0.008736 -0.016037 -0.030343
v -0.009357 -0.015971 -0.029588
v -0.009819 -0.015895 -0.028727
v -0.010104 -0.015814 -0.027792
v -0.0102 -0.015729 -0.026821
v -0.006175 -0.014465 -0.012372
v -0.0102 -0.014892 -0.017257
v -0.0052 -0.014456 -0.012276
v -0.007113 -0.014489 -0.012655
v -0.007978 -0.01453 -0.013116
v -0.008736 -0.014584 -0.013735
v -0.009357 -0.01465 -0.01449
v -0.009819 -0.014725 -0.015351
v -0.010104 -0.014807 -0.016285
v 0.0045 -0.016164 -0.031802
v 0.0045 -0.014456 -0.012276
v 0.0088 -0.044107 -0.009272
v 0.0088 -0.039523 -0.013095
v 0.0088 -0.016712 -0.011668
v 0.0088 -0.040708 -0.026643
v 0.0088 -0.045894 -0.029694
v 0.0088 -0.028759 -0.031193
v 0.0088 -0.018498 -0.03209
v 0.0088 -0.028823 -0.036507
v 0.0088 -0.011788 -0.037998
v 0.0088 -0.011352 -0.033017
v 0.0088 -0.001364 -0.033589
v 0.0088 -0.005176 -0.033557
v 0.0088 -0.003107 -0.053513
v 0.0088 -0.006884 -0.053083
v 0.0088 -0.01306 -0.052542
v 0.0088 -0.030502 -0.051117
v 0.0088 -0.029659 -0.046071
v 0.0088 -0.012624 -0.047561
v -0.017071 -0.044107 -0.025333
v -0.016055 -0.044081 -0.025039
v -0.015108 -0.04404 -0.02457
v -0.014261 -0.043985 -0.023939
v -0.01354 -0.043918 -0.023168
v -0.012969 -0.04384 -0.022281
v -0.012566 -0.043755 -0.021307
v -0.012344 -0.043665 -0.020277
v -0.01231 -0.043572 -0.019224
v -0.012465 -0.043481 -0.018182
v -0.012805 -0.043394 -0.017184
v -0.013319 -0.043313 -0.016262
v -0.013989 -0.043242 -0.015447
v -0.014794 -0.043182 -0.014764
v -0.015709 -0.043136 -0.014236
v -0.016704 -0.043105 -0.013878
v -0.017747 -0.043089 -0.013703
v -0.018805 -0.043091 -0.013717
v -0.019843 -0.043108 -0.013919
v -0.020829 -0.043142 -0.014302
v -0.02173 -0.04319 -0.014854
v -0.022517 -0.043252 -0.015557
v -0.023166 -0.043325 -0.01639
v -0.023655 -0.043406 -0.017324
v -0.023969 -0.043494 -0.01833
v -0.024097 -0.043586 -0.019376
v -0.024036 -0.043678 -0.020428
v -0.023787 -0.043767 -0.021452
v -0.023359 -0.043852 -0.022416
v -0.022765 -0.043928 -0.023288
v -0.022024 -0.043994 -0.02404
v -0.02116 -0.044047 -0.024648
v -0.020201 -0.044086 -0.025093
v -0.019178 -0.044109 -0.02536
v -0.018123 -0.044116 -0.025441
v -0.02219 -0.039735 -0.014375
v -0.02172 -0.039683 -0.01407
v -0.02123 -0.039685 -0.013795
v -0.022188 -0.03971 -0.01438
v -0.022629 -0.03974 -0.014727
v -0.023042 -0.039799 -0.015104
v -0.02304 -0.039773 -0.015109
v -0.023033 -0.03975 -0.015118
v -0.02341 -0.039786 -0.015531
v -0.023397 -0.039767 -0.015543
v -0.023738 -0.039805 -0.015986
v -0.023721 -0.03979 -0.015999
v -0.024023 -0.039831 -0.016466
v -0.024002 -0.039822 -0.016479
v -0.024263 -0.039865 -0.016968
v -0.024291 -0.039872 -0.017088
v -0.024483 -0.03991 -0.017477
v -0.024675 -0.039965 -0.018153
v -0.02466 -0.039956 -0.018002
v -0.024792 -0.040003 -0.01854
v -0.024683 -0.039965 -0.017994
v -0.024816 -0.040012 -0.018534
v -0.024703 -0.03998 -0.017987
v -0.024836 -0.040028 -0.018529
v -0.024718 -0.040001 -0.017981
v -0.024852 -0.040048 -0.018524
v -0.024728 -0.040024 -0.017976
v -0.024862 -0.040072 -0.01852
v -0.024731 -0.04005 -0.017973
v -0.024954 -0.040146 -0.01907
v -0.02495 -0.04012 -0.019072
v -0.024993 -0.040169 -0.01963
v -0.024992 -0.040244 -0.020188
v -0.024989 -0.040218 -0.02019
v -0.024979 -0.040194 -0.020191
v -0.024928 -0.040243 -0.020748
v -0.024913 -0.040222 -0.020748
v -0.024817 -0.04027 -0.021297
v -0.024796 -0.040254 -0.021294
v -0.024656 -0.040301 -0.021832
v -0.024633 -0.04029 -0.021826
v -0.024448 -0.040336 -0.022348
v -0.02432 -0.040353 -0.022586
v -0.024221 -0.04038 -0.022854
v -0.023953 -0.040423 -0.023339
v -0.024243 -0.040391 -0.022863
v -0.023974 -0.040434 -0.02335
v -0.024262 -0.040408 -0.022871
v -0.023992 -0.04045 -0.02336
v -0.024276 -0.040429 -0.022876
v -0.024005 -0.040472 -0.023366
v -0.024285 -0.040453 -0.022879
v -0.024014 -0.040496 -0.023369
v -0.024017 -0.040522 -0.023369
v -0.023703 -0.040537 -0.023835
v -0.023358 -0.040601 -0.024275
v -0.023355 -0.040575 -0.024275
v -0.022972 -0.040611 -0.024684
v -0.022965 -0.040587 -0.024679
v -0.022549 -0.040619 -0.025054
v -0.022539 -0.040598 -0.025044
v -0.022095 -0.040627 -0.025383
v -0.022083 -0.04061 -0.025368
v -0.021614 -0.040636 -0.025668
v -0.021602 -0.040625 -0.025648
v -0.021111 -0.040647 -0.025909
v -0.021248 -0.040636 -0.025813
v -0.020601 -0.040667 -0.026127
v -0.020195 -0.040673 -0.02624
v -0.020074 -0.040682 -0.026303
v -0.019534 -0.040693 -0.026436
v -0.02008 -0.040694 -0.026326
v -0.019538 -0.040705 -0.026458
v -0.020086 -0.040711 -0.026344
v -0.019543 -0.040723 -0.026477
v -0.02009 -0.040733 -0.026358
v -0.019546 -0.040745 -0.026491
v -0.020093 -0.040758 -0.026365
v -0.019548 -0.04077 -0.026499
v -0.019548 -0.040796 -0.0265
v -0.018993 -0.040778 -0.026587
v -0.018433 -0.040807 -0.02663
v -0.018433 -0.040781 -0.026629
v -0.017871 -0.040781 -0.026625
v -0.017872 -0.040756 -0.026617
v -0.017313 -0.040752 -0.026567
v -0.017315 -0.04073 -0.026553
v -0.016764 -0.040721 -0.026458
v -0.016768 -0.040704 -0.026439
v -0.016228 -0.040692 -0.026299
v -0.016235 -0.04068 -0.026276
v -0.015711 -0.040663 -0.026093
v -0.015734 -0.040658 -0.026075
v -0.015203 -0.040644 -0.025867
v -0.014717 -0.040614 -0.02557
v -0.014716 -0.04062 -0.0256
v -0.014253 -0.040594 -0.025294
v -0.014704 -0.040632 -0.02562
v -0.014239 -0.040605 -0.025312
v -0.014693 -0.040649 -0.025636
v -0.014227 -0.040623 -0.025328
v -0.014685 -0.040671 -0.025648
v -0.014218 -0.040644 -0.025339
v -0.01468 -0.040696 -0.025654
v -0.014212 -0.040669 -0.025345
v -0.01421 -0.040695 -0.025345
v -0.013771 -0.040639 -0.024998
v -0.013358 -0.040631 -0.024616
v -0.01336 -0.040605 -0.024616
v -0.012983 -0.040569 -0.024202
v -0.01299 -0.040544 -0.024197
v -0.012649 -0.040506 -0.023754
v -0.012662 -0.040484 -0.023747
v -0.012359 -0.040443 -0.023278
v -0.012377 -0.040426 -0.023269
v -0.012115 -0.040384 -0.022778
v -0.012137 -0.040373 -0.022769
v -0.011917 -0.040328 -0.02226
v -0.011894 -0.040313 -0.022125
v -0.01174 -0.040282 -0.021735
v -0.011602 -0.040217 -0.021031
v -0.011608 -0.040235 -0.021197
v -0.01152 -0.040187 -0.02065
v -0.011584 -0.040246 -0.021201
v -0.011496 -0.040198 -0.020652
v -0.011564 -0.040262 -0.021204
v -0.011476 -0.040214 -0.020653
v -0.011548 -0.040283 -0.021205
v -0.01146 -0.040234 -0.020653
v -0.011538 -0.040307 -0.021205
v -0.01145 -0.040258 -0.020652
v -0.011446 -0.040284 -0.02065
v -0.011407 -0.04021 -0.020094
v -0.011408 -0.040186 -0.019532
v -0.011411 -0.040161 -0.019535
v -0.011462 -0.040112 -0.018977
v -0.011472 -0.040088 -0.018981
v -0.011568 -0.04004 -0.01843
v -0.011583 -0.04002 -0.018435
v -0.011725 -0.039972 -0.017896
v -0.011744 -0.039957 -0.017903
v -0.011929 -0.039911 -0.017379
v -0.011952 -0.039902 -0.017389
v -0.012179 -0.039858 -0.016883
v -0.012334 -0.039833 -0.016644
v -0.012447 -0.039815 -0.016398
v -0.012754 -0.039775 -0.015937
v -0.012426 -0.039824 -0.016385
v -0.012734 -0.039784 -0.015922
v -0.012408 -0.039839 -0.016373
v -0.012718 -0.039798 -0.015908
v -0.012395 -0.039859 -0.016363
v -0.012705 -0.039818 -0.015897
v -0.012386 -0.039883 -0.016355
v -0.012697 -0.039842 -0.015889
v -0.012383 -0.039908 -0.016351
v -0.013042 -0.039829 -0.015445
v -0.013045 -0.039803 -0.01545
v -0.013428 -0.039768 -0.015041
v -0.013842 -0.03976 -0.01466
v -0.013844 -0.039735 -0.014665
v -0.013851 -0.039711 -0.014675
v -0.014296 -0.039682 -0.014334
v -0.014305 -0.039662 -0.014349
v -0.014775 -0.039636 -0.014048
v -0.014786 -0.039621 -0.014067
v -0.015278 -0.039599 -0.013806
v -0.015289 -0.03959 -0.013828
v -0.015799 -0.039571 -0.013609
v -0.015669 -0.039575 -0.013689
v -0.016326 -0.039556 -0.013433
v -0.016754 -0.039545 -0.013351
v -0.016866 -0.039544 -0.013301
v -0.017415 -0.039537 -0.013214
v -0.016862 -0.039552 -0.013277
v -0.017412 -0.039545 -0.013189
v -0.016857 -0.039566 -0.013255
v -0.01741 -0.039559 -0.013167
v -0.016854 -0.039586 -0.013238
v -0.017408 -0.039578 -0.01315
v -0.016852 -0.039609 -0.013226
v -0.017407 -0.039601 -0.013138
v -0.016852 -0.039634 -0.01322
v -0.017967 -0.039623 -0.01309
v -0.017967 -0.039597 -0.013095
v -0.018529 -0.039598 -0.013099
v -0.019089 -0.039628 -0.013144
v -0.019088 -0.039602 -0.01315
v -0.019087 -0.039579 -0.013162
v -0.01964 -0.039587 -0.013257
v -0.019636 -0.039568 -0.013275
v -0.020178 -0.03958 -0.013415
v -0.020172 -0.039566 -0.013436
v -0.020698 -0.039582 -0.013621
v -0.020689 -0.039574 -0.013644
v -0.021197 -0.039594 -0.01387
v -0.021185 -0.039593 -0.013893
v -0.021684 -0.039617 -0.014137
v -0.022156 -0.039644 -0.014482
v -0.022147 -0.039644 -0.014443
v -0.022583 -0.039674 -0.014786
v -0.022161 -0.039653 -0.014423
v -0.022599 -0.039683 -0.014767
v -0.022173 -0.039667 -0.014405
v -0.022612 -0.039697 -0.01475
v -0.022182 -0.039686 -0.01439
v -0.022623 -0.039717 -0.014736
v -0.023417 -0.03981 -0.015523
v -0.023751 -0.039825 -0.015975
v -0.024041 -0.039846 -0.016455
v -0.024285 -0.039874 -0.016957
v -0.02433 -0.039959 -0.016928
v -0.024063 -0.03989 -0.016438
v -0.023762 -0.039874 -0.015963
v -0.024327 -0.039933 -0.016932
v -0.024549 -0.039978 -0.017446
v -0.02454 -0.039954 -0.017451
v -0.024525 -0.039934 -0.017459
v -0.024318 -0.039909 -0.016938
v -0.024304 -0.039889 -0.016947
v -0.024054 -0.039866 -0.016445
v -0.023759 -0.039849 -0.015967
v -0.024938 -0.040267 -0.020747
v -0.024832 -0.040291 -0.021298
v -0.024675 -0.040317 -0.021836
v -0.024471 -0.040347 -0.022356
v -0.024517 -0.040434 -0.022367
v -0.0247 -0.040362 -0.02184
v -0.024845 -0.040341 -0.021297
v -0.024514 -0.040409 -0.022368
v -0.023695 -0.040512 -0.023832
v -0.023348 -0.040551 -0.02427
v -0.023336 -0.040529 -0.024262
v -0.022954 -0.040565 -0.024669
v -0.022939 -0.040548 -0.024656
v -0.022526 -0.04058 -0.025029
v -0.022511 -0.040569 -0.025012
v -0.022069 -0.040598 -0.025349
v -0.022212 -0.040583 -0.025214
v -0.022558 -0.04067 -0.02506
v -0.022556 -0.040644 -0.02506
v -0.022104 -0.040649 -0.025394
v -0.021625 -0.040654 -0.025685
v -0.021122 -0.040659 -0.025929
v -0.02211 -0.040674 -0.0254
v -0.021633 -0.040676 -0.025697
v -0.021131 -0.040677 -0.025947
v -0.020609 -0.040678 -0.026149
v -0.020627 -0.040769 -0.026188
v -0.021142 -0.040723 -0.025966
v -0.021639 -0.040726 -0.025704
v -0.020626 -0.040743 -0.026187
v -0.018992 -0.040753 -0.026579
v -0.018433 -0.040756 -0.026621
v -0.018432 -0.040734 -0.026607
v -0.017872 -0.040734 -0.026603
v -0.017873 -0.040716 -0.026584
v -0.017318 -0.040712 -0.026534
v -0.017321 -0.0407 -0.026511
v -0.016773 -0.040692 -0.026416
v -0.016823 -0.040687 -0.026401
v -0.017311 -0.040803 -0.026576
v -0.017312 -0.040777 -0.026575
v -0.01676 -0.040743 -0.026471
v -0.016222 -0.040709 -0.026317
v -0.015702 -0.040675 -0.026114
v -0.016758 -0.040768 -0.026479
v -0.016218 -0.040731 -0.02633
v -0.015694 -0.040693 -0.026132
v -0.015193 -0.040656 -0.025888
v -0.01517 -0.040746 -0.025925
v -0.015685 -0.04074 -0.026152
v -0.016214 -0.040782 -0.026339
v -0.015172 -0.04072 -0.025924
v -0.013777 -0.040614 -0.024992
v -0.013367 -0.040581 -0.024611
v -0.013379 -0.040559 -0.024602
v -0.013003 -0.040523 -0.024189
v -0.013018 -0.040506 -0.024177
v -0.012679 -0.040467 -0.023736
v -0.012699 -0.040456 -0.023723
v -0.012398 -0.040415 -0.023257
v -0.012368 -0.040403 -0.023154
v -0.012638 -0.040556 -0.023757
v -0.012641 -0.04053 -0.023758
v -0.012346 -0.040465 -0.023284
v -0.012096 -0.0404 -0.022786
v -0.011895 -0.040339 -0.022268
v -0.012337 -0.040489 -0.023287
v -0.012082 -0.040421 -0.022791
v -0.011875 -0.040355 -0.022274
v -0.011717 -0.040293 -0.021741
v -0.011669 -0.04038 -0.021747
v -0.011851 -0.040401 -0.022279
v -0.01207 -0.040472 -0.022792
v -0.011672 -0.040354 -0.021748
v -0.011417 -0.040186 -0.020096
v -0.011421 -0.040137 -0.019537
v -0.011437 -0.040116 -0.01954
v -0.011487 -0.040068 -0.018985
v -0.011508 -0.040052 -0.018989
v -0.011604 -0.040004 -0.018441
v -0.011627 -0.039995 -0.018447
v -0.011767 -0.039948 -0.017911
v -0.011871 -0.039924 -0.017678
v -0.011555 -0.040089 -0.018423
v -0.011558 -0.040064 -0.018426
v -0.011709 -0.039993 -0.017889
v -0.01191 -0.039926 -0.01737
v -0.012157 -0.039867 -0.016872
v -0.0117 -0.040016 -0.017884
v -0.011895 -0.039946 -0.017362
v -0.012138 -0.039882 -0.016861
v -0.012115 -0.039925 -0.016846
v -0.011883 -0.039996 -0.017353
v -0.012124 -0.039902 -0.016852
v -0.011886 -0.03997 -0.017357
v -0.01429 -0.039705 -0.014324
v -0.014767 -0.039655 -0.014032
v -0.015269 -0.039613 -0.013786
v -0.015791 -0.039579 -0.013586
v -0.015773 -0.039662 -0.013532
v -0.015258 -0.039655 -0.013759
v -0.014761 -0.039704 -0.014016
v -0.015774 -0.039636 -0.013537
v -0.016307 -0.03962 -0.013359
v -0.01631 -0.039597 -0.013371
v -0.016314 -0.039578 -0.013388
v -0.015778 -0.039613 -0.013549
v -0.015783 -0.039593 -0.013565
v -0.015263 -0.039632 -0.01377
v -0.014762 -0.039678 -0.014021
v -0.019642 -0.03961 -0.013246
v -0.020182 -0.0396 -0.013398
v -0.020706 -0.039596 -0.0136
v -0.021207 -0.039602 -0.013847
v -0.020715 -0.039639 -0.013572
v -0.020186 -0.039648 -0.013381
v -0.021228 -0.039659 -0.013801
v -0.021715 -0.039659 -0.014081
v -0.021224 -0.039636 -0.013812
v -0.021707 -0.03964 -0.014096
v -0.021217 -0.039616 -0.013828
v -0.021696 -0.039626 -0.014115
v -0.020712 -0.039616 -0.013584
v -0.020128 -0.039556 -0.013477
v -0.020165 -0.039558 -0.01346
v -0.019627 -0.039546 -0.013321
v -0.019632 -0.039554 -0.013296
v -0.019082 -0.039546 -0.013201
v -0.019085 -0.03956 -0.013179
v -0.018528 -0.039555 -0.013129
v -0.018528 -0.039575 -0.013111
v -0.017967 -0.039574 -0.013108
v -0.019016 -0.039536 -0.013244
v -0.019079 -0.039538 -0.013226
v -0.018527 -0.039541 -0.013151
v -0.017968 -0.039555 -0.013125
v -0.018525 -0.039533 -0.013176
v -0.017969 -0.039541 -0.013147
v -0.017881 -0.039532 -0.013202
v -0.014657 -0.03962 -0.014204
v -0.014798 -0.039613 -0.014088
v -0.014331 -0.039639 -0.014388
v -0.014317 -0.039648 -0.014367
v -0.013874 -0.039677 -0.014706
v -0.013861 -0.039692 -0.014689
v -0.013446 -0.039724 -0.015063
v -0.013435 -0.039744 -0.01505
v -0.013052 -0.03978 -0.015458
v -0.013747 -0.039679 -0.014881
v -0.013889 -0.039669 -0.014725
v -0.013461 -0.03971 -0.015079
v -0.013064 -0.03976 -0.015471
v -0.013478 -0.039701 -0.015097
v -0.01308 -0.039745 -0.015485
v -0.012965 -0.039751 -0.015703
v -0.011591 -0.04002 -0.018775
v -0.011532 -0.040042 -0.018993
v -0.011482 -0.040091 -0.019544
v -0.011458 -0.0401 -0.019542
v -0.011454 -0.040149 -0.020098
v -0.011433 -0.040165 -0.020097
v -0.0115 -0.040119 -0.019904
v -0.011478 -0.040139 -0.020098
v -0.013009 -0.040485 -0.024089
v -0.013037 -0.040495 -0.024163
v -0.013411 -0.04053 -0.024573
v -0.013393 -0.040542 -0.024589
v -0.013801 -0.040575 -0.024968
v -0.013788 -0.040592 -0.024982
v -0.0138 -0.040556 -0.024902
v -0.013817 -0.040564 -0.024951
v -0.017951 -0.040699 -0.026539
v -0.017875 -0.040704 -0.026561
v -0.01843 -0.040705 -0.026565
v -0.018431 -0.040717 -0.026588
v -0.018988 -0.040713 -0.026546
v -0.01899 -0.040731 -0.026565
v -0.019086 -0.040694 -0.026485
v -0.018985 -0.040701 -0.026523
v -0.023061 -0.040517 -0.024462
v -0.022922 -0.040536 -0.02464
v -0.023302 -0.040501 -0.024235
v -0.02332 -0.040512 -0.02425
v -0.023666 -0.040474 -0.023813
v -0.023682 -0.040491 -0.023824
v -0.023771 -0.04044 -0.023577
v -0.023646 -0.040463 -0.0238
v -0.024693 -0.04026 -0.021517
v -0.024773 -0.040243 -0.02129
v -0.024868 -0.040196 -0.020744
v -0.024892 -0.040206 -0.020746
v -0.024942 -0.040157 -0.020193
v -0.024963 -0.040173 -0.020192
v -0.024967 -0.040124 -0.019635
v -0.024983 -0.040145 -0.019633
v -0.02494 -0.040096 -0.019075
v -0.024879 -0.040162 -0.0204
v -0.024918 -0.040147 -0.020193
v -0.024946 -0.040109 -0.019637
v -0.024924 -0.040076 -0.019079
v -0.024922 -0.040099 -0.019639
v -0.024904 -0.04006 -0.019083
v -0.024873 -0.040063 -0.019268
v -0.023731 -0.039786 -0.016102
v -0.023701 -0.039782 -0.016014
v -0.023363 -0.039743 -0.015574
v -0.023382 -0.039752 -0.015558
v -0.023007 -0.039716 -0.015146
v -0.023021 -0.03973 -0.015131
v -0.023013 -0.039709 -0.015225
v -0.022989 -0.039707 -0.015164
v -0.015176 -0.040695 -0.025917
v -0.015183 -0.040673 -0.025905
v -0.015688 -0.040715 -0.026145
v -0.016215 -0.040756 -0.026338
v -0.021638 -0.0407 -0.025703
v -0.021137 -0.040699 -0.025959
v -0.020622 -0.040718 -0.02618
v -0.020617 -0.040696 -0.026167
v -0.024842 -0.040315 -0.021298
v -0.024691 -0.040338 -0.021839
v -0.024505 -0.040384 -0.022366
v -0.02449 -0.040363 -0.022362
v -0.02488 -0.040051 -0.019087
v -0.020185 -0.039623 -0.013387
v -0.01797 -0.039533 -0.013172
v -0.013098 -0.039737 -0.015502
v -0.012073 -0.040446 -0.022793
v -0.01186 -0.040376 -0.022277
v -0.011682 -0.04033 -0.021748
v -0.011697 -0.040309 -0.021745
v -0.024505 -0.039919 -0.017468
v -0.01632 -0.039564 -0.013409
v -0.02219 -0.040333 -0.014323
v -0.02123 -0.040282 -0.013743
v -0.023042 -0.040397 -0.015052
v -0.023762 -0.040472 -0.01591
v -0.02433 -0.040556 -0.016876
v -0.024731 -0.040648 -0.017921
v -0.024954 -0.040744 -0.019017
v -0.024992 -0.040842 -0.020135
v -0.024845 -0.040939 -0.021245
v -0.024517 -0.041032 -0.022315
v -0.024017 -0.04112 -0.023316
v -0.023358 -0.041199 -0.024222
v -0.022558 -0.041268 -0.025008
v -0.021639 -0.041324 -0.025651
v -0.020627 -0.041366 -0.026136
v -0.019548 -0.041394 -0.026447
v -0.018433 -0.041405 -0.026578
v -0.017311 -0.0414 -0.026524
v -0.016214 -0.04138 -0.026286
v -0.01517 -0.041343 -0.025872
v -0.01421 -0.041293 -0.025293
v -0.013358 -0.041229 -0.024564
v -0.012638 -0.041154 -0.023705
v -0.01207 -0.041069 -0.02274
v -0.011669 -0.040978 -0.021695
v -0.011446 -0.040882 -0.020598
v -0.011408 -0.040784 -0.01948
v -0.011555 -0.040687 -0.018371
v -0.011883 -0.040594 -0.017301
v -0.012383 -0.040506 -0.016299
v -0.013042 -0.040427 -0.015393
v -0.013842 -0.040358 -0.014608
v -0.014761 -0.040302 -0.013964
v -0.015773 -0.040259 -0.01348
v -0.016852 -0.040232 -0.013168
v -0.017967 -0.040221 -0.013038
v -0.019089 -0.040225 -0.013092
v -0.020186 -0.040246 -0.013329
v -0.020715 -0.040288 -0.013515
v -0.020185 -0.040272 -0.01333
v -0.019642 -0.04026 -0.013189
v -0.019088 -0.040251 -0.013093
v -0.019087 -0.040276 -0.013101
v -0.018528 -0.040272 -0.01305
v -0.018528 -0.040294 -0.013064
v -0.017968 -0.040294 -0.013061
v -0.017969 -0.040311 -0.01308
v -0.017412 -0.040315 -0.013122
v -0.017415 -0.040327 -0.013145
v -0.016866 -0.040335 -0.013232
v -0.016754 -0.040342 -0.013282
v -0.016326 -0.040346 -0.013364
v -0.015669 -0.040372 -0.013619
v -0.015799 -0.040361 -0.01354
v -0.015289 -0.040381 -0.013759
v -0.015791 -0.04035 -0.013519
v -0.015278 -0.040369 -0.013738
v -0.015783 -0.040332 -0.013501
v -0.015269 -0.040351 -0.013721
v -0.015778 -0.04031 -0.013488
v -0.015263 -0.040329 -0.013709
v -0.015774 -0.040285 -0.013481
v -0.015258 -0.040305 -0.013702
v -0.014762 -0.040328 -0.013965
v -0.01429 -0.040354 -0.014267
v -0.013844 -0.040384 -0.014608
v -0.013851 -0.040409 -0.014614
v -0.013435 -0.040441 -0.014989
v -0.013446 -0.040463 -0.014999
v -0.013064 -0.040499 -0.015406
v -0.01308 -0.040516 -0.015418
v -0.012734 -0.040554 -0.015854
v -0.012754 -0.040565 -0.015867
v -0.012447 -0.040605 -0.016329
v -0.012334 -0.04063 -0.016574
v -0.012179 -0.040648 -0.016814
v -0.011952 -0.040692 -0.01732
v -0.012157 -0.040637 -0.016804
v -0.011929 -0.040681 -0.017312
v -0.012138 -0.04062 -0.016796
v -0.01191 -0.040665 -0.017305
v -0.012124 -0.040599 -0.016791
v -0.011895 -0.040644 -0.017301
v -0.012115 -0.040575 -0.016789
v -0.011886 -0.040619 -0.0173
v -0.0117 -0.040666 -0.017828
v -0.011558 -0.040713 -0.018369
v -0.011462 -0.040761 -0.01892
v -0.011472 -0.040785 -0.01892
v -0.011421 -0.040834 -0.019476
v -0.011437 -0.040855 -0.019475
v -0.011433 -0.040904 -0.020033
v -0.011454 -0.040919 -0.020031
v -0.011496 -0.040968 -0.020585
v -0.01152 -0.040977 -0.020581
v -0.011608 -0.041025 -0.021128
v -0.011602 -0.041014 -0.020961
v -0.01174 -0.041072 -0.021666
v -0.011894 -0.04111 -0.022055
v -0.011917 -0.041118 -0.022191
v -0.012137 -0.041163 -0.022699
v -0.011895 -0.041109 -0.0222
v -0.012115 -0.041154 -0.022711
v -0.011875 -0.041094 -0.022209
v -0.012096 -0.041139 -0.022721
v -0.01186 -0.041074 -0.022216
v -0.012082 -0.041119 -0.02273
v -0.011851 -0.04105 -0.022222
v -0.012073 -0.041095 -0.022736
v -0.012337 -0.041138 -0.02323
v -0.012641 -0.041179 -0.023701
v -0.012983 -0.041218 -0.024145
v -0.01299 -0.041242 -0.024136
v -0.013367 -0.041278 -0.02455
v -0.013379 -0.041298 -0.024537
v -0.013788 -0.041331 -0.024918
v -0.013801 -0.041345 -0.024901
v -0.014239 -0.041375 -0.025245
v -0.014253 -0.041384 -0.025225
v -0.014716 -0.041411 -0.025531
v -0.014717 -0.041411 -0.025501
v -0.015203 -0.041434 -0.025798
v -0.015734 -0.041455 -0.026005
v -0.015711 -0.041454 -0.026024
v -0.016235 -0.04147 -0.026207
v -0.015702 -0.041446 -0.026047
v -0.016228 -0.041462 -0.026231
v -0.015694 -0.041432 -0.026068
v -0.016222 -0.041448 -0.026252
v -0.015688 -0.041412 -0.026084
v -0.016218 -0.041428 -0.026269
v -0.015685 -0.041389 -0.026095
v -0.016215 -0.041405 -0.026281
v -0.016758 -0.041418 -0.026422
v -0.017312 -0.041426 -0.026518
v -0.017871 -0.04143 -0.026568
v -0.017872 -0.041453 -0.026556
v -0.018433 -0.041454 -0.02656
v -0.018432 -0.041473 -0.026543
v -0.01899 -0.041469 -0.0265
v -0.018988 -0.041483 -0.026479
v -0.019538 -0.041476 -0.026391
v -0.019534 -0.041484 -0.026366
v -0.020074 -0.041472 -0.026234
v -0.020195 -0.04147 -0.026171
v -0.020601 -0.041457 -0.026058
v -0.021248 -0.041433 -0.025743
v -0.021111 -0.041438 -0.025839
v -0.021602 -0.041415 -0.025579
v -0.021122 -0.041429 -0.025862
v -0.021614 -0.041407 -0.025601
v -0.021131 -0.041415 -0.025882
v -0.021625 -0.041392 -0.02562
v -0.021137 -0.041396 -0.025898
v -0.021633 -0.041373 -0.025636
v -0.021142 -0.041373 -0.025909
v -0.021638 -0.04135 -0.025646
v -0.02211 -0.041323 -0.025343
v -0.022556 -0.041293 -0.025003
v -0.022972 -0.04126 -0.024627
v -0.022965 -0.041284 -0.024618
v -0.023348 -0.041248 -0.024209
v -0.023336 -0.041268 -0.024197
v -0.023682 -0.04123 -0.02376
v -0.023666 -0.041244 -0.023746
v -0.023974 -0.041204 -0.023283
v -0.023953 -0.041213 -0.02327
v -0.024221 -0.04117 -0.022784
v -0.02432 -0.04115 -0.022516
v -0.024448 -0.041126 -0.022279
v -0.024633 -0.04108 -0.021756
v -0.024471 -0.041117 -0.022289
v -0.024656 -0.041071 -0.021764
v -0.02449 -0.041102 -0.022298
v -0.024675 -0.041056 -0.021772
v -0.024505 -0.041082 -0.022305
v -0.024691 -0.041035 -0.021778
v -0.024514 -0.041058 -0.022311
v -0.0247 -0.041012 -0.021783
v -0.024842 -0.040964 -0.021242
v -0.024938 -0.040916 -0.02069
v -0.024989 -0.040867 -0.020133
v -0.024979 -0.040891 -0.02013
v -0.024983 -0.040842 -0.019572
v -0.024967 -0.040863 -0.01957
v -0.024924 -0.040814 -0.019015
v -0.024904 -0.04083 -0.019016
v -0.024816 -0.040782 -0.018467
v -0.024792 -0.040793 -0.018471
v -0.02466 -0.040746 -0.017933
v -0.024675 -0.040762 -0.018083
v -0.024483 -0.0407 -0.017408
v -0.024291 -0.040669 -0.017018
v -0.024263 -0.040655 -0.016899
v -0.024002 -0.040613 -0.01641
v -0.024285 -0.040644 -0.01689
v -0.024023 -0.040602 -0.016399
v -0.024304 -0.040628 -0.016882
v -0.024041 -0.040585 -0.01639
v -0.024318 -0.040607 -0.016877
v -0.024054 -0.040563 -0.016384
v -0.024327 -0.040582 -0.016875
v -0.024063 -0.040539 -0.016381
v -0.023759 -0.040498 -0.01591
v -0.023417 -0.040459 -0.015466
v -0.02304 -0.040423 -0.015052
v -0.023033 -0.040447 -0.015057
v -0.022623 -0.040414 -0.014675
v -0.022612 -0.040436 -0.014685
v -0.022173 -0.040405 -0.01434
v -0.022161 -0.040423 -0.014355
v -0.021696 -0.040396 -0.014048
v -0.021684 -0.040408 -0.014068
v -0.021197 -0.040384 -0.013801
v -0.021185 -0.04039 -0.013824
v -0.020689 -0.040365 -0.013575
v -0.020128 -0.040353 -0.013407
v -0.020165 -0.040348 -0.013391
v -0.019627 -0.040336 -0.013251
v -0.020172 -0.040336 -0.013369
v -0.019632 -0.040324 -0.013229
v -0.020178 -0.040319 -0.013351
v -0.019636 -0.040307 -0.01321
v -0.020182 -0.040297 -0.013337
v -0.01964 -0.040285 -0.013196
v -0.018529 -0.040247 -0.013043
v -0.017967 -0.040272 -0.013047
v -0.01741 -0.040297 -0.013103
v -0.016862 -0.040323 -0.013209
v -0.017407 -0.04025 -0.013081
v -0.016852 -0.040258 -0.013169
v -0.016307 -0.04027 -0.013303
v -0.01631 -0.040295 -0.01331
v -0.016314 -0.040317 -0.013324
v -0.016854 -0.040283 -0.013177
v -0.016857 -0.040305 -0.013191
v -0.017408 -0.040275 -0.013089
v -0.017967 -0.040247 -0.013039
v -0.013428 -0.040417 -0.014984
v -0.013052 -0.040477 -0.015397
v -0.012718 -0.040537 -0.015843
v -0.012426 -0.040594 -0.016317
v -0.012697 -0.040491 -0.015832
v -0.012386 -0.040532 -0.016299
v -0.011709 -0.04069 -0.017828
v -0.011568 -0.040737 -0.018369
v -0.011583 -0.040758 -0.018371
v -0.011487 -0.040806 -0.01892
v -0.011508 -0.040822 -0.018921
v -0.011458 -0.040871 -0.019475
v -0.011482 -0.040881 -0.019475
v -0.011478 -0.040929 -0.020029
v -0.0115 -0.040916 -0.019834
v -0.011411 -0.04081 -0.019478
v -0.011417 -0.040883 -0.020035
v -0.011476 -0.040952 -0.020589
v -0.011584 -0.041016 -0.021134
v -0.011407 -0.040859 -0.020037
v -0.01146 -0.040932 -0.020592
v -0.011564 -0.041 -0.021139
v -0.011717 -0.041063 -0.021673
v -0.011538 -0.040956 -0.021148
v -0.011672 -0.041004 -0.021691
v -0.012346 -0.041162 -0.023223
v -0.012649 -0.041203 -0.023693
v -0.012662 -0.041223 -0.023682
v -0.013003 -0.041261 -0.024124
v -0.013018 -0.041276 -0.02411
v -0.013393 -0.041312 -0.024521
v -0.013411 -0.041321 -0.024503
v -0.013817 -0.041354 -0.024881
v -0.0138 -0.041353 -0.024832
v -0.01336 -0.041255 -0.024559
v -0.013777 -0.041311 -0.024931
v -0.014227 -0.041361 -0.025263
v -0.014704 -0.041402 -0.025552
v -0.013771 -0.041288 -0.024941
v -0.014218 -0.041342 -0.025278
v -0.014693 -0.041388 -0.025571
v -0.015193 -0.041426 -0.02582
v -0.01468 -0.041345 -0.025597
v -0.015172 -0.041369 -0.025867
v -0.01676 -0.041441 -0.02641
v -0.017313 -0.041449 -0.026506
v -0.017315 -0.041468 -0.026489
v -0.017872 -0.041473 -0.026539
v -0.017873 -0.041487 -0.026517
v -0.018431 -0.041487 -0.02652
v -0.01843 -0.041495 -0.026496
v -0.018985 -0.041491 -0.026454
v -0.019086 -0.041491 -0.026415
v -0.018433 -0.041431 -0.026572
v -0.018992 -0.04145 -0.026518
v -0.019543 -0.041462 -0.026413
v -0.02008 -0.041464 -0.026258
v -0.018993 -0.041427 -0.02653
v -0.019546 -0.041442 -0.02643
v -0.020086 -0.04145 -0.026279
v -0.020609 -0.041449 -0.026082
v -0.020093 -0.041408 -0.026308
v -0.020626 -0.041392 -0.02613
v -0.022104 -0.041346 -0.025333
v -0.022549 -0.041317 -0.024993
v -0.022539 -0.041336 -0.024979
v -0.022954 -0.041304 -0.024604
v -0.022939 -0.041318 -0.024588
v -0.02332 -0.041283 -0.024182
v -0.023302 -0.041291 -0.024166
v -0.023646 -0.041253 -0.023731
v -0.023771 -0.041237 -0.023508
v -0.023355 -0.041225 -0.024218
v -0.023695 -0.04121 -0.023771
v -0.023992 -0.041189 -0.023295
v -0.024243 -0.041161 -0.022796
v -0.023703 -0.041186 -0.023779
v -0.024005 -0.041169 -0.023305
v -0.024262 -0.041146 -0.022807
v -0.024285 -0.041103 -0.022822
v -0.024276 -0.041126 -0.022815
v -0.024014 -0.041145 -0.023312
v -0.024993 -0.040818 -0.019573
v -0.02494 -0.040794 -0.019014
v -0.024836 -0.040766 -0.018464
v -0.024683 -0.040735 -0.017927
v -0.024862 -0.040721 -0.018463
v -0.024728 -0.040674 -0.017919
v -0.024549 -0.040627 -0.017389
v -0.02454 -0.040652 -0.01739
v -0.024525 -0.040673 -0.017394
v -0.024718 -0.040698 -0.01792
v -0.024703 -0.040719 -0.017923
v -0.024852 -0.040745 -0.018463
v -0.02495 -0.04077 -0.019015
v -0.022629 -0.040389 -0.01467
v -0.022182 -0.040384 -0.014329
v -0.021707 -0.040379 -0.014032
v -0.021207 -0.040372 -0.01378
v -0.02172 -0.040332 -0.014014
v -0.021228 -0.040308 -0.013744
v -0.020712 -0.040313 -0.013523
v -0.021224 -0.040333 -0.013751
v -0.020706 -0.040335 -0.013535
v -0.021217 -0.040355 -0.013763
v -0.020698 -0.040353 -0.013553
v -0.021715 -0.040357 -0.01402
v -0.022156 -0.040441 -0.014412
v -0.022147 -0.040434 -0.014374
v -0.022583 -0.040464 -0.014717
v -0.022599 -0.040453 -0.0147
v -0.023007 -0.040486 -0.015079
v -0.023021 -0.040469 -0.015066
v -0.023397 -0.040505 -0.015479
v -0.02341 -0.040484 -0.01547
v -0.023751 -0.040522 -0.015914
v -0.023013 -0.040506 -0.015156
v -0.022989 -0.040498 -0.015095
v -0.023382 -0.040522 -0.015491
v -0.023738 -0.040544 -0.015921
v -0.023363 -0.040533 -0.015505
v -0.023721 -0.040561 -0.015932
v -0.023731 -0.040583 -0.016033
v -0.024873 -0.04086 -0.019198
v -0.02488 -0.040841 -0.019017
v -0.024922 -0.040889 -0.01957
v -0.024946 -0.040879 -0.01957
v -0.024942 -0.040928 -0.020125
v -0.024963 -0.040912 -0.020128
v -0.024913 -0.04096 -0.020683
v -0.024928 -0.04094 -0.020687
v -0.024832 -0.040988 -0.021237
v -0.024879 -0.040959 -0.02033
v -0.024918 -0.040937 -0.020123
v -0.024892 -0.040976 -0.020679
v -0.024817 -0.041008 -0.021232
v -0.024868 -0.040986 -0.020675
v -0.024796 -0.041024 -0.021227
v -0.024693 -0.041057 -0.021447
v -0.023061 -0.041314 -0.024392
v -0.022922 -0.041327 -0.02457
v -0.022511 -0.041359 -0.024943
v -0.022526 -0.041351 -0.024962
v -0.022083 -0.04138 -0.0253
v -0.022095 -0.041366 -0.025318
v -0.022212 -0.04138 -0.025144
v -0.022069 -0.041389 -0.02528
v -0.017951 -0.041496 -0.026469
v -0.017875 -0.041495 -0.026492
v -0.017321 -0.04149 -0.026442
v -0.017318 -0.041482 -0.026467
v -0.016768 -0.041474 -0.026371
v -0.016764 -0.04146 -0.026393
v -0.016823 -0.041484 -0.026331
v -0.016773 -0.041482 -0.026347
v -0.013009 -0.041282 -0.024019
v -0.013037 -0.041285 -0.024093
v -0.012699 -0.041246 -0.023654
v -0.012679 -0.041238 -0.023669
v -0.012377 -0.041197 -0.023201
v -0.012359 -0.041182 -0.023213
v -0.012368 -0.0412 -0.023084
v -0.012398 -0.041206 -0.023188
v -0.011591 -0.040817 -0.018705
v -0.011532 -0.040832 -0.018924
v -0.011627 -0.040785 -0.018378
v -0.011604 -0.040774 -0.018374
v -0.011744 -0.040727 -0.017836
v -0.011725 -0.040711 -0.017831
v -0.011871 -0.040721 -0.017608
v -0.011767 -0.040738 -0.017842
v -0.012965 -0.040548 -0.015633
v -0.013098 -0.040527 -0.015433
v -0.013478 -0.040492 -0.015028
v -0.013461 -0.04048 -0.015012
v -0.013874 -0.040448 -0.014638
v -0.013861 -0.04043 -0.014624
v -0.014305 -0.040401 -0.014285
v -0.014296 -0.040379 -0.014273
v -0.014767 -0.040352 -0.013971
v -0.013747 -0.040476 -0.014812
v -0.013889 -0.040459 -0.014656
v -0.014317 -0.040418 -0.0143
v -0.014775 -0.040374 -0.013983
v -0.014331 -0.04043 -0.014319
v -0.014786 -0.040392 -0.013999
v -0.014657 -0.040417 -0.014134
v -0.017881 -0.040329 -0.013132
v -0.01797 -0.040323 -0.013103
v -0.018525 -0.040324 -0.013107
v -0.018527 -0.040312 -0.013084
v -0.019082 -0.040316 -0.013133
v -0.019085 -0.040298 -0.013114
v -0.019016 -0.040333 -0.013174
v -0.019079 -0.040328 -0.013156
v -0.015176 -0.041392 -0.025856
v -0.015183 -0.041412 -0.02584
v -0.014685 -0.041369 -0.025587
v -0.014212 -0.041318 -0.025288
v -0.019548 -0.041419 -0.026442
v -0.02009 -0.041431 -0.026297
v -0.020622 -0.041415 -0.026119
v -0.020617 -0.041435 -0.026102
v -0.024773 -0.041033 -0.021221
v -0.023701 -0.040572 -0.015945
v -0.022188 -0.040359 -0.014323
v -0.014798 -0.040403 -0.014019
v -0.013045 -0.040453 -0.015393
v -0.012705 -0.040516 -0.015836
v -0.012395 -0.040556 -0.016302
v -0.012408 -0.040578 -0.016308
v -0.01145 -0.040908 -0.020595
v -0.011548 -0.04098 -0.021144
v -0.011682 -0.041027 -0.021687
v -0.011697 -0.041048 -0.02168
v -0.01632 -0.040334 -0.013342
v -0.024505 -0.040689 -0.0174
v -0.021086 -0.043148 -0.014408
v -0.021558 -0.043173 -0.0147
v -0.022 -0.043203 -0.015034
v -0.022409 -0.043235 -0.015409
v -0.022427 -0.043224 -0.015393
v -0.0228 -0.04326 -0.015805
v -0.022816 -0.043243 -0.015794
v -0.023151 -0.043282 -0.016241
v -0.023164 -0.043261 -0.016234
v -0.023455 -0.043302 -0.016712
v -0.023464 -0.043278 -0.016709
v -0.02371 -0.043322 -0.017213
v -0.023747 -0.043303 -0.017295
v -0.023907 -0.043368 -0.017737
v -0.024066 -0.043393 -0.018318
v -0.024055 -0.043415 -0.018277
v -0.02415 -0.043464 -0.018829
v -0.024045 -0.043439 -0.018277
v -0.02414 -0.043488 -0.018828
v -0.024029 -0.04346 -0.018279
v -0.024125 -0.043508 -0.018828
v -0.024009 -0.043477 -0.018282
v -0.024104 -0.043525 -0.01883
v -0.023985 -0.043487 -0.018286
v -0.02408 -0.043535 -0.018832
v -0.024123 -0.043583 -0.019384
v -0.024114 -0.043631 -0.019937
v -0.024053 -0.04368 -0.020487
v -0.024077 -0.04367 -0.020492
v -0.023964 -0.043718 -0.021036
v -0.023984 -0.043702 -0.021042
v -0.02382 -0.043749 -0.021575
v -0.023835 -0.043729 -0.021582
v -0.023621 -0.043774 -0.022099
v -0.02363 -0.04375 -0.022106
v -0.023368 -0.043794 -0.022601
v -0.023446 -0.043756 -0.022473
v -0.02306 -0.043835 -0.02307
v -0.022842 -0.043834 -0.023359
v -0.02271 -0.043873 -0.023508
v -0.02232 -0.043908 -0.023911
v -0.022702 -0.043896 -0.023499
v -0.022313 -0.043932 -0.023902
v -0.02269 -0.043916 -0.023487
v -0.022302 -0.043951 -0.023888
v -0.022675 -0.043931 -0.023472
v -0.022288 -0.043966 -0.023872
v -0.022656 -0.043939 -0.023455
v -0.022271 -0.043974 -0.023854
v -0.02185 -0.044006 -0.024215
v -0.021397 -0.044034 -0.024535
v -0.020915 -0.044058 -0.024811
v -0.020927 -0.04405 -0.024833
v -0.020419 -0.04407 -0.025064
v -0.020427 -0.044056 -0.025085
v -0.019899 -0.044072 -0.025268
v -0.019903 -0.044053 -0.025285
v -0.019358 -0.044064 -0.025419
v -0.01936 -0.044041 -0.025431
v -0.018804 -0.044048 -0.025513
v -0.019195 -0.044018 -0.025467
v -0.018122 -0.044025 -0.025549
v -0.019906 -0.044029 -0.025297
v -0.020235 -0.043995 -0.025195
v -0.020437 -0.044013 -0.025113
v -0.020433 -0.044037 -0.025101
v -0.020943 -0.044016 -0.024869
v -0.020936 -0.044036 -0.024853
v -0.021421 -0.044011 -0.024574
v -0.02141 -0.044025 -0.024556
v -0.021865 -0.043997 -0.024234
v -0.022782 -0.043271 -0.01582
v -0.023133 -0.043299 -0.016251
v -0.023441 -0.043324 -0.016717
v -0.023701 -0.043346 -0.017214
v -0.023402 -0.043351 -0.016737
v -0.023645 -0.043395 -0.017234
v -0.02384 -0.04344 -0.017752
v -0.023863 -0.04343 -0.017746
v -0.023883 -0.043413 -0.017741
v -0.023667 -0.043384 -0.017226
v -0.023686 -0.043368 -0.017219
v -0.023423 -0.04334 -0.016726
v -0.023113 -0.04331 -0.016264
v -0.023941 -0.043727 -0.021029
v -0.0238 -0.043764 -0.021567
v -0.023606 -0.043794 -0.022091
v -0.023359 -0.043817 -0.022594
v -0.023566 -0.043818 -0.022069
v -0.023307 -0.043861 -0.022559
v -0.023003 -0.043901 -0.023022
v -0.023022 -0.043893 -0.023037
v -0.023039 -0.043878 -0.023051
v -0.023327 -0.043852 -0.022572
v -0.023345 -0.043837 -0.022584
v -0.023588 -0.043809 -0.022081
v -0.023778 -0.043773 -0.021558
v -0.02041 -0.044078 -0.025041
v -0.019893 -0.044086 -0.025247
v -0.019355 -0.044084 -0.025402
v -0.018803 -0.044072 -0.025501
v -0.018243 -0.044051 -0.025544
v -0.017681 -0.044049 -0.025521
v -0.017052 -0.044016 -0.025439
v -0.017124 -0.044043 -0.025447
v -0.016576 -0.044031 -0.025321
v -0.017126 -0.044066 -0.025435
v -0.016579 -0.044055 -0.025309
v -0.017129 -0.044085 -0.025418
v -0.016583 -0.044074 -0.025292
v -0.017132 -0.044099 -0.025396
v -0.016589 -0.044088 -0.025271
v -0.017137 -0.044107 -0.025371
v -0.016595 -0.044096 -0.025247
v -0.016068 -0.044081 -0.025072
v -0.01556 -0.044061 -0.024849
v -0.015075 -0.044038 -0.024579
v -0.015062 -0.044029 -0.024601
v -0.014602 -0.044002 -0.024286
v -0.01459 -0.043988 -0.024304
v -0.01416 -0.043956 -0.023946
v -0.01415 -0.043937 -0.02396
v -0.013755 -0.043902 -0.023562
v -0.013747 -0.043878 -0.023571
v -0.013391 -0.043841 -0.023138
v -0.013461 -0.043823 -0.023238
v -0.013076 -0.0438 -0.022674
v -0.01288 -0.043744 -0.022336
v -0.012807 -0.043757 -0.022182
v -0.012585 -0.043712 -0.021668
v -0.012816 -0.043781 -0.022176
v -0.012595 -0.043736 -0.021662
v -0.01283 -0.043801 -0.022167
v -0.012609 -0.043756 -0.021655
v -0.012849 -0.043816 -0.022157
v -0.012629 -0.043771 -0.021646
v -0.012871 -0.043825 -0.022145
v -0.012651 -0.04378 -0.021637
v -0.012481 -0.043734 -0.02111
v -0.012361 -0.043687 -0.02057
v -0.012292 -0.043639 -0.020021
v -0.012268 -0.043629 -0.020023
v -0.012251 -0.04358 -0.019468
v -0.01223 -0.043565 -0.019469
v -0.012265 -0.043516 -0.018913
v -0.01225 -0.043495 -0.018913
v -0.012337 -0.043447 -0.018361
v -0.012328 -0.043423 -0.018361
v -0.012467 -0.043375 -0.017818
v -0.012368 -0.04338 -0.018167
v -0.012714 -0.043291 -0.017152
v -0.01224 -0.043471 -0.018914
v -0.01221 -0.043472 -0.019227
v -0.012204 -0.04352 -0.019473
v -0.012214 -0.043544 -0.019471
v -0.012231 -0.043593 -0.020029
v -0.012247 -0.043613 -0.020026
v -0.012317 -0.043662 -0.02058
v -0.012337 -0.043677 -0.020575
v -0.012458 -0.043725 -0.021117
v -0.019886 -0.044094 -0.025223
v -0.019351 -0.044098 -0.02538
v -0.018801 -0.044091 -0.025484
v -0.018243 -0.044074 -0.025532
v -0.018797 -0.044113 -0.025437
v -0.018242 -0.044115 -0.025467
v -0.017687 -0.044113 -0.025445
v -0.017685 -0.044105 -0.02547
v -0.017683 -0.044091 -0.025492
v -0.018242 -0.044107 -0.025492
v -0.018243 -0.044093 -0.025514
v -0.018799 -0.044105 -0.025462
v -0.019346 -0.044106 -0.025356
v -0.014617 -0.04401 -0.024266
v -0.014174 -0.043971 -0.02393
v -0.013766 -0.043922 -0.02355
v -0.013399 -0.043864 -0.02313
v -0.0138 -0.043945 -0.023518
v -0.013447 -0.043907 -0.02309
v -0.013137 -0.043867 -0.022631
v -0.013116 -0.043858 -0.022645
v -0.013098 -0.043843 -0.022657
v -0.013428 -0.043899 -0.023105
v -0.013411 -0.043884 -0.023119
v -0.013782 -0.043936 -0.023535
v -0.014191 -0.043979 -0.023911
v -0.012275 -0.04359 -0.019468
v -0.012286 -0.043532 -0.018914
v -0.012353 -0.043468 -0.018362
v -0.012477 -0.043399 -0.017819
v -0.012657 -0.043329 -0.017291
v -0.012896 -0.043285 -0.016784
v -0.013236 -0.043209 -0.016215
v -0.013181 -0.043242 -0.016301
v -0.01351 -0.043203 -0.015848
v -0.013189 -0.043267 -0.016305
v -0.013518 -0.043227 -0.015852
v -0.013202 -0.043288 -0.016312
v -0.01353 -0.043249 -0.01586
v -0.01322 -0.043305 -0.016321
v -0.013547 -0.043266 -0.015871
v -0.01324 -0.043316 -0.016334
v -0.013565 -0.043277 -0.015885
v -0.013932 -0.043241 -0.015469
v -0.014335 -0.043207 -0.015089
v -0.014773 -0.043177 -0.014748
v -0.014759 -0.043166 -0.014729
v -0.015229 -0.04314 -0.01443
v -0.015218 -0.043122 -0.014413
v -0.015716 -0.0431 -0.014158
v -0.015709 -0.043078 -0.014145
v -0.01623 -0.04306 -0.013936
v -0.016227 -0.043035 -0.013929
v -0.016765 -0.043021 -0.01377
v -0.016679 -0.042997 -0.01379
v -0.017317 -0.043011 -0.013661
v -0.01774 -0.042981 -0.013613
v -0.017876 -0.043006 -0.013605
v -0.018438 -0.043006 -0.013601
v -0.017877 -0.043031 -0.013613
v -0.018438 -0.043031 -0.013609
v -0.017878 -0.043053 -0.013627
v -0.018437 -0.043053 -0.013623
v -0.017879 -0.043071 -0.013646
v -0.018437 -0.043071 -0.013642
v -0.01788 -0.043083 -0.013669
v -0.018436 -0.043083 -0.013665
v -0.018989 -0.043087 -0.013713
v -0.019536 -0.043096 -0.013812
v -0.02007 -0.043109 -0.013962
v -0.020078 -0.043097 -0.01394
v -0.020598 -0.043114 -0.01414
v -0.020607 -0.043097 -0.014123
v -0.021108 -0.043119 -0.014371
v -0.021116 -0.043097 -0.014359
v -0.021592 -0.043122 -0.014654
v -0.021598 -0.043098 -0.014648
v -0.022046 -0.043127 -0.014987
v -0.021789 -0.043084 -0.014783
v -0.02259 -0.043146 -0.015498
v -0.02112 -0.043072 -0.014353
v -0.020873 -0.043034 -0.014221
v -0.020617 -0.04305 -0.014103
v -0.020613 -0.043075 -0.01411
v -0.020089 -0.043057 -0.013909
v -0.020084 -0.043079 -0.013922
v -0.019546 -0.043066 -0.013771
v -0.019541 -0.043084 -0.01379
v -0.018992 -0.043075 -0.01369
v -0.01231 -0.043542 -0.018915
v -0.012373 -0.043484 -0.018365
v -0.012492 -0.04342 -0.017822
v -0.012666 -0.043353 -0.017293
v -0.012535 -0.043447 -0.017833
v -0.012722 -0.043402 -0.017312
v -0.012958 -0.043358 -0.016811
v -0.012937 -0.043347 -0.0168
v -0.012918 -0.04333 -0.016792
v -0.0127 -0.043391 -0.017303
v -0.012681 -0.043374 -0.017297
v -0.012512 -0.043437 -0.017826
v -0.012397 -0.043494 -0.018369
v -0.015241 -0.043151 -0.014449
v -0.015724 -0.043117 -0.014175
v -0.016235 -0.043082 -0.01395
v -0.016768 -0.043046 -0.013777
v -0.01625 -0.043111 -0.013989
v -0.016782 -0.043097 -0.013832
v -0.017327 -0.043088 -0.013725
v -0.017324 -0.043076 -0.013702
v -0.017321 -0.043058 -0.013683
v -0.016777 -0.043085 -0.01381
v -0.016772 -0.043068 -0.013791
v -0.016242 -0.043099 -0.013968
v -0.015734 -0.043129 -0.014196
v -0.020589 -0.043126 -0.014161
v -0.021098 -0.043136 -0.014388
v -0.021583 -0.043144 -0.014665
v -0.022039 -0.043152 -0.014992
v -0.02246 -0.043161 -0.015365
v -0.022836 -0.043197 -0.015781
v -0.02325 -0.04322 -0.016345
v -0.023172 -0.043236 -0.01623
v -0.019871 -0.043 -0.013832
v -0.020093 -0.043032 -0.013902
v -0.019549 -0.043044 -0.013758
v -0.018995 -0.043057 -0.013671
v -0.019551 -0.043019 -0.01375
v -0.018997 -0.043035 -0.013657
v -0.018815 -0.042982 -0.013627
v -0.015667 -0.043029 -0.014154
v -0.015705 -0.043053 -0.014138
v -0.015205 -0.043076 -0.014395
v -0.01521 -0.0431 -0.014401
v -0.014738 -0.043127 -0.014703
v -0.014747 -0.043148 -0.014714
v -0.014306 -0.043179 -0.015057
v -0.014319 -0.043196 -0.015072
v -0.013914 -0.043229 -0.015453
v -0.014737 -0.043076 -0.014692
v -0.014732 -0.043102 -0.014697
v -0.014296 -0.043157 -0.015047
v -0.013899 -0.043212 -0.01544
v -0.014289 -0.043132 -0.015042
v -0.013888 -0.04319 -0.015431
v -0.013917 -0.043136 -0.015386
v -0.012221 -0.043569 -0.020032
v -0.012301 -0.043641 -0.020584
v -0.012438 -0.043709 -0.021124
v -0.01247 -0.043658 -0.021346
v -0.012291 -0.043617 -0.020588
v -0.012244 -0.043566 -0.020298
v -0.012413 -0.043665 -0.021135
v -0.014194 -0.043892 -0.024022
v -0.014143 -0.043913 -0.023969
v -0.014574 -0.043945 -0.024328
v -0.01458 -0.043968 -0.024318
v -0.015043 -0.043996 -0.024635
v -0.015051 -0.044015 -0.02462
v -0.01554 -0.044039 -0.024891
v -0.015549 -0.044053 -0.024871
v -0.01606 -0.044073 -0.025095
v -0.015056 -0.043948 -0.024663
v -0.015037 -0.043972 -0.024645
v -0.015533 -0.04402 -0.024907
v -0.016052 -0.044059 -0.025116
v -0.015528 -0.043996 -0.024918
v -0.016046 -0.044039 -0.025133
v -0.016019 -0.04399 -0.025141
v -0.020948 -0.043993 -0.02488
v -0.02143 -0.043992 -0.02459
v -0.021878 -0.043983 -0.024252
v -0.022089 -0.043901 -0.024124
v -0.021435 -0.043968 -0.0246
v -0.02121 -0.043955 -0.024743
v -0.021894 -0.04394 -0.024276
v -0.023882 -0.043671 -0.021493
v -0.023844 -0.043705 -0.021588
v -0.024009 -0.043658 -0.021052
v -0.023999 -0.043682 -0.021048
v -0.024113 -0.043634 -0.0205
v -0.024097 -0.043654 -0.020496
v -0.024159 -0.043606 -0.019942
v -0.024138 -0.043622 -0.019939
v -0.024147 -0.043573 -0.019384
v -0.024135 -0.043579 -0.020451
v -0.024123 -0.04361 -0.020504
v -0.024175 -0.043585 -0.019945
v -0.024168 -0.043557 -0.019384
v -0.024185 -0.043561 -0.019947
v -0.024184 -0.043536 -0.019386
v -0.024197 -0.043486 -0.019382
v -0.021887 -0.043963 -0.024266
v -0.024194 -0.043512 -0.019388
v -0.021572 -0.043162 -0.014681
v -0.022029 -0.043174 -0.015002
v -0.022453 -0.043185 -0.01537
v -0.018998 -0.04301 -0.01365
v -0.013881 -0.043166 -0.015426
v -0.012422 -0.043689 -0.02113
v -0.022016 -0.043191 -0.015017
v -0.022441 -0.043207 -0.01538
v -0.022828 -0.043221 -0.015786
v -0.023898 -0.043392 -0.017738
v -0.023052 -0.043858 -0.023062
v -0.017682 -0.044072 -0.025509
v -0.016043 -0.044016 -0.025144
v -0.013085 -0.043823 -0.022667
v -0.012904 -0.043309 -0.016786
v -0.017318 -0.043036 -0.013669
v -0.019871 -0.04041 -0.014058
v -0.020873 -0.040444 -0.014448
v -0.018815 -0.040392 -0.013853
v -0.01774 -0.040391 -0.013839
v -0.016679 -0.040407 -0.014017
v -0.015667 -0.040438 -0.014381
v -0.014737 -0.040485 -0.014918
v -0.013917 -0.040546 -0.015613
v -0.013236 -0.040619 -0.016442
v -0.012714 -0.040701 -0.017379
v -0.012368 -0.04079 -0.018393
v -0.01221 -0.040882 -0.019453
v -0.012244 -0.040976 -0.020524
v -0.01247 -0.041068 -0.021572
v -0.01288 -0.041154 -0.022563
v -0.013461 -0.041233 -0.023465
v -0.014194 -0.041302 -0.024249
v -0.015056 -0.041358 -0.02489
v -0.016019 -0.0414 -0.025367
v -0.017052 -0.041426 -0.025666
v -0.018122 -0.041435 -0.025776
v -0.019195 -0.041428 -0.025693
v -0.020235 -0.041404 -0.025422
v -0.02121 -0.041365 -0.024969
v -0.022089 -0.041311 -0.024351
v -0.022842 -0.041244 -0.023586
v -0.023446 -0.041166 -0.022699
v -0.023882 -0.041081 -0.02172
v -0.024135 -0.040989 -0.020678
v -0.024197 -0.040896 -0.019608
v -0.024066 -0.040803 -0.018545
v -0.023747 -0.040713 -0.017521
v -0.02325 -0.04063 -0.016571
v -0.02259 -0.040556 -0.015725
v -0.021789 -0.040493 -0.015009
v -0.022 -0.04097 -0.029631
v 0.0058 -0.04097 -0.029631
v -0.022975 -0.040961 -0.029536
v -0.023913 -0.040936 -0.029252
v -0.024778 -0.040896 -0.028792
v -0.025536 -0.040842 -0.028173
v -0.026157 -0.040776 -0.027418
v -0.026619 -0.040701 -0.026557
v -0.026904 -0.040619 -0.025622
v -0.027 -0.040534 -0.02465
v -0.027 -0.039697 -0.015087
v -0.026904 -0.039612 -0.014115
v -0.026619 -0.03953 -0.013181
v -0.026157 -0.039455 -0.01232
v -0.025536 -0.039389 -0.011565
v -0.024778 -0.039335 -0.010945
v -0.023913 -0.039295 -0.010485
v -0.022975 -0.03927 -0.010202
v -0.022 -0.039261 -0.010106
v 0.0058 -0.039261 -0.010106
v 0.008725 -0.039465 -0.01243
v 0.008503 -0.039409 -0.011798
v 0.008145 -0.03936 -0.011231
v 0.00767 -0.039318 -0.010758
v 0.007102 -0.039287 -0.010402
v 0.006468 -0.039268 -0.010181
v 0.008725 -0.040766 -0.027308
v 0.008503 -0.040822 -0.02794
v 0.008145 -0.040871 -0.028506
v 0.00767 -0.040913 -0.028979
v 0.007102 -0.040944 -0.029335
v 0.006468 -0.040963 -0.029556
v 0.008763 -0.029542 -0.028091
v 0.008553 -0.029605 -0.02881
v 0.00817 -0.029661 -0.029455
v 0.007639 -0.029708 -0.029985
v 0.006991 -0.029741 -0.030366
v 0.006269 -0.029759 -0.030575
v 0.006269 -0.028057 -0.011123
v 0.006991 -0.028076 -0.011332
v 0.007639 -0.028109 -0.011714
v 0.00817 -0.028155 -0.012243
v 0.008553 -0.028212 -0.012888
v 0.008763 -0.028275 -0.013608
v -0.0145 0.0017 -0.005
v -0.016 0.0017 0.005
v -0.016 0.0017 -0.005
v -0.0145 0.0017 0.005
v -0.016 0.0017 0.0075
v -0.0215 0.0017 0.0075
v -0.0215 0.0017 -0.0075
v -0.016 0.0017 -0.0075
v -0.0215 0.0017 0.0098
v -0.027 0.0017 0.0098
v -0.027 0.0017 -0.0098
v -0.0215 0.0017 -0.0098
v -0.016 -0.0038 -0.005
v -0.0145 -0.0038 -0.005
v -0.016 -0.0038 -0.0075
v -0.0215 -0.0038 -0.0075
v -0.0215 -0.0038 -0.0098
v -0.027 0 -0.0098
v -0.027 0 0.0098
v -0.0215 -0.0038 0.0075
v -0.0215 -0.0038 0.0098
v -0.016 -0.0038 0.0075
v -0.016 -0.0038 0.005
v -0.0145 -0.0038 0.005
v -0.0145 -0.000115 0.038818
v -0.016 -0.000986 0.04878
v -0.016 -0.000115 0.038818
v -0.0145 -0.000986 0.04878
v -0.016 -0.001204 0.051271
v -0.0215 -0.001204 0.051271
v -0.0215 0.000103 0.036328
v -0.016 0.000103 0.036328
v -0.0215 -0.001405 0.053562
v -0.027 -0.001405 0.053562
v -0.027 0.000303 0.034036
v -0.0215 0.000303 0.034036
v -0.016 -0.005594 0.038339
v -0.0145 -0.005594 0.038339
v -0.016 -0.005376 0.035848
v -0.0215 -0.005376 0.035848
v -0.0215 -0.005176 0.033557
v -0.027 -0.00139 0.033888
v -0.027 -0.003098 0.053414
v -0.0215 -0.006683 0.050791
v -0.0215 -0.006884 0.053083
v -0.016 -0.006683 0.050791
v -0.016 -0.006465 0.048301
v -0.0145 -0.006465 0.048301
v -0.0145 -0.000986 -0.04878
v -0.016 -0.000115 -0.038818
v -0.016 -0.000986 -0.04878
v -0.0145 -0.000115 -0.038818
v -0.016 0.000103 -0.036328
v -0.0215 0.000103 -0.036328
v -0.0215 -0.001204 -0.051271
v -0.016 -0.001204 -0.051271
v -0.0215 0.000303 -0.034036
v -0.027 0.000303 -0.034036
v -0.027 -0.001405 -0.053562
v -0.0215 -0.001405 -0.053562
v -0.016 -0.006465 -0.048301
v -0.0145 -0.006465 -0.048301
v -0.016 -0.006683 -0.050791
v -0.0215 -0.006683 -0.050791
v -0.0215 -0.006884 -0.053083
v -0.027 -0.003098 -0.053414
v -0.027 -0.00139 -0.033888
v -0.0215 -0.005376 -0.035848
v -0.0215 -0.005176 -0.033557
v -0.016 -0.005376 -0.035848
v -0.016 -0.005594 -0.038339
v -0.0145 -0.005594 -0.038339
v 0.008704 -0.028738 0.035536
v 0.0088 -0.028823 0.036507
v 0.008419 -0.028656 0.034601
v 0.007957 -0.028581 0.03374
v 0.007336 -0.028515 0.032985
v 0.006578 -0.02846 0.032366
v 0.005713 -0.02842 0.031906
v 0.004775 -0.028395 0.031622
v -0.012025 -0.028395 0.031622
v -0.011087 -0.02842 0.031906
v -0.010222 -0.02846 0.032366
v -0.009464 -0.028515 0.032985
v -0.008843 -0.028581 0.03374
v -0.008381 -0.028656 0.034601
v -0.008096 -0.028738 0.035536
v -0.008 -0.028823 0.036507
v 0.0088 -0.029659 0.046071
v -0.008 -0.029659 0.046071
v 0.008704 -0.029744 0.047043
v 0.008419 -0.029826 0.047977
v -0.008096 -0.029744 0.047043
v -0.008381 -0.029826 0.047977
v -0.008843 -0.029902 0.048838
v -0.009464 -0.029968 0.049593
v -0.010222 -0.030022 0.050212
v -0.011087 -0.030062 0.050673
v -0.012025 -0.030087 0.050956
v 0.004775 -0.030087 0.050956
v 0.005713 -0.030062 0.050673
v 0.006578 -0.030022 0.050212
v 0.007336 -0.029968 0.049593
v 0.007957 -0.029902 0.048838
v -0.025302 -0.028712 0.031796
v -0.024668 -0.030387 0.050951
v -0.024668 -0.028692 0.031575
v -0.025302 -0.030368 0.05073
v -0.02587 -0.028743 0.032152
v -0.02587 -0.030337 0.050374
v -0.026345 -0.028784 0.032625
v -0.027 -0.028947 0.034489
v -0.026703 -0.028834 0.033192
v -0.026925 -0.028889 0.033824
v -0.026345 -0.030296 0.0499
v -0.027 -0.030133 0.048037
v -0.026703 -0.030246 0.049334
v -0.026925 -0.030191 0.048702
v -0.012025 -0.031085 0.031387
v -0.011087 -0.03111 0.03167
v -0.010222 -0.03115 0.03213
v -0.009464 -0.031204 0.03275
v -0.008843 -0.03127 0.033505
v -0.008381 -0.031346 0.034366
v -0.008096 -0.031427 0.0353
v -0.008 -0.031512 0.036272
v -0.012025 -0.032777 0.050721
v -0.008 -0.032349 0.045835
v -0.011087 -0.032752 0.050437
v -0.010222 -0.032711 0.049977
v -0.009464 -0.032657 0.049358
v -0.008843 -0.032591 0.048603
v -0.008381 -0.032516 0.047742
v -0.008096 -0.032434 0.046807
v -0.027 -0.01306 0.052542
v -0.027 -0.003107 0.053513
v -0.027 -0.030502 0.051117
v -0.027 -0.012799 0.049554
v -0.027 -0.028759 0.031193
v -0.027 -0.011352 0.033017
v -0.027 -0.001364 0.033589
v -0.027 -0.011613 0.036005
v -0.001418 -0.000462 0.035903
v 0.003174 -0.001788 0.051062
v -0.002603 -0.000489 0.036211
v 0.004258 -0.001739 0.050494
v -0.000199 -0.000451 0.03578
v 0.005242 -0.001675 0.049767
v 0.001024 -0.000457 0.035843
v 0.006103 -0.001599 0.048899
v 0.002223 -0.000479 0.036091
v 0.006821 -0.001513 0.047911
v 0.00337 -0.000516 0.036519
v 0.007379 -0.001418 0.046825
v 0.004438 -0.000568 0.037116
v 0.007764 -0.001316 0.045667
v 0.005402 -0.000634 0.037869
v 0.007968 -0.001211 0.044463
v 0.00624 -0.000712 0.038759
v 0.007984 -0.001104 0.043243
v 0.006931 -0.0008 0.039766
v 0.007813 -0.000999 0.042035
v 0.007459 -0.000896 0.040867
v 0.002016 -0.001823 0.051459
v -0.003727 -0.000531 0.036695
v 0.000811 -0.001842 0.051675
v -0.004764 -0.000588 0.037345
v -0.000414 -0.001845 0.051706
v -0.005689 -0.000658 0.038144
v -0.001628 -0.001831 0.05155
v -0.006481 -0.00074 0.039075
v -0.002805 -0.001801 0.051211
v -0.007121 -0.000831 0.040115
v -0.003916 -0.001756 0.050697
v -0.007594 -0.000929 0.041241
v -0.004935 -0.001697 0.05002
v -0.007889 -0.001033 0.042425
v -0.005838 -0.001625 0.049196
v -0.007999 -0.001139 0.04364
v -0.006605 -0.001542 0.048244
v -0.007922 -0.001246 0.044858
v -0.007216 -0.001449 0.047187
v -0.007659 -0.00135 0.046049
v -0.001418 -0.002455 0.035729
v -0.002603 -0.002481 0.036037
v -0.001627 -0.002729 0.038863
v -0.000673 -0.002709 0.038637
v -0.000199 -0.002444 0.035605
v 0.000306 -0.002706 0.038601
v 0.001024 -0.002449 0.035669
v 0.001274 -0.002719 0.038756
v 0.002223 -0.002471 0.035917
v 0.002193 -0.002749 0.039096
v 0.00337 -0.002508 0.036345
v 0.004438 -0.002561 0.036942
v -0.004764 -0.002581 0.03717
v -0.002518 -0.002764 0.039269
v -0.003727 -0.002524 0.036521
v -0.003312 -0.002814 0.039841
v -0.005689 -0.002651 0.03797
v -0.003979 -0.002877 0.040557
v -0.006481 -0.002732 0.038901
v -0.004494 -0.00295 0.041388
v -0.007121 -0.002823 0.039941
v -0.007594 -0.002921 0.041066
v -0.004835 -0.00303 0.042303
v -0.007889 -0.003025 0.042251
v -0.004991 -0.003114 0.043267
v -0.007999 -0.003131 0.043466
v -0.004954 -0.003199 0.044243
v -0.007922 -0.003238 0.044683
v -0.007659 -0.003342 0.045875
v -0.004728 -0.003283 0.045193
v -0.007216 -0.003442 0.047013
v -0.00432 -0.00336 0.046081
v -0.006605 -0.003534 0.04807
v -0.003745 -0.003429 0.046872
v -0.005838 -0.003617 0.049021
v -0.003027 -0.003488 0.047537
v -0.004935 -0.00369 0.049845
v -0.003916 -0.003749 0.050522
v -0.002193 -0.003532 0.048049
v -0.002805 -0.003794 0.051036
v -0.001274 -0.003562 0.048389
v -0.001628 -0.003823 0.051375
v -0.000306 -0.003576 0.048544
v -0.000414 -0.003837 0.051531
v 0.000811 -0.003834 0.051501
v 0.000673 -0.003573 0.048508
v 0.002016 -0.003815 0.051285
v 0.001627 -0.003553 0.048282
v 0.003174 -0.003781 0.050888
v 0.002518 -0.003517 0.047876
v 0.004258 -0.003731 0.050319
v 0.003312 -0.003467 0.047304
v 0.005242 -0.003667 0.049593
v 0.006103 -0.003592 0.048725
v 0.003979 -0.003405 0.046588
v 0.006821 -0.003505 0.047737
v 0.004494 -0.003332 0.045757
v 0.007379 -0.00341 0.046651
v 0.004835 -0.003252 0.044842
v 0.007764 -0.003309 0.045492
v 0.007968 -0.003203 0.044289
v 0.004991 -0.003167 0.043878
v 0.007984 -0.003097 0.043069
v 0.004954 -0.003082 0.042902
v 0.007813 -0.002991 0.041861
v 0.004728 -0.002999 0.041952
v 0.007459 -0.002889 0.040693
v 0.00432 -0.002921 0.041064
v 0.006931 -0.002793 0.039592
v 0.00624 -0.002704 0.038585
v 0.003745 -0.002852 0.040273
v 0.005402 -0.002626 0.037694
v 0.003027 -0.002794 0.039608
v -0.000673 -0.003207 0.038593
v -0.001627 -0.003227 0.038819
v 0.000306 -0.003204 0.038557
v 0.001274 -0.003217 0.038712
v 0.002193 -0.003247 0.039053
v 0.003027 -0.003292 0.039565
v 0.003745 -0.00335 0.040229
v 0.00432 -0.003419 0.041021
v 0.004728 -0.003497 0.041908
v 0.004954 -0.00358 0.042858
v 0.004991 -0.003666 0.043834
v 0.004835 -0.00375 0.044798
v 0.004494 -0.00383 0.045713
v 0.003979 -0.003903 0.046545
v 0.003312 -0.003965 0.04726
v 0.002518 -0.004015 0.047832
v 0.001627 -0.004051 0.048239
v 0.000673 -0.004071 0.048465
v -0.000306 -0.004074 0.048501
v -0.001274 -0.00406 0.048346
v -0.002193 -0.00403 0.048005
v -0.003027 -0.003986 0.047493
v -0.003745 -0.003928 0.046829
v -0.00432 -0.003858 0.046037
v -0.004728 -0.003781 0.04515
v -0.004954 -0.003698 0.0442
v -0.004991 -0.003612 0.043224
v -0.004835 -0.003528 0.04226
v -0.004494 -0.003448 0.041345
v -0.003979 -0.003375 0.040513
v -0.003312 -0.003312 0.039798
v -0.002518 -0.003262 0.039226
v 0.001071 -0.004253 0.049401
v 0.000538 -0.006551 0.049273
v 0 -0.004261 0.049497
v 0.001596 -0.006534 0.049082
v 0.002108 -0.004228 0.049116
v 0.002603 -0.006501 0.048705
v 0.003077 -0.004187 0.048651
v 0.003527 -0.006453 0.048155
v 0.003948 -0.004132 0.048021
v 0.004337 -0.006391 0.04745
v 0.004691 -0.004065 0.047247
v 0.005007 -0.006318 0.046613
v 0.005284 -0.003986 0.046353
v 0.005517 -0.006235 0.045669
v 0.005706 -0.0039 0.045367
v 0.00585 -0.006146 0.04465
v 0.005946 -0.003809 0.044323
v 0.005994 -0.006053 0.043588
v 0.005994 -0.003715 0.043252
v 0.005946 -0.00596 0.042517
v 0.00585 -0.003622 0.04219
v 0.005706 -0.005868 0.041473
v 0.005517 -0.003533 0.041171
v 0.005284 -0.005782 0.040487
v 0.005007 -0.00345 0.040227
v 0.004691 -0.005704 0.039593
v 0.004337 -0.003377 0.03939
v 0.003948 -0.005636 0.038819
v 0.003527 -0.003315 0.038685
v 0.003077 -0.005581 0.038189
v 0.002603 -0.003267 0.038135
v 0.002108 -0.00554 0.037724
v 0.001596 -0.003234 0.037758
v 0.001071 -0.005515 0.037439
v 0.000538 -0.003218 0.037567
v 0 -0.005507 0.037343
v -0.000538 -0.003218 0.037567
v -0.001071 -0.005515 0.037439
v -0.001596 -0.003234 0.037758
v -0.002108 -0.00554 0.037724
v -0.002603 -0.003267 0.038135
v -0.003077 -0.005581 0.038189
v -0.003527 -0.003315 0.038685
v -0.003948 -0.005636 0.038819
v -0.004337 -0.003377 0.03939
v -0.004691 -0.005704 0.039593
v -0.005007 -0.00345 0.040227
v -0.005284 -0.005782 0.040487
v -0.005517 -0.003533 0.041171
v -0.005706 -0.005868 0.041473
v -0.00585 -0.003622 0.04219
v -0.005946 -0.00596 0.042517
v -0.005994 -0.003715 0.043252
v -0.005994 -0.006053 0.043588
v -0.005946 -0.003809 0.044323
v -0.00585 -0.006146 0.04465
v -0.005706 -0.0039 0.045367
v -0.005517 -0.006235 0.045669
v -0.005284 -0.003986 0.046353
v -0.005007 -0.006318 0.046613
v -0.004691 -0.004065 0.047247
v -0.004337 -0.006391 0.04745
v -0.003948 -0.004132 0.048021
v -0.003527 -0.006453 0.048155
v -0.003077 -0.004187 0.048651
v -0.002603 -0.006501 0.048705
v -0.002108 -0.004228 0.049116
v -0.001596 -0.006534 0.049082
v -0.001071 -0.004253 0.049401
v -0.000538 -0.006551 0.049273
v -0.00256 -0.003176 0.038233
v -0.003468 -0.003223 0.038774
v -0.004264 -0.003283 0.039467
v -0.004924 -0.003356 0.040291
v -0.005425 -0.003437 0.041219
v -0.005752 -0.003524 0.042221
v -0.005894 -0.003616 0.043265
v -0.005847 -0.003708 0.044318
v -0.005611 -0.003798 0.045345
v -0.005196 -0.003883 0.046314
v -0.004613 -0.003959 0.047194
v -0.003882 -0.004026 0.047955
v -0.003026 -0.00408 0.048575
v -0.002073 -0.00412 0.049032
v -0.001053 -0.004145 0.049312
v 0 -0.004153 0.049407
v 0.001053 -0.004145 0.049312
v 0.002073 -0.00412 0.049032
v 0.003026 -0.00408 0.048575
v 0.003882 -0.004026 0.047955
v 0.004613 -0.003959 0.047194
v 0.005196 -0.003883 0.046314
v 0.005611 -0.003798 0.045345
v 0.005847 -0.003708 0.044318
v 0.005894 -0.003616 0.043265
v 0.005752 -0.003524 0.042221
v 0.005425 -0.003437 0.041219
v 0.004924 -0.003356 0.040291
v 0.004264 -0.003283 0.039467
v 0.003468 -0.003223 0.038774
v 0.00256 -0.003176 0.038233
v 0.00157 -0.003143 0.037863
v 0.000529 -0.003127 0.037675
v -0.000529 -0.003127 0.037675
v -0.00157 -0.003143 0.037863
v 0.000278 -0.004158 0.049426
v 0.000831 -0.004154 0.049374
v 0.001377 -0.004145 0.049271
v 0.00191 -0.004131 0.049117
v 0.001918 -0.004143 0.049139
v 0.002437 -0.004125 0.048935
v 0.002446 -0.004143 0.048953
v 0.002945 -0.004121 0.048701
v 0.002953 -0.004143 0.048713
v 0.003427 -0.004116 0.048414
v 0.003433 -0.004141 0.04842
v 0.003878 -0.004111 0.048079
v 0.00429 -0.004078 0.047697
v 0.004663 -0.004041 0.047278
v 0.004996 -0.004002 0.046827
v 0.004655 -0.004017 0.047274
v 0.004987 -0.003977 0.046823
v 0.004643 -0.003995 0.047266
v 0.004974 -0.003956 0.046816
v 0.004627 -0.003978 0.047254
v 0.004957 -0.003939 0.046806
v 0.004608 -0.003967 0.04724
v 0.004937 -0.003928 0.046794
v 0.005222 -0.003886 0.046319
v 0.005461 -0.003843 0.04582
v 0.005653 -0.003797 0.0453
v 0.005676 -0.003808 0.045307
v 0.005818 -0.003761 0.044769
v 0.005838 -0.003777 0.044772
v 0.00593 -0.003729 0.044222
v 0.005946 -0.00375 0.044222
v 0.005985 -0.003701 0.043664
v 0.005995 -0.003725 0.043663
v 0.005982 -0.003676 0.043103
v 0.005916 -0.003627 0.042547
v 0.005798 -0.003579 0.041999
v 0.00563 -0.003533 0.041465
v 0.005789 -0.003556 0.042004
v 0.00562 -0.003509 0.04147
v 0.005773 -0.003535 0.042009
v 0.005605 -0.003489 0.041478
v 0.005753 -0.00352 0.042016
v 0.005586 -0.003474 0.041486
v 0.00573 -0.003511 0.042023
v 0.005563 -0.003464 0.041495
v 0.005348 -0.00342 0.040985
v 0.005085 -0.003377 0.040497
v 0.004778 -0.003337 0.040036
v 0.004797 -0.003345 0.040021
v 0.004447 -0.003308 0.039589
v 0.004462 -0.003322 0.039574
v 0.004071 -0.003287 0.039175
v 0.004082 -0.003307 0.039162
v 0.003654 -0.003275 0.0388
v 0.00366 -0.003299 0.03879
v 0.003199 -0.003271 0.03847
v 0.004089 -0.00333 0.039153
v 0.004481 -0.003365 0.039553
v 0.004474 -0.003342 0.039562
v 0.004827 -0.00338 0.039997
v 0.004814 -0.00336 0.040008
v 0.005123 -0.003401 0.040472
v 0.005106 -0.003386 0.040484
v 0.005369 -0.003429 0.040974
v 0.002427 -0.004113 0.048914
v 0.002935 -0.004103 0.048684
v 0.003418 -0.004095 0.048403
v 0.003872 -0.004087 0.048073
v 0.003393 -0.004066 0.048369
v 0.003833 -0.004036 0.048031
v 0.004239 -0.004003 0.047654
v 0.004256 -0.004015 0.04767
v 0.004271 -0.004032 0.047683
v 0.003848 -0.004048 0.048049
v 0.003862 -0.004065 0.048063
v 0.003406 -0.004077 0.048388
v 0.002923 -0.004092 0.048664
v 0.005794 -0.00375 0.044765
v 0.005909 -0.003713 0.044221
v 0.005969 -0.00368 0.043666
v 0.005972 -0.003652 0.043106
v 0.005924 -0.003654 0.043667
v 0.005911 -0.003606 0.043114
v 0.005846 -0.003558 0.042564
v 0.00587 -0.003567 0.042559
v 0.00589 -0.003583 0.042555
v 0.005935 -0.003616 0.043111
v 0.005956 -0.003631 0.043108
v 0.005948 -0.003664 0.043667
v 0.005885 -0.003703 0.044219
v 0.004428 -0.003299 0.039606
v 0.004057 -0.003273 0.039192
v 0.003644 -0.003256 0.038815
v 0.003194 -0.003247 0.03848
v 0.00271 -0.003246 0.038193
v 0.002197 -0.003226 0.037964
v 0.001665 -0.003211 0.037784
v 0.001118 -0.003199 0.037654
v 0.001662 -0.003187 0.037795
v 0.001116 -0.003176 0.037665
v 0.001658 -0.003168 0.037812
v 0.001113 -0.003157 0.037683
v 0.001652 -0.003154 0.037833
v 0.001109 -0.003143 0.037704
v 0.001645 -0.003146 0.037857
v 0.001105 -0.003135 0.037729
v 0.000555 -0.003128 0.037651
v 0 -0.003126 0.037625
v -0.000555 -0.003128 0.037651
v -0.000557 -0.003136 0.037626
v -0.001109 -0.003143 0.037704
v -0.001113 -0.003157 0.037683
v -0.001658 -0.003168 0.037812
v -0.001662 -0.003187 0.037795
v -0.002193 -0.003203 0.037975
v -0.002197 -0.003226 0.037964
v -0.00271 -0.003246 0.038193
v -0.003199 -0.003271 0.03847
v -0.00366 -0.003299 0.03879
v -0.004089 -0.00333 0.039153
v -0.003654 -0.003275 0.0388
v -0.004082 -0.003307 0.039162
v -0.003644 -0.003256 0.038815
v -0.004071 -0.003287 0.039175
v -0.003631 -0.003241 0.038832
v -0.004057 -0.003273 0.039192
v -0.003617 -0.003233 0.038852
v -0.00404 -0.003264 0.03921
v -0.004428 -0.003299 0.039606
v -0.004778 -0.003337 0.040036
v -0.005085 -0.003377 0.040497
v -0.005106 -0.003386 0.040484
v -0.005369 -0.003429 0.040974
v -0.005388 -0.003444 0.040964
v -0.005605 -0.003489 0.041478
v -0.00562 -0.003509 0.04147
v -0.005789 -0.003556 0.042004
v -0.005798 -0.003579 0.041999
v -0.005916 -0.003627 0.042547
v -0.00563 -0.003533 0.041465
v -0.005411 -0.003487 0.040949
v -0.005402 -0.003464 0.040955
v -0.005137 -0.003421 0.040462
v -0.005123 -0.003401 0.040472
v -0.004814 -0.00336 0.040008
v -0.004797 -0.003345 0.040021
v -0.004447 -0.003308 0.039589
v 0.00404 -0.003264 0.03921
v 0.003631 -0.003241 0.038832
v 0.003185 -0.003228 0.038495
v 0.002705 -0.003223 0.038204
v 0.003161 -0.003205 0.038535
v 0.002678 -0.003182 0.038263
v 0.002171 -0.003162 0.038036
v 0.00218 -0.00317 0.038013
v 0.002188 -0.003184 0.037992
v 0.002689 -0.00319 0.03824
v 0.002698 -0.003204 0.03822
v 0.003174 -0.003214 0.038514
v 0.003617 -0.003233 0.038852
v -0.001105 -0.003135 0.037729
v -0.001652 -0.003154 0.037833
v -0.002188 -0.003184 0.037992
v -0.002705 -0.003223 0.038204
v -0.002171 -0.003162 0.038036
v -0.002678 -0.003182 0.038263
v -0.003161 -0.003205 0.038535
v -0.003174 -0.003214 0.038514
v -0.003185 -0.003228 0.038495
v -0.002689 -0.00319 0.03824
v -0.002698 -0.003204 0.03822
v -0.00218 -0.00317 0.038013
v -0.001645 -0.003146 0.037857
v -0.005348 -0.00342 0.040985
v -0.005586 -0.003474 0.041486
v -0.005773 -0.003535 0.042009
v -0.005906 -0.003603 0.04255
v -0.005982 -0.003676 0.043103
v -0.005995 -0.003725 0.043663
v -0.005955 -0.003774 0.044221
v -0.005864 -0.003822 0.044774
v -0.005946 -0.00375 0.044222
v -0.005854 -0.003798 0.044774
v -0.00593 -0.003729 0.044222
v -0.005838 -0.003777 0.044772
v -0.005909 -0.003713 0.044221
v -0.005818 -0.003761 0.044769
v -0.005885 -0.003703 0.044219
v -0.005794 -0.00375 0.044765
v -0.005653 -0.003797 0.0453
v -0.005461 -0.003843 0.04582
v -0.005222 -0.003886 0.046319
v -0.005243 -0.003897 0.04633
v -0.004957 -0.003939 0.046806
v -0.004974 -0.003956 0.046816
v -0.004643 -0.003995 0.047266
v -0.004655 -0.004017 0.047274
v -0.004282 -0.004053 0.047692
v -0.00429 -0.004078 0.047697
v -0.003878 -0.004111 0.048079
v -0.003433 -0.004141 0.04842
v -0.002958 -0.004167 0.048719
v -0.002456 -0.004189 0.048972
v -0.002953 -0.004143 0.048713
v -0.002452 -0.004165 0.048965
v -0.002945 -0.004121 0.048701
v -0.002446 -0.004143 0.048953
v -0.002935 -0.004103 0.048684
v -0.002437 -0.004125 0.048935
v -0.002923 -0.004092 0.048664
v -0.002427 -0.004113 0.048914
v -0.00191 -0.004131 0.049117
v -0.001377 -0.004145 0.049271
v -0.000831 -0.004154 0.049374
v -0.000834 -0.004166 0.049397
v -0.000279 -0.00417 0.049449
v -0.00028 -0.004188 0.049468
v 0.00028 -0.004188 0.049468
v 0.000281 -0.00421 0.049482
v 0.000839 -0.004205 0.04943
v 0.000841 -0.00423 0.049437
v 0.001393 -0.004221 0.049333
v 0.000281 -0.004235 0.04949
v -0.000281 -0.004235 0.04949
v -0.000281 -0.00421 0.049482
v -0.000839 -0.004205 0.04943
v -0.000837 -0.004183 0.049416
v -0.001387 -0.004174 0.049312
v -0.001382 -0.004157 0.049293
v -0.001918 -0.004143 0.049139
v -0.005563 -0.003464 0.041495
v -0.005753 -0.00352 0.042016
v -0.00589 -0.003583 0.042555
v -0.005972 -0.003652 0.043106
v -0.005846 -0.003558 0.042564
v -0.005911 -0.003606 0.043114
v -0.005924 -0.003654 0.043667
v -0.005948 -0.003664 0.043667
v -0.005969 -0.00368 0.043666
v -0.005935 -0.003616 0.043111
v -0.005956 -0.003631 0.043108
v -0.00587 -0.003567 0.042559
v -0.00573 -0.003511 0.042023
v -0.004937 -0.003928 0.046794
v -0.004627 -0.003978 0.047254
v -0.004271 -0.004032 0.047683
v -0.003872 -0.004087 0.048073
v -0.004239 -0.004003 0.047654
v -0.003833 -0.004036 0.048031
v -0.003393 -0.004066 0.048369
v -0.003406 -0.004077 0.048388
v -0.003418 -0.004095 0.048403
v -0.003848 -0.004048 0.048049
v -0.003862 -0.004065 0.048063
v -0.004256 -0.004015 0.04767
v -0.004608 -0.003967 0.04724
v -0.000278 -0.004158 0.049426
v 0.000279 -0.00417 0.049449
v 0.000837 -0.004183 0.049416
v 0.001391 -0.004196 0.049325
v 0.001933 -0.004207 0.049177
v 0.002456 -0.004189 0.048972
v 0.002958 -0.004167 0.048719
v -0.000841 -0.00423 0.049437
v -0.001391 -0.004196 0.049325
v -0.001925 -0.004161 0.049157
v -0.001393 -0.004221 0.049333
v -0.00193 -0.004183 0.04917
v -0.004663 -0.004041 0.047278
v -0.004996 -0.004002 0.046827
v -0.004987 -0.003977 0.046823
v -0.005276 -0.003935 0.046344
v -0.005262 -0.003914 0.046338
v -0.005503 -0.00387 0.045835
v -0.005484 -0.003853 0.045828
v -0.005676 -0.003808 0.045307
v -0.005284 -0.00396 0.046346
v -0.005517 -0.003891 0.045839
v -0.005696 -0.003824 0.045311
v -0.005527 -0.003916 0.045841
v -0.005711 -0.003845 0.045314
v -0.005146 -0.003444 0.040455
v -0.004827 -0.00338 0.039997
v -0.004462 -0.003322 0.039574
v -0.004835 -0.003404 0.039989
v -0.004481 -0.003365 0.039553
v -0.001665 -0.003211 0.037784
v -0.001118 -0.003199 0.037654
v -0.001116 -0.003176 0.037665
v -0.000561 -0.003169 0.037587
v -0.000559 -0.00315 0.037605
v 0 -0.003148 0.037578
v 0 -0.003134 0.0376
v 0.000557 -0.003136 0.037626
v -0.000562 -0.003192 0.037575
v 0 -0.003167 0.037561
v 0.000559 -0.00315 0.037605
v 0 -0.00319 0.037549
v 0.000561 -0.003169 0.037587
v 0.004835 -0.003404 0.039989
v 0.005137 -0.003421 0.040462
v 0.005388 -0.003444 0.040964
v 0.005146 -0.003444 0.040455
v 0.005411 -0.003487 0.040949
v 0.005955 -0.003774 0.044221
v 0.005864 -0.003822 0.044774
v 0.005854 -0.003798 0.044774
v 0.005711 -0.003845 0.045314
v 0.005696 -0.003824 0.045311
v 0.005503 -0.00387 0.045835
v 0.005484 -0.003853 0.045828
v 0.005243 -0.003897 0.04633
v 0.00572 -0.00387 0.045315
v 0.005517 -0.003891 0.045839
v 0.005262 -0.003914 0.046338
v 0.005527 -0.003916 0.045841
v 0.005276 -0.003935 0.046344
v 0.005402 -0.003464 0.040955
v 0.005284 -0.00396 0.046346
v 0.000834 -0.004166 0.049397
v 0.001387 -0.004174 0.049312
v 0.00193 -0.004183 0.04917
v -0.001933 -0.004207 0.049177
v -0.00572 -0.00387 0.045315
v -0.004474 -0.003342 0.039562
v 0.001382 -0.004157 0.049293
v 0.001925 -0.004161 0.049157
v 0.002452 -0.004165 0.048965
v 0.004282 -0.004053 0.047692
v 0.005906 -0.003603 0.04255
v 0.002193 -0.003203 0.037975
v 0.000562 -0.003192 0.037575
v -0.003194 -0.003247 0.03848
v -0.005985 -0.003701 0.043664
v -0.003427 -0.004116 0.048414
v -0.0265 -0.006884 0.053083
v -0.0265 -0.01306 0.052542
v 0.0083 -0.005176 0.033557
v 0.0083 -0.011352 0.033017
v -0.0012 -0.013374 0.056128
v 0.004775 -0.013052 0.052446
v 0.005713 -0.013027 0.052163
v 0.006578 -0.012987 0.051703
v 0.0083 -0.01306 0.052542
v 0.007336 -0.012933 0.051083
v 0.0088 -0.01306 0.052542
v 0.007957 -0.012867 0.050328
v 0.008419 -0.012791 0.049467
v 0.0088 -0.012624 0.047561
v 0.008704 -0.012709 0.048533
v -0.0012 -0.011047 0.02953
v 0.004775 -0.01136 0.033112
v 0.005713 -0.011385 0.033396
v 0.006578 -0.011425 0.033856
v 0.007336 -0.01148 0.034476
v 0.0088 -0.011352 0.033017
v 0.007957 -0.011546 0.03523
v 0.008419 -0.011621 0.036092
v 0.008704 -0.011703 0.037026
v 0.0088 -0.011788 0.037998
v -0.026925 -0.011555 0.03534
v -0.026703 -0.0115 0.034709
v -0.026345 -0.01145 0.034142
v -0.0265 -0.011352 0.033017
v -0.02587 -0.011409 0.033669
v -0.025302 -0.011378 0.033313
v -0.024668 -0.011359 0.033092
v -0.017 -0.011047 0.02953
v -0.024668 -0.013054 0.052467
v -0.025302 -0.013034 0.052246
v -0.02587 -0.013003 0.05189
v -0.026345 -0.012962 0.051417
v -0.026703 -0.012912 0.05085
v -0.026925 -0.012857 0.050219
v -0.017 -0.013374 0.056128
v 0.0083 -0.006884 0.053083
v 0.0088 -0.006884 0.053083
v 0.0088 -0.005176 0.033557
v -0.0012 -0.007198 0.056669
v -0.017 -0.007198 0.056669
v -0.017 -0.004871 0.03007
v -0.0265 -0.005176 0.033557
v -0.0012 -0.004871 0.03007
v 0.008704 -0.0271 -0.005775
v 0.0088 -0.0271 -0.0048
v 0.008419 -0.0271 -0.006713
v 0.007957 -0.0271 -0.007578
v 0.007336 -0.0271 -0.008336
v 0.006578 -0.0271 -0.008957
v 0.005713 -0.0271 -0.009419
v 0.004775 -0.0271 -0.009704
v -0.012025 -0.0271 -0.009704
v -0.011087 -0.0271 -0.009419
v -0.010222 -0.0271 -0.008957
v -0.009464 -0.0271 -0.008336
v -0.008843 -0.0271 -0.007578
v -0.008381 -0.0271 -0.006713
v -0.008096 -0.0271 -0.005775
v -0.008 -0.0271 -0.0048
v 0.0088 -0.0271 0.0048
v -0.008 -0.0271 0.0048
v 0.008704 -0.0271 0.005775
v 0.008419 -0.0271 0.006713
v -0.008096 -0.0271 0.005775
v -0.008381 -0.0271 0.006713
v -0.008843 -0.0271 0.007578
v -0.009464 -0.0271 0.008336
v -0.010222 -0.0271 0.008957
v -0.011087 -0.0271 0.009419
v -0.012025 -0.0271 0.009704
v 0.004775 -0.0271 0.009704
v 0.005713 -0.0271 0.009419
v 0.006578 -0.0271 0.008957
v 0.007336 -0.0271 0.008336
v 0.007957 -0.0271 0.007578
v -0.025302 -0.0274 -0.009503
v -0.024668 -0.0274 0.009725
v -0.024668 -0.0274 -0.009725
v -0.025302 -0.0274 0.009503
v -0.02587 -0.0274 -0.009145
v -0.02587 -0.0274 0.009145
v -0.026345 -0.0274 -0.00867
v -0.027 -0.0274 -0.0068
v -0.026703 -0.0274 -0.008102
v -0.026925 -0.0274 -0.007468
v -0.026345 -0.0274 0.00867
v -0.027 -0.0274 0.0068
v -0.026703 -0.0274 0.008102
v -0.026925 -0.0274 0.007468
v -0.012025 -0.0298 -0.009704
v -0.011087 -0.0298 -0.009419
v -0.010222 -0.0298 -0.008957
v -0.009464 -0.0298 -0.008336
v -0.008843 -0.0298 -0.007578
v -0.008381 -0.0298 -0.006713
v -0.008096 -0.0298 -0.005775
v -0.008 -0.0298 -0.0048
v -0.012025 -0.0298 0.009704
v -0.008 -0.0298 0.0048
v -0.011087 -0.0298 0.009419
v -0.010222 -0.0298 0.008957
v -0.009464 -0.0298 0.008336
v -0.008843 -0.0298 0.007578
v -0.008381 -0.0298 0.006713
v -0.008096 -0.0298 0.005775
v -0.027 -0.01 0.0098
v -0.027 0 0.01
v -0.027 -0.0275 0.01
v -0.027 -0.0275 -0.01
v -0.027 -0.01 -0.0098
v -0.027 -0.01 -0.0068
v -0.027 -0.01 0.0068
v -0.027 0 -0.01
v -0.001418 0.0011 -0.007873
v 0.003174 0.0011 0.007343
v -0.002603 0.0011 -0.007565
v 0.004258 0.0011 0.006773
v -0.000199 0.0011 -0.007998
v 0.005242 0.0011 0.006043
v 0.001024 0.0011 -0.007934
v 0.006103 0.0011 0.005172
v 0.002223 0.0011 -0.007685
v 0.006821 0.0011 0.00418
v 0.00337 0.0011 -0.007256
v 0.007379 0.0011 0.00309
v 0.004438 0.0011 -0.006656
v 0.007764 0.0011 0.001927
v 0.005402 0.0011 -0.005901
v 0.007968 0.0011 0.000719
v 0.00624 0.0011 -0.005007
v 0.007984 0.0011 -0.000505
v 0.006931 0.0011 -0.003996
v 0.007813 0.0011 -0.001718
v 0.007459 0.0011 -0.002891
v 0.002016 0.0011 0.007742
v -0.003727 0.0011 -0.007079
v 0.000811 0.0011 0.007959
v -0.004764 0.0011 -0.006427
v -0.000414 0.0011 0.007989
v -0.005689 0.0011 -0.005624
v -0.001628 0.0011 0.007833
v -0.006481 0.0011 -0.00469
v -0.002805 0.0011 0.007492
v -0.007121 0.0011 -0.003646
v -0.003916 0.0011 0.006976
v -0.007594 0.0011 -0.002516
v -0.004935 0.0011 0.006297
v -0.007889 0.0011 -0.001327
v -0.005838 0.0011 0.00547
v -0.007999 0.0011 -0.000107
v -0.006605 0.0011 0.004514
v -0.007922 0.0011 0.001115
v -0.007216 0.0011 0.003453
v -0.007659 0.0011 0.002311
v -0.001418 -0.0009 -0.007873
v -0.002603 -0.0009 -0.007565
v -0.001627 -0.0009 -0.004728
v -0.000673 -0.0009 -0.004954
v -0.000199 -0.0009 -0.007998
v 0.000306 -0.0009 -0.004991
v 0.001024 -0.0009 -0.007934
v 0.001274 -0.0009 -0.004835
v 0.002223 -0.0009 -0.007685
v 0.002193 -0.0009 -0.004494
v 0.00337 -0.0009 -0.007256
v 0.004438 -0.0009 -0.006656
v -0.004764 -0.0009 -0.006427
v -0.002518 -0.0009 -0.00432
v -0.003727 -0.0009 -0.007079
v -0.003312 -0.0009 -0.003745
v -0.005689 -0.0009 -0.005624
v -0.003979 -0.0009 -0.003027
v -0.006481 -0.0009 -0.00469
v -0.004494 -0.0009 -0.002193
v -0.007121 -0.0009 -0.003646
v -0.007594 -0.0009 -0.002516
v -0.004835 -0.0009 -0.001274
v -0.007889 -0.0009 -0.001327
v -0.004991 -0.0009 -0.000306
v -0.007999 -0.0009 -0.000107
v -0.004954 -0.0009 0.000673
v -0.007922 -0.0009 0.001115
v -0.007659 -0.0009 0.002311
v -0.004728 -0.0009 0.001627
v -0.007216 -0.0009 0.003453
v -0.00432 -0.0009 0.002518
v -0.006605 -0.0009 0.004514
v -0.003745 -0.0009 0.003312
v -0.005838 -0.0009 0.00547
v -0.003027 -0.0009 0.003979
v -0.004935 -0.0009 0.006297
v -0.003916 -0.0009 0.006976
v -0.002193 -0.0009 0.004494
v -0.002805 -0.0009 0.007492
v -0.001274 -0.0009 0.004835
v -0.001628 -0.0009 0.007833
v -0.000306 -0.0009 0.004991
v -0.000414 -0.0009 0.007989
v 0.000811 -0.0009 0.007959
v 0.000673 -0.0009 0.004954
v 0.002016 -0.0009 0.007742
v 0.001627 -0.0009 0.004728
v 0.003174 -0.0009 0.007343
v 0.002518 -0.0009 0.00432
v 0.004258 -0.0009 0.006773
v 0.003312 -0.0009 0.003745
v 0.005242 -0.0009 0.006043
v 0.006103 -0.0009 0.005172
v 0.003979 -0.0009 0.003027
v 0.006821 -0.0009 0.00418
v 0.004494 -0.0009 0.002193
v 0.007379 -0.0009 0.00309
v 0.004835 -0.0009 0.001274
v 0.007764 -0.0009 0.001927
v 0.007968 -0.0009 0.000719
v 0.004991 -0.0009 0.000306
v 0.007984 -0.0009 -0.000505
v 0.004954 -0.0009 -0.000673
v 0.007813 -0.0009 -0.001718
v 0.004728 -0.0009 -0.001627
v 0.007459 -0.0009 -0.002891
v 0.00432 -0.0009 -0.002518
v 0.006931 -0.0009 -0.003996
v 0.00624 -0.0009 -0.005007
v 0.003745 -0.0009 -0.003312
v 0.005402 -0.0009 -0.005901
v 0.003027 -0.0009 -0.003979
v -0.000673 -0.0014 -0.004954
v -0.001627 -0.0014 -0.004728
v 0.000306 -0.0014 -0.004991
v 0.001274 -0.0014 -0.004835
v 0.002193 -0.0014 -0.004494
v 0.003027 -0.0014 -0.003979
v 0.003745 -0.0014 -0.003312
v 0.00432 -0.0014 -0.002518
v 0.004728 -0.0014 -0.001627
v 0.004954 -0.0014 -0.000673
v 0.004991 -0.0014 0.000306
v 0.004835 -0.0014 0.001274
v 0.004494 -0.0014 0.002193
v 0.003979 -0.0014 0.003027
v 0.003312 -0.0014 0.003745
v 0.002518 -0.0014 0.00432
v 0.001627 -0.0014 0.004728
v 0.000673 -0.0014 0.004954
v -0.000306 -0.0014 0.004991
v -0.001274 -0.0014 0.004835
v -0.002193 -0.0014 0.004494
v -0.003027 -0.0014 0.003979
v -0.003745 -0.0014 0.003312
v -0.00432 -0.0014 0.002518
v -0.004728 -0.0014 0.001627
v -0.004954 -0.0014 0.000673
v -0.004991 -0.0014 -0.000306
v -0.004835 -0.0014 -0.001274
v -0.004494 -0.0014 -0.002193
v -0.003979 -0.0014 -0.003027
v -0.003312 -0.0014 -0.003745
v -0.002518 -0.0014 -0.00432
v 0.001071 -0.0015 0.005904
v 0.000538 -0.0038 0.005976
v 0 -0.0015 0.006
v 0.001596 -0.0038 0.005784
v 0.002108 -0.0015 0.005617
v 0.002603 -0.0038 0.005406
v 0.003077 -0.0015 0.005151
v 0.003527 -0.0038 0.004854
v 0.003948 -0.0015 0.004518
v 0.004337 -0.0038 0.004146
v 0.004691 -0.0015 0.003741
v 0.005007 -0.0038 0.003305
v 0.005284 -0.0015 0.002843
v 0.005517 -0.0038 0.002358
v 0.005706 -0.0015 0.001854
v 0.00585 -0.0038 0.001335
v 0.005946 -0.0015 0.000805
v 0.005994 -0.0038 0.000269
v 0.005994 -0.0015 -0.000269
v 0.005946 -0.0038 -0.000805
v 0.00585 -0.0015 -0.001335
v 0.005706 -0.0038 -0.001854
v 0.005517 -0.0015 -0.002358
v 0.005284 -0.0038 -0.002843
v 0.005007 -0.0015 -0.003305
v 0.004691 -0.0038 -0.003741
v 0.004337 -0.0015 -0.004146
v 0.003948 -0.0038 -0.004518
v 0.003527 -0.0015 -0.004854
v 0.003077 -0.0038 -0.005151
v 0.002603 -0.0015 -0.005406
v 0.002108 -0.0038 -0.005617
v 0.001596 -0.0015 -0.005784
v 0.001071 -0.0038 -0.005904
v 0.000538 -0.0015 -0.005976
v 0 -0.0038 -0.006
v -0.000538 -0.0015 -0.005976
v -0.001071 -0.0038 -0.005904
v -0.001596 -0.0015 -0.005784
v -0.002108 -0.0038 -0.005617
v -0.002603 -0.0015 -0.005406
v -0.003077 -0.0038 -0.005151
v -0.003527 -0.0015 -0.004854
v -0.003948 -0.0038 -0.004518
v -0.004337 -0.0015 -0.004146
v -0.004691 -0.0038 -0.003741
v -0.005007 -0.0015 -0.003305
v -0.005284 -0.0038 -0.002843
v -0.005517 -0.0015 -0.002358
v -0.005706 -0.0038 -0.001854
v -0.00585 -0.0015 -0.001335
v -0.005946 -0.0038 -0.000805
v -0.005994 -0.0015 -0.000269
v -0.005994 -0.0038 0.000269
v -0.005946 -0.0015 0.000805
v -0.00585 -0.0038 0.001335
v -0.005706 -0.0015 0.001854
v -0.005517 -0.0038 0.002358
v -0.005284 -0.0015 0.002843
v -0.005007 -0.0038 0.003305
v -0.004691 -0.0015 0.003741
v -0.004337 -0.0038 0.004146
v -0.003948 -0.0015 0.004518
v -0.003527 -0.0038 0.004854
v -0.003077 -0.0015 0.005151
v -0.002603 -0.0038 0.005406
v -0.002108 -0.0015 0.005617
v -0.001596 -0.0038 0.005784
v -0.001071 -0.0015 0.005904
v -0.000538 -0.0038 0.005976
v -0.00256 -0.0014 -0.005316
v -0.003468 -0.0014 -0.004773
v -0.004264 -0.0014 -0.004077
v -0.004924 -0.0014 -0.00325
v -0.005425 -0.0014 -0.002319
v -0.005752 -0.0014 -0.001313
v -0.005894 -0.0014 -0.000265
v -0.005847 -0.0014 0.000792
v -0.005611 -0.0014 0.001823
v -0.005196 -0.0014 0.002796
v -0.004613 -0.0014 0.003679
v -0.003882 -0.0014 0.004443
v -0.003026 -0.0014 0.005065
v -0.002073 -0.0014 0.005524
v -0.001053 -0.0014 0.005805
v 0 -0.0014 0.0059
v 0.001053 -0.0014 0.005805
v 0.002073 -0.0014 0.005524
v 0.003026 -0.0014 0.005065
v 0.003882 -0.0014 0.004443
v 0.004613 -0.0014 0.003679
v 0.005196 -0.0014 0.002796
v 0.005611 -0.0014 0.001823
v 0.005847 -0.0014 0.000792
v 0.005894 -0.0014 -0.000265
v 0.005752 -0.0014 -0.001313
v 0.005425 -0.0014 -0.002319
v 0.004924 -0.0014 -0.00325
v 0.004264 -0.0014 -0.004077
v 0.003468 -0.0014 -0.004773
v 0.00256 -0.0014 -0.005316
v 0.00157 -0.0014 -0.005687
v 0.000529 -0.0014 -0.005876
v -0.000529 -0.0014 -0.005876
v -0.00157 -0.0014 -0.005687
v 0.000278 -0.001403 0.005919
v 0.000831 -0.001403 0.005867
v 0.001377 -0.001403 0.005764
v 0.00191 -0.001403 0.00561
v 0.001918 -0.001413 0.005632
v 0.002437 -0.001413 0.005428
v 0.002446 -0.001429 0.005447
v 0.002945 -0.001429 0.005194
v 0.002953 -0.00145 0.005208
v 0.003427 -0.00145 0.004908
v 0.003433 -0.001474 0.004917
v 0.003878 -0.001474 0.004574
v 0.00429 -0.001474 0.00419
v 0.004663 -0.001474 0.00377
v 0.004996 -0.001474 0.003317
v 0.004655 -0.00145 0.003764
v 0.004987 -0.00145 0.003311
v 0.004643 -0.001429 0.003754
v 0.004974 -0.001429 0.003303
v 0.004627 -0.001413 0.003741
v 0.004957 -0.001413 0.003291
v 0.004608 -0.001403 0.003726
v 0.004937 -0.001403 0.003278
v 0.005222 -0.001403 0.002801
v 0.005461 -0.001403 0.0023
v 0.005653 -0.001403 0.001778
v 0.005676 -0.001413 0.001786
v 0.005818 -0.001413 0.001246
v 0.005838 -0.001429 0.001251
v 0.00593 -0.001429 0.000698
v 0.005946 -0.00145 0.0007
v 0.005985 -0.00145 0.00014
v 0.005995 -0.001474 0.000141
v 0.005982 -0.001474 -0.000421
v 0.005916 -0.001474 -0.00098
v 0.005798 -0.001474 -0.001529
v 0.00563 -0.001474 -0.002066
v 0.005789 -0.00145 -0.001527
v 0.00562 -0.00145 -0.002062
v 0.005773 -0.001429 -0.001523
v 0.005605 -0.001429 -0.002057
v 0.005753 -0.001413 -0.001518
v 0.005586 -0.001413 -0.00205
v 0.00573 -0.001403 -0.001511
v 0.005563 -0.001403 -0.002041
v 0.005348 -0.001403 -0.002553
v 0.005085 -0.001403 -0.003043
v 0.004778 -0.001403 -0.003506
v 0.004797 -0.001413 -0.00352
v 0.004447 -0.001413 -0.003954
v 0.004462 -0.001429 -0.003967
v 0.004071 -0.001429 -0.004368
v 0.004082 -0.00145 -0.004379
v 0.003654 -0.00145 -0.004742
v 0.00366 -0.001474 -0.00475
v 0.003199 -0.001474 -0.005072
v 0.004089 -0.001474 -0.004387
v 0.004481 -0.001474 -0.003985
v 0.004474 -0.00145 -0.003978
v 0.004827 -0.00145 -0.003542
v 0.004814 -0.001429 -0.003532
v 0.005123 -0.001429 -0.003066
v 0.005106 -0.001413 -0.003055
v 0.005369 -0.001413 -0.002564
v 0.002427 -0.001403 0.005406
v 0.002935 -0.001413 0.005176
v 0.003418 -0.001429 0.004895
v 0.003872 -0.00145 0.004566
v 0.003393 -0.001403 0.004859
v 0.003833 -0.001403 0.00452
v 0.004239 -0.001403 0.004141
v 0.004256 -0.001413 0.004158
v 0.004271 -0.001429 0.004172
v 0.003848 -0.001413 0.004538
v 0.003862 -0.001429 0.004554
v 0.003406 -0.001413 0.004878
v 0.002923 -0.001403 0.005155
v 0.005794 -0.001403 0.001241
v 0.005909 -0.001413 0.000696
v 0.005969 -0.001429 0.00014
v 0.005972 -0.00145 -0.000421
v 0.005924 -0.001403 0.000139
v 0.005911 -0.001403 -0.000416
v 0.005846 -0.001403 -0.000968
v 0.00587 -0.001413 -0.000972
v 0.00589 -0.001429 -0.000975
v 0.005935 -0.001413 -0.000418
v 0.005956 -0.001429 -0.00042
v 0.005948 -0.001413 0.000139
v 0.005885 -0.001403 0.000693
v 0.004428 -0.001403 -0.003938
v 0.004057 -0.001413 -0.004353
v 0.003644 -0.001429 -0.00473
v 0.003194 -0.00145 -0.005064
v 0.00271 -0.001474 -0.005349
v 0.002197 -0.001474 -0.00558
v 0.001665 -0.001474 -0.005761
v 0.001118 -0.001474 -0.005891
v 0.001662 -0.00145 -0.005751
v 0.001116 -0.00145 -0.005882
v 0.001658 -0.001429 -0.005736
v 0.001113 -0.001429 -0.005866
v 0.001652 -0.001413 -0.005716
v 0.001109 -0.001413 -0.005846
v 0.001645 -0.001403 -0.005693
v 0.001105 -0.001403 -0.005822
v 0.000555 -0.001403 -0.0059
v 0 -0.001403 -0.005926
v -0.000555 -0.001403 -0.0059
v -0.000557 -0.001413 -0.005924
v -0.001109 -0.001413 -0.005846
v -0.001113 -0.001429 -0.005866
v -0.001658 -0.001429 -0.005736
v -0.001662 -0.00145 -0.005751
v -0.002193 -0.00145 -0.00557
v -0.002197 -0.001474 -0.00558
v -0.00271 -0.001474 -0.005349
v -0.003199 -0.001474 -0.005072
v -0.00366 -0.001474 -0.00475
v -0.004089 -0.001474 -0.004387
v -0.003654 -0.00145 -0.004742
v -0.004082 -0.00145 -0.004379
v -0.003644 -0.001429 -0.00473
v -0.004071 -0.001429 -0.004368
v -0.003631 -0.001413 -0.004713
v -0.004057 -0.001413 -0.004353
v -0.003617 -0.001403 -0.004694
v -0.00404 -0.001403 -0.004335
v -0.004428 -0.001403 -0.003938
v -0.004778 -0.001403 -0.003506
v -0.005085 -0.001403 -0.003043
v -0.005106 -0.001413 -0.003055
v -0.005369 -0.001413 -0.002564
v -0.005388 -0.001429 -0.002573
v -0.005605 -0.001429 -0.002057
v -0.00562 -0.00145 -0.002062
v -0.005789 -0.00145 -0.001527
v -0.005798 -0.001474 -0.001529
v -0.005916 -0.001474 -0.00098
v -0.00563 -0.001474 -0.002066
v -0.005411 -0.001474 -0.002584
v -0.005402 -0.00145 -0.002579
v -0.005137 -0.00145 -0.003074
v -0.005123 -0.001429 -0.003066
v -0.004814 -0.001429 -0.003532
v -0.004797 -0.001413 -0.00352
v -0.004447 -0.001413 -0.003954
v 0.00404 -0.001403 -0.004335
v 0.003631 -0.001413 -0.004713
v 0.003185 -0.001429 -0.00505
v 0.002705 -0.00145 -0.00534
v 0.003161 -0.001403 -0.005012
v 0.002678 -0.001403 -0.005286
v 0.002171 -0.001403 -0.005514
v 0.00218 -0.001413 -0.005536
v 0.002188 -0.001429 -0.005556
v 0.002689 -0.001413 -0.005308
v 0.002698 -0.001429 -0.005326
v 0.003174 -0.001413 -0.005033
v 0.003617 -0.001403 -0.004694
v -0.001105 -0.001403 -0.005822
v -0.001652 -0.001413 -0.005716
v -0.002188 -0.001429 -0.005556
v -0.002705 -0.00145 -0.00534
v -0.002171 -0.001403 -0.005514
v -0.002678 -0.001403 -0.005286
v -0.003161 -0.001403 -0.005012
v -0.003174 -0.001413 -0.005033
v -0.003185 -0.001429 -0.00505
v -0.002689 -0.001413 -0.005308
v -0.002698 -0.001429 -0.005326
v -0.00218 -0.001413 -0.005536
v -0.001645 -0.001403 -0.005693
v -0.005348 -0.001403 -0.002553
v -0.005586 -0.001413 -0.00205
v -0.005773 -0.001429 -0.001523
v -0.005906 -0.00145 -0.000978
v -0.005982 -0.001474 -0.000421
v -0.005995 -0.001474 0.000141
v -0.005955 -0.001474 0.000701
v -0.005864 -0.001474 0.001256
v -0.005946 -0.00145 0.0007
v -0.005854 -0.00145 0.001254
v -0.00593 -0.001429 0.000698
v -0.005838 -0.001429 0.001251
v -0.005909 -0.001413 0.000696
v -0.005818 -0.001413 0.001246
v -0.005885 -0.001403 0.000693
v -0.005794 -0.001403 0.001241
v -0.005653 -0.001403 0.001778
v -0.005461 -0.001403 0.0023
v -0.005222 -0.001403 0.002801
v -0.005243 -0.001413 0.002812
v -0.004957 -0.001413 0.003291
v -0.004974 -0.001429 0.003303
v -0.004643 -0.001429 0.003754
v -0.004655 -0.00145 0.003764
v -0.004282 -0.00145 0.004183
v -0.00429 -0.001474 0.00419
v -0.003878 -0.001474 0.004574
v -0.003433 -0.001474 0.004917
v -0.002958 -0.001474 0.005216
v -0.002456 -0.001474 0.005471
v -0.002953 -0.00145 0.005208
v -0.002452 -0.00145 0.005461
v -0.002945 -0.001429 0.005194
v -0.002446 -0.001429 0.005447
v -0.002935 -0.001413 0.005176
v -0.002437 -0.001413 0.005428
v -0.002923 -0.001403 0.005155
v -0.002427 -0.001403 0.005406
v -0.00191 -0.001403 0.00561
v -0.001377 -0.001403 0.005764
v -0.000831 -0.001403 0.005867
v -0.000834 -0.001413 0.005891
v -0.000279 -0.001413 0.005943
v -0.00028 -0.001429 0.005964
v 0.00028 -0.001429 0.005964
v 0.000281 -0.00145 0.00598
v 0.000839 -0.00145 0.005927
v 0.000841 -0.001474 0.005937
v 0.001393 -0.001474 0.005833
v 0.000281 -0.001474 0.00599
v -0.000281 -0.001474 0.00599
v -0.000281 -0.00145 0.00598
v -0.000839 -0.00145 0.005927
v -0.000837 -0.001429 0.005912
v -0.001387 -0.001429 0.005807
v -0.001382 -0.001413 0.005787
v -0.001918 -0.001413 0.005632
v -0.005563 -0.001403 -0.002041
v -0.005753 -0.001413 -0.001518
v -0.00589 -0.001429 -0.000975
v -0.005972 -0.00145 -0.000421
v -0.005846 -0.001403 -0.000968
v -0.005911 -0.001403 -0.000416
v -0.005924 -0.001403 0.000139
v -0.005948 -0.001413 0.000139
v -0.005969 -0.001429 0.00014
v -0.005935 -0.001413 -0.000418
v -0.005956 -0.001429 -0.00042
v -0.00587 -0.001413 -0.000972
v -0.00573 -0.001403 -0.001511
v -0.004937 -0.001403 0.003278
v -0.004627 -0.001413 0.003741
v -0.004271 -0.001429 0.004172
v -0.003872 -0.00145 0.004566
v -0.004239 -0.001403 0.004141
v -0.003833 -0.001403 0.00452
v -0.003393 -0.001403 0.004859
v -0.003406 -0.001413 0.004878
v -0.003418 -0.001429 0.004895
v -0.003848 -0.001413 0.004538
v -0.003862 -0.001429 0.004554
v -0.004256 -0.001413 0.004158
v -0.004608 -0.001403 0.003726
v -0.000278 -0.001403 0.005919
v 0.000279 -0.001413 0.005943
v 0.000837 -0.001429 0.005912
v 0.001391 -0.00145 0.005823
v 0.001933 -0.001474 0.005676
v 0.002456 -0.001474 0.005471
v 0.002958 -0.001474 0.005216
v -0.000841 -0.001474 0.005937
v -0.001391 -0.00145 0.005823
v -0.001925 -0.001429 0.005652
v -0.001393 -0.001474 0.005833
v -0.00193 -0.00145 0.005667
v -0.004663 -0.001474 0.00377
v -0.004996 -0.001474 0.003317
v -0.004987 -0.00145 0.003311
v -0.005276 -0.00145 0.00283
v -0.005262 -0.001429 0.002822
v -0.005503 -0.001429 0.002317
v -0.005484 -0.001413 0.002309
v -0.005676 -0.001413 0.001786
v -0.005284 -0.001474 0.002835
v -0.005517 -0.00145 0.002323
v -0.005696 -0.001429 0.001792
v -0.005527 -0.001474 0.002327
v -0.005711 -0.00145 0.001796
v -0.005146 -0.001474 -0.003079
v -0.004827 -0.00145 -0.003542
v -0.004462 -0.001429 -0.003967
v -0.004835 -0.001474 -0.003547
v -0.004481 -0.001474 -0.003985
v -0.001665 -0.001474 -0.005761
v -0.001118 -0.001474 -0.005891
v -0.001116 -0.00145 -0.005882
v -0.000561 -0.00145 -0.00596
v -0.000559 -0.001429 -0.005944
v 0 -0.001429 -0.005971
v 0 -0.001413 -0.00595
v 0.000557 -0.001413 -0.005924
v -0.000562 -0.001474 -0.00597
v 0 -0.00145 -0.005987
v 0.000559 -0.001429 -0.005944
v 0 -0.001474 -0.005997
v 0.000561 -0.00145 -0.00596
v 0.004835 -0.001474 -0.003547
v 0.005137 -0.00145 -0.003074
v 0.005388 -0.001429 -0.002573
v 0.005146 -0.001474 -0.003079
v 0.005411 -0.001474 -0.002584
v 0.005955 -0.001474 0.000701
v 0.005864 -0.001474 0.001256
v 0.005854 -0.00145 0.001254
v 0.005711 -0.00145 0.001796
v 0.005696 -0.001429 0.001792
v 0.005503 -0.001429 0.002317
v 0.005484 -0.001413 0.002309
v 0.005243 -0.001413 0.002812
v 0.00572 -0.001474 0.001799
v 0.005517 -0.00145 0.002323
v 0.005262 -0.001429 0.002822
v 0.005527 -0.001474 0.002327
v 0.005276 -0.00145 0.00283
v 0.005402 -0.00145 -0.002579
v 0.005284 -0.001474 0.002835
v 0.000834 -0.001413 0.005891
v 0.001387 -0.001429 0.005807
v 0.00193 -0.00145 0.005667
v -0.001933 -0.001474 0.005676
v -0.00572 -0.001474 0.001799
v -0.004474 -0.00145 -0.003978
v 0.001382 -0.001413 0.005787
v 0.001925 -0.001429 0.005652
v 0.002452 -0.00145 0.005461
v 0.004282 -0.00145 0.004183
v 0.005906 -0.00145 -0.000978
v 0.002193 -0.00145 -0.00557
v 0.000562 -0.001474 -0.00597
v -0.003194 -0.00145 -0.005064
v -0.005985 -0.00145 0.00014
v -0.003427 -0.00145 0.004908
v -0.0265 -0.0038 0.0098
v -0.0265 -0.01 0.0098
v 0.0083 -0.0038 -0.0098
v 0.0083 -0.01 -0.0098
v -0.0012 -0.01 0.0133
v 0.004775 -0.01 0.009704
v 0.005713 -0.01 0.009419
v 0.006578 -0.01 0.008957
v 0.0083 -0.01 0.0098
v 0.007336 -0.01 0.008336
v 0.0088 -0.01 0.0098
v 0.007957 -0.01 0.007578
v 0.008419 -0.01 0.006713
v 0.0088 -0.01 0.0048
v 0.008704 -0.01 0.005775
v -0.0012 -0.01 -0.0133
v 0.004775 -0.01 -0.009704
v 0.005713 -0.01 -0.009419
v 0.006578 -0.01 -0.008957
v 0.007336 -0.01 -0.008336
v 0.0088 -0.01 -0.0098
v 0.007957 -0.01 -0.007578
v 0.008419 -0.01 -0.006713
v 0.008704 -0.01 -0.005775
v 0.0088 -0.01 -0.0048
v -0.026925 -0.01 -0.007468
v -0.026703 -0.01 -0.008102
v -0.026345 -0.01 -0.00867
v -0.0265 -0.01 -0.0098
v -0.02587 -0.01 -0.009145
v -0.025302 -0.01 -0.009503
v -0.024668 -0.01 -0.009725
v -0.017 -0.01 -0.0133
v -0.024668 -0.01 0.009725
v -0.025302 -0.01 0.009503
v -0.02587 -0.01 0.009145
v -0.026345 -0.01 0.00867
v -0.026703 -0.01 0.008102
v -0.026925 -0.01 0.007468
v -0.017 -0.01 0.0133
v -0.017 -0.0038 0.0133
v 0.0083 -0.0038 0.0098
v 0.0088 -0.0038 0.0098
v 0.0088 -0.0038 -0.0098
v -0.0012 -0.0038 0.0133
v -0.017 -0.0038 -0.0133
v -0.0265 -0.0038 -0.0098
v -0.0012 -0.0038 -0.0133
v 0.008704 -0.029744 -0.047043
v 0.008419 -0.029826 -0.047977
v 0.007957 -0.029902 -0.048838
v 0.007336 -0.029968 -0.049593
v 0.006578 -0.030022 -0.050212
v 0.005713 -0.030062 -0.050673
v 0.004775 -0.030087 -0.050956
v -0.012025 -0.030087 -0.050956
v -0.011087 -0.030062 -0.050673
v -0.010222 -0.030022 -0.050212
v -0.009464 -0.029968 -0.049593
v -0.008843 -0.029902 -0.048838
v -0.008381 -0.029826 -0.047977
v -0.008096 -0.029744 -0.047043
v -0.008 -0.029659 -0.046071
v -0.008 -0.028823 -0.036507
v 0.008704 -0.028738 -0.035536
v 0.008419 -0.028656 -0.034601
v -0.008096 -0.028738 -0.035536
v -0.008381 -0.028656 -0.034601
v -0.008843 -0.028581 -0.03374
v -0.009464 -0.028515 -0.032985
v -0.010222 -0.02846 -0.032366
v -0.011087 -0.02842 -0.031906
v -0.012025 -0.028395 -0.031622
v 0.004775 -0.028395 -0.031622
v 0.005713 -0.02842 -0.031906
v 0.006578 -0.02846 -0.032366
v 0.007336 -0.028515 -0.032985
v 0.007957 -0.028581 -0.03374
v -0.025302 -0.030368 -0.05073
v -0.024668 -0.028692 -0.031575
v -0.024668 -0.030387 -0.050951
v -0.025302 -0.028712 -0.031796
v -0.02587 -0.030337 -0.050374
v -0.02587 -0.028743 -0.032152
v -0.026345 -0.030296 -0.0499
v -0.027 -0.030133 -0.048037
v -0.026703 -0.030246 -0.049334
v -0.026925 -0.030191 -0.048702
v -0.026345 -0.028784 -0.032625
v -0.027 -0.028947 -0.034489
v -0.026703 -0.028834 -0.033192
v -0.026925 -0.028889 -0.033824
v -0.012025 -0.032777 -0.050721
v -0.011087 -0.032752 -0.050437
v -0.010222 -0.032711 -0.049977
v -0.009464 -0.032657 -0.049358
v -0.008843 -0.032591 -0.048603
v -0.008381 -0.032516 -0.047742
v -0.008096 -0.032434 -0.046807
v -0.008 -0.032349 -0.045835
v -0.012025 -0.031085 -0.031387
v -0.008 -0.031512 -0.036272
v -0.011087 -0.03111 -0.03167
v -0.010222 -0.03115 -0.03213
v -0.009464 -0.031204 -0.03275
v -0.008843 -0.03127 -0.033505
v -0.008381 -0.031346 -0.034366
v -0.008096 -0.031427 -0.0353
v -0.027 -0.028759 -0.031193
v -0.027 -0.018498 -0.03209
v -0.027 -0.016712 -0.011668
v -0.027 -0.011352 -0.033017
v -0.027 -0.001364 -0.033589
v -0.027 -0.011613 -0.036005
v -0.027 -0.030502 -0.051117
v -0.027 -0.01306 -0.052542
v -0.027 -0.003107 -0.053513
v -0.027 -0.012799 -0.049554
v -0.001418 -0.001835 -0.05159
v 0.003174 -0.000508 -0.036432
v -0.002603 -0.001808 -0.051283
v 0.004258 -0.000558 -0.037
v -0.000199 -0.001845 -0.051714
v 0.005242 -0.000622 -0.037727
v 0.001024 -0.00184 -0.051651
v 0.006103 -0.000698 -0.038594
v 0.002223 -0.001818 -0.051403
v 0.006821 -0.000784 -0.039583
v 0.00337 -0.001781 -0.050975
v 0.007379 -0.000879 -0.040669
v 0.004438 -0.001728 -0.050378
v 0.007764 -0.00098 -0.041827
v 0.005402 -0.001663 -0.049625
v 0.007968 -0.001086 -0.04303
v 0.00624 -0.001585 -0.048735
v 0.007984 -0.001192 -0.04425
v 0.006931 -0.001497 -0.047727
v 0.007813 -0.001298 -0.045459
v 0.007459 -0.0014 -0.046627
v 0.002016 -0.000474 -0.036035
v -0.003727 -0.001765 -0.050799
v 0.000811 -0.000455 -0.035818
v -0.004764 -0.001708 -0.050149
v -0.000414 -0.000452 -0.035788
v -0.005689 -0.001639 -0.04935
v -0.001628 -0.000466 -0.035944
v -0.006481 -0.001557 -0.048419
v -0.002805 -0.000495 -0.036283
v -0.007121 -0.001466 -0.047379
v -0.003916 -0.00054 -0.036797
v -0.007594 -0.001368 -0.046253
v -0.004935 -0.0006 -0.037474
v -0.007889 -0.001264 -0.045069
v -0.005838 -0.000672 -0.038298
v -0.007999 -0.001158 -0.043854
v -0.006605 -0.000755 -0.03925
v -0.007922 -0.001051 -0.042636
v -0.007216 -0.000847 -0.040307
v -0.007659 -0.000947 -0.041444
v -0.001418 -0.003827 -0.051416
v -0.002603 -0.0038 -0.051108
v -0.001627 -0.003553 -0.048282
v -0.000673 -0.003573 -0.048508
v -0.000199 -0.003838 -0.05154
v 0.000306 -0.003576 -0.048544
v 0.001024 -0.003832 -0.051477
v 0.001274 -0.003562 -0.048389
v 0.002223 -0.003811 -0.051228
v 0.002193 -0.003532 -0.048049
v 0.00337 -0.003773 -0.0508
v 0.004438 -0.003721 -0.050203
v -0.004764 -0.003701 -0.049975
v -0.002518 -0.003517 -0.047876
v -0.003727 -0.003758 -0.050624
v -0.003312 -0.003467 -0.047304
v -0.005689 -0.003631 -0.049175
v -0.003979 -0.003405 -0.046588
v -0.006481 -0.003549 -0.048245
v -0.004494 -0.003332 -0.045757
v -0.007121 -0.003458 -0.047204
v -0.007594 -0.00336 -0.046079
v -0.004835 -0.003252 -0.044842
v -0.007889 -0.003256 -0.044895
v -0.004991 -0.003167 -0.043878
v -0.007999 -0.00315 -0.043679
v -0.004954 -0.003082 -0.042902
v -0.007922 -0.003044 -0.042462
v -0.007659 -0.002939 -0.04127
v -0.004728 -0.002999 -0.041952
v -0.007216 -0.00284 -0.040132
v -0.00432 -0.002921 -0.041064
v -0.006605 -0.002747 -0.039075
v -0.003745 -0.002852 -0.040273
v -0.005838 -0.002664 -0.038124
v -0.003027 -0.002794 -0.039608
v -0.004935 -0.002592 -0.0373
v -0.003916 -0.002533 -0.036623
v -0.002193 -0.002749 -0.039096
v -0.002805 -0.002488 -0.036109
v -0.001274 -0.002719 -0.038756
v -0.001628 -0.002458 -0.03577
v -0.000306 -0.002706 -0.038601
v -0.000414 -0.002444 -0.035614
v 0.000811 -0.002447 -0.035644
v 0.000673 -0.002709 -0.038637
v 0.002016 -0.002466 -0.03586
v 0.001627 -0.002729 -0.038863
v 0.003174 -0.002501 -0.036257
v 0.002518 -0.002764 -0.039269
v 0.004258 -0.00255 -0.036826
v 0.003312 -0.002814 -0.039841
v 0.005242 -0.002614 -0.037552
v 0.006103 -0.00269 -0.03842
v 0.003979 -0.002877 -0.040557
v 0.006821 -0.002776 -0.039409
v 0.004494 -0.00295 -0.041388
v 0.007379 -0.002871 -0.040495
v 0.004835 -0.00303 -0.042303
v 0.007764 -0.002973 -0.041653
v 0.007968 -0.003078 -0.042856
v 0.004991 -0.003114 -0.043267
v 0.007984 -0.003185 -0.044076
v 0.004954 -0.003199 -0.044243
v 0.007813 -0.003291 -0.045284
v 0.004728 -0.003283 -0.045193
v 0.007459 -0.003393 -0.046452
v 0.00432 -0.00336 -0.046081
v 0.006931 -0.003489 -0.047553
v 0.00624 -0.003577 -0.04856
v 0.003745 -0.003429 -0.046872
v 0.005402 -0.003655 -0.049451
v 0.003027 -0.003488 -0.047537
v -0.000673 -0.004071 -0.048465
v -0.001627 -0.004051 -0.048239
v 0.000306 -0.004074 -0.048501
v 0.001274 -0.00406 -0.048346
v 0.002193 -0.00403 -0.048005
v 0.003027 -0.003986 -0.047493
v 0.003745 -0.003928 -0.046829
v 0.00432 -0.003858 -0.046037
v 0.004728 -0.003781 -0.04515
v 0.004954 -0.003698 -0.0442
v 0.004991 -0.003612 -0.043224
v 0.004835 -0.003528 -0.04226
v 0.004494 -0.003448 -0.041345
v 0.003979 -0.003375 -0.040513
v 0.003312 -0.003312 -0.039798
v 0.002518 -0.003262 -0.039226
v 0.001627 -0.003227 -0.038819
v 0.000673 -0.003207 -0.038593
v -0.000306 -0.003204 -0.038557
v -0.001274 -0.003217 -0.038712
v -0.002193 -0.003247 -0.039053
v -0.003027 -0.003292 -0.039565
v -0.003745 -0.00335 -0.040229
v -0.00432 -0.003419 -0.041021
v -0.004728 -0.003497 -0.041908
v -0.004954 -0.00358 -0.042858
v -0.004991 -0.003666 -0.043834
v -0.004835 -0.00375 -0.044798
v -0.004494 -0.00383 -0.045713
v -0.003979 -0.003903 -0.046545
v -0.003312 -0.003965 -0.04726
v -0.002518 -0.004015 -0.047832
v 0.001071 -0.003224 -0.037639
v 0.000538 -0.005509 -0.037367
v 0 -0.003216 -0.037543
v 0.001596 -0.005526 -0.037558
v 0.002108 -0.003249 -0.037924
v 0.002603 -0.005559 -0.037935
v 0.003077 -0.00329 -0.038389
v 0.003527 -0.005607 -0.038484
v 0.003948 -0.003345 -0.039019
v 0.004337 -0.005668 -0.039189
v 0.004691 -0.003412 -0.039794
v 0.005007 -0.005742 -0.040027
v 0.005284 -0.003491 -0.040688
v 0.005517 -0.005824 -0.040971
v 0.005706 -0.003577 -0.041673
v 0.00585 -0.005913 -0.04199
v 0.005946 -0.003668 -0.042718
v 0.005994 -0.006006 -0.043052
v 0.005994 -0.003762 -0.043788
v 0.005946 -0.0061 -0.044122
v 0.00585 -0.003855 -0.04485
v 0.005706 -0.006191 -0.045167
v 0.005517 -0.003944 -0.045869
v 0.005284 -0.006278 -0.046152
v 0.005007 -0.004027 -0.046813
v 0.004691 -0.006356 -0.047047
v 0.004337 -0.0041 -0.047651
v 0.003948 -0.006424 -0.047821
v 0.003527 -0.004162 -0.048356
v 0.003077 -0.006479 -0.048451
v 0.002603 -0.00421 -0.048905
v 0.002108 -0.006519 -0.048916
v 0.001596 -0.004243 -0.049282
v 0.001071 -0.006544 -0.049201
v 0.000538 -0.004259 -0.049473
v 0 -0.006553 -0.049297
v -0.000538 -0.004259 -0.049473
v -0.001071 -0.006544 -0.049201
v -0.001596 -0.004243 -0.049282
v -0.002108 -0.006519 -0.048916
v -0.002603 -0.00421 -0.048905
v -0.003077 -0.006479 -0.048451
v -0.003527 -0.004162 -0.048356
v -0.003948 -0.006424 -0.047821
v -0.004337 -0.0041 -0.047651
v -0.004691 -0.006356 -0.047047
v -0.005007 -0.004027 -0.046813
v -0.005284 -0.006278 -0.046152
v -0.005517 -0.003944 -0.045869
v -0.005706 -0.006191 -0.045167
v -0.00585 -0.003855 -0.04485
v -0.005946 -0.0061 -0.044122
v -0.005994 -0.003762 -0.043788
v -0.005994 -0.006006 -0.043052
v -0.005946 -0.003668 -0.042718
v -0.00585 -0.005913 -0.04199
v -0.005706 -0.003577 -0.041673
v -0.005517 -0.005824 -0.040971
v -0.005284 -0.003491 -0.040688
v -0.005007 -0.005742 -0.040027
v -0.004691 -0.003412 -0.039794
v -0.004337 -0.005668 -0.039189
v -0.003948 -0.003345 -0.039019
v -0.003527 -0.005607 -0.038484
v -0.003077 -0.00329 -0.038389
v -0.002603 -0.005559 -0.037935
v -0.002108 -0.003249 -0.037924
v -0.001596 -0.005526 -0.037558
v -0.001071 -0.003224 -0.037639
v -0.000538 -0.005509 -0.037367
v -0.00256 -0.004102 -0.048824
v -0.003468 -0.004055 -0.048284
v -0.004264 -0.003994 -0.047591
v -0.004924 -0.003922 -0.046767
v -0.005425 -0.003841 -0.045839
v -0.005752 -0.003753 -0.044837
v -0.005894 -0.003662 -0.043793
v -0.005847 -0.00357 -0.04274
v -0.005611 -0.00348 -0.041713
v -0.005196 -0.003395 -0.040744
v -0.004613 -0.003318 -0.039864
v -0.003882 -0.003252 -0.039103
v -0.003026 -0.003197 -0.038483
v -0.002073 -0.003157 -0.038026
v -0.001053 -0.003133 -0.037746
v 0 -0.003125 -0.037651
v 0.001053 -0.003133 -0.037746
v 0.002073 -0.003157 -0.038026
v 0.003026 -0.003197 -0.038483
v 0.003882 -0.003252 -0.039103
v 0.004613 -0.003318 -0.039864
v 0.005196 -0.003395 -0.040744
v 0.005611 -0.00348 -0.041713
v 0.005847 -0.00357 -0.04274
v 0.005894 -0.003662 -0.043793
v 0.005752 -0.003753 -0.044837
v 0.005425 -0.003841 -0.045839
v 0.004924 -0.003922 -0.046767
v 0.004264 -0.003994 -0.047591
v 0.003468 -0.004055 -0.048284
v 0.00256 -0.004102 -0.048824
v 0.00157 -0.004135 -0.049195
v 0.000529 -0.004151 -0.049383
v -0.000529 -0.004151 -0.049383
v -0.00157 -0.004135 -0.049195
v 0.000278 -0.003126 -0.037632
v 0.000831 -0.003131 -0.037684
v 0.001377 -0.00314 -0.037787
v 0.00191 -0.003153 -0.03794
v 0.001918 -0.003161 -0.037917
v 0.002437 -0.003179 -0.03812
v 0.002446 -0.003193 -0.0381
v 0.002945 -0.003215 -0.038352
v 0.002953 -0.003235 -0.038337
v 0.003427 -0.003261 -0.038635
v 0.003433 -0.003284 -0.038625
v 0.003878 -0.003314 -0.038966
v 0.00429 -0.003347 -0.039348
v 0.004663 -0.003384 -0.039767
v 0.004996 -0.003424 -0.040218
v 0.004655 -0.003361 -0.039775
v 0.004987 -0.0034 -0.040226
v 0.004643 -0.003341 -0.039787
v 0.004974 -0.00338 -0.040236
v 0.004627 -0.003326 -0.039801
v 0.004957 -0.003365 -0.040249
v 0.004608 -0.003318 -0.039817
v 0.004937 -0.003357 -0.040263
v 0.005222 -0.003398 -0.040738
v 0.005461 -0.003442 -0.041238
v 0.005653 -0.003487 -0.041757
v 0.005676 -0.003497 -0.041749
v 0.005818 -0.003544 -0.042286
v 0.005838 -0.003559 -0.042281
v 0.00593 -0.003607 -0.042831
v 0.005946 -0.003628 -0.042827
v 0.005985 -0.003676 -0.043385
v 0.005995 -0.0037 -0.043382
v 0.005982 -0.003749 -0.043942
v 0.005916 -0.003798 -0.044498
v 0.005798 -0.003846 -0.045046
v 0.00563 -0.003893 -0.04558
v 0.005789 -0.003822 -0.045046
v 0.00562 -0.003868 -0.045579
v 0.005773 -0.003801 -0.045043
v 0.005605 -0.003847 -0.045575
v 0.005753 -0.003784 -0.04504
v 0.005586 -0.003831 -0.04557
v 0.00573 -0.003774 -0.045034
v 0.005563 -0.00382 -0.045562
v 0.005348 -0.003865 -0.046072
v 0.005085 -0.003907 -0.04656
v 0.004778 -0.003948 -0.047021
v 0.004797 -0.003959 -0.047034
v 0.004447 -0.003997 -0.047466
v 0.004462 -0.004014 -0.047479
v 0.004071 -0.004049 -0.047878
v 0.004082 -0.00407 -0.047887
v 0.003654 -0.004102 -0.048249
v 0.00366 -0.004127 -0.048255
v 0.003199 -0.004155 -0.048575
v 0.004089 -0.004095 -0.047893
v 0.004481 -0.00406 -0.047492
v 0.004474 -0.004035 -0.047487
v 0.004827 -0.003997 -0.047053
v 0.004814 -0.003976 -0.047045
v 0.005123 -0.003935 -0.046581
v 0.005106 -0.003918 -0.046571
v 0.005369 -0.003876 -0.046082
v 0.002427 -0.003171 -0.038143
v 0.002935 -0.003201 -0.038372
v 0.003418 -0.003241 -0.03865
v 0.003872 -0.003291 -0.038976
v 0.003393 -0.003219 -0.038689
v 0.003833 -0.003248 -0.039026
v 0.004239 -0.003281 -0.039404
v 0.004256 -0.00329 -0.039386
v 0.004271 -0.003304 -0.03937
v 0.003848 -0.003257 -0.039007
v 0.003862 -0.003271 -0.03899
v 0.003406 -0.003227 -0.038668
v 0.002923 -0.003193 -0.038393
v 0.005794 -0.003534 -0.042292
v 0.005909 -0.003592 -0.042835
v 0.005969 -0.003656 -0.043387
v 0.005972 -0.003725 -0.043944
v 0.005924 -0.00363 -0.04339
v 0.005911 -0.003679 -0.043944
v 0.005846 -0.003727 -0.044493
v 0.00587 -0.003737 -0.044496
v 0.00589 -0.003753 -0.044498
v 0.005935 -0.003689 -0.043944
v 0.005956 -0.003705 -0.043944
v 0.005948 -0.00364 -0.043389
v 0.005885 -0.003582 -0.042838
v 0.004428 -0.003985 -0.047451
v 0.004057 -0.004032 -0.047864
v 0.003644 -0.00408 -0.048238
v 0.003194 -0.00413 -0.048569
v 0.00271 -0.004179 -0.048852
v 0.002197 -0.004199 -0.049081
v 0.001665 -0.004215 -0.049261
v 0.001118 -0.004226 -0.049392
v 0.001662 -0.00419 -0.049254
v 0.001116 -0.004201 -0.049384
v 0.001658 -0.004168 -0.049241
v 0.001113 -0.004179 -0.04937
v 0.001652 -0.00415 -0.049222
v 0.001109 -0.004162 -0.049351
v 0.001645 -0.004138 -0.0492
v 0.001105 -0.00415 -0.049328
v 0.000555 -0.004156 -0.049406
v 0 -0.004159 -0.049432
v -0.000555 -0.004156 -0.049406
v -0.000557 -0.004168 -0.049429
v -0.001109 -0.004162 -0.049351
v -0.001113 -0.004179 -0.04937
v -0.001658 -0.004168 -0.049241
v -0.001662 -0.00419 -0.049254
v -0.002193 -0.004174 -0.049074
v -0.002197 -0.004199 -0.049081
v -0.00271 -0.004179 -0.048852
v -0.003199 -0.004155 -0.048575
v -0.00366 -0.004127 -0.048255
v -0.004089 -0.004095 -0.047893
v -0.003654 -0.004102 -0.048249
v -0.004082 -0.00407 -0.047887
v -0.003644 -0.00408 -0.048238
v -0.004071 -0.004049 -0.047878
v -0.003631 -0.004063 -0.048223
v -0.004057 -0.004032 -0.047864
v -0.003617 -0.004051 -0.048205
v -0.00404 -0.00402 -0.047847
v -0.004428 -0.003985 -0.047451
v -0.004778 -0.003948 -0.047021
v -0.005085 -0.003907 -0.04656
v -0.005106 -0.003918 -0.046571
v -0.005369 -0.003876 -0.046082
v -0.005388 -0.003892 -0.046089
v -0.005605 -0.003847 -0.045575
v -0.00562 -0.003868 -0.045579
v -0.005789 -0.003822 -0.045046
v -0.005798 -0.003846 -0.045046
v -0.005916 -0.003798 -0.044498
v -0.00563 -0.003893 -0.04558
v -0.005411 -0.003938 -0.046096
v -0.005402 -0.003913 -0.046094
v -0.005137 -0.003957 -0.046587
v -0.005123 -0.003935 -0.046581
v -0.004814 -0.003976 -0.047045
v -0.004797 -0.003959 -0.047034
v -0.004447 -0.003997 -0.047466
v 0.00404 -0.00402 -0.047847
v 0.003631 -0.004063 -0.048223
v 0.003185 -0.004108 -0.048557
v 0.002705 -0.004154 -0.048845
v 0.003161 -0.004079 -0.048522
v 0.002678 -0.004103 -0.048795
v 0.002171 -0.004123 -0.049022
v 0.00218 -0.004135 -0.049043
v 0.002188 -0.004152 -0.049061
v 0.002689 -0.004115 -0.048815
v 0.002698 -0.004132 -0.048832
v 0.003174 -0.004091 -0.048541
v 0.003617 -0.004051 -0.048205
v -0.001105 -0.00415 -0.049328
v -0.001652 -0.00415 -0.049222
v -0.002188 -0.004152 -0.049061
v -0.002705 -0.004154 -0.048845
v -0.002171 -0.004123 -0.049022
v -0.002678 -0.004103 -0.048795
v -0.003161 -0.004079 -0.048522
v -0.003174 -0.004091 -0.048541
v -0.003185 -0.004108 -0.048557
v -0.002689 -0.004115 -0.048815
v -0.002698 -0.004132 -0.048832
v -0.00218 -0.004135 -0.049043
v -0.001645 -0.004138 -0.0492
v -0.005348 -0.003865 -0.046072
v -0.005586 -0.003831 -0.04557
v -0.005773 -0.003801 -0.045043
v -0.005906 -0.003774 -0.044499
v -0.005982 -0.003749 -0.043942
v -0.005995 -0.0037 -0.043382
v -0.005955 -0.003652 -0.042824
v -0.005864 -0.003603 -0.042271
v -0.005946 -0.003628 -0.042827
v -0.005854 -0.003579 -0.042276
v -0.00593 -0.003607 -0.042831
v -0.005838 -0.003559 -0.042281
v -0.005909 -0.003592 -0.042835
v -0.005818 -0.003544 -0.042286
v -0.005885 -0.003582 -0.042838
v -0.005794 -0.003534 -0.042292
v -0.005653 -0.003487 -0.041757
v -0.005461 -0.003442 -0.041238
v -0.005222 -0.003398 -0.040738
v -0.005243 -0.003407 -0.040726
v -0.004957 -0.003365 -0.040249
v -0.004974 -0.00338 -0.040236
v -0.004643 -0.003341 -0.039787
v -0.004655 -0.003361 -0.039775
v -0.004282 -0.003324 -0.039357
v -0.00429 -0.003347 -0.039348
v -0.003878 -0.003314 -0.038966
v -0.003433 -0.003284 -0.038625
v -0.002958 -0.003258 -0.038326
v -0.002456 -0.003236 -0.038073
v -0.002953 -0.003235 -0.038337
v -0.002452 -0.003213 -0.038084
v -0.002945 -0.003215 -0.038352
v -0.002446 -0.003193 -0.0381
v -0.002935 -0.003201 -0.038372
v -0.002437 -0.003179 -0.03812
v -0.002923 -0.003193 -0.038393
v -0.002427 -0.003171 -0.038143
v -0.00191 -0.003153 -0.03794
v -0.001377 -0.00314 -0.037787
v -0.000831 -0.003131 -0.037684
v -0.000834 -0.003139 -0.037659
v -0.000279 -0.003134 -0.037607
v -0.00028 -0.003148 -0.037585
v 0.00028 -0.003148 -0.037585
v 0.000281 -0.003167 -0.037567
v 0.000839 -0.003172 -0.03762
v 0.000841 -0.003195 -0.037608
v 0.001393 -0.003204 -0.037712
v 0.000281 -0.003191 -0.037555
v -0.000281 -0.003191 -0.037555
v -0.000281 -0.003167 -0.037567
v -0.000839 -0.003172 -0.03762
v -0.000837 -0.003153 -0.037637
v -0.001387 -0.003162 -0.037741
v -0.001382 -0.003148 -0.037763
v -0.001918 -0.003161 -0.037917
v -0.005563 -0.00382 -0.045562
v -0.005753 -0.003784 -0.04504
v -0.00589 -0.003753 -0.044498
v -0.005972 -0.003725 -0.043944
v -0.005846 -0.003727 -0.044493
v -0.005911 -0.003679 -0.043944
v -0.005924 -0.00363 -0.04339
v -0.005948 -0.00364 -0.043389
v -0.005969 -0.003656 -0.043387
v -0.005935 -0.003689 -0.043944
v -0.005956 -0.003705 -0.043944
v -0.00587 -0.003737 -0.044496
v -0.00573 -0.003774 -0.045034
v -0.004937 -0.003357 -0.040263
v -0.004627 -0.003326 -0.039801
v -0.004271 -0.003304 -0.03937
v -0.003872 -0.003291 -0.038976
v -0.004239 -0.003281 -0.039404
v -0.003833 -0.003248 -0.039026
v -0.003393 -0.003219 -0.038689
v -0.003406 -0.003227 -0.038668
v -0.003418 -0.003241 -0.03865
v -0.003848 -0.003257 -0.039007
v -0.003862 -0.003271 -0.03899
v -0.004256 -0.00329 -0.039386
v -0.004608 -0.003318 -0.039817
v -0.000278 -0.003126 -0.037632
v 0.000279 -0.003134 -0.037607
v 0.000837 -0.003153 -0.037637
v 0.001391 -0.003181 -0.037724
v 0.001933 -0.003218 -0.037868
v 0.002456 -0.003236 -0.038073
v 0.002958 -0.003258 -0.038326
v -0.000841 -0.003195 -0.037608
v -0.001391 -0.003181 -0.037724
v -0.001925 -0.003175 -0.037896
v -0.001393 -0.003204 -0.037712
v -0.00193 -0.003195 -0.037879
v -0.004663 -0.003384 -0.039767
v -0.004996 -0.003424 -0.040218
v -0.004987 -0.0034 -0.040226
v -0.005276 -0.003442 -0.040706
v -0.005262 -0.003422 -0.040715
v -0.005503 -0.003466 -0.041218
v -0.005484 -0.003451 -0.041227
v -0.005676 -0.003497 -0.041749
v -0.005284 -0.003466 -0.040699
v -0.005517 -0.003486 -0.04121
v -0.005696 -0.003512 -0.041742
v -0.005527 -0.00351 -0.041204
v -0.005711 -0.003532 -0.041735
v -0.005146 -0.003981 -0.04659
v -0.004827 -0.003997 -0.047053
v -0.004462 -0.004014 -0.047479
v -0.004835 -0.004022 -0.047056
v -0.004481 -0.00406 -0.047492
v -0.001665 -0.004215 -0.049261
v -0.001118 -0.004226 -0.049392
v -0.001116 -0.004201 -0.049384
v -0.000561 -0.004208 -0.049462
v -0.000559 -0.004186 -0.049448
v 0 -0.004188 -0.049474
v 0 -0.004171 -0.049455
v 0.000557 -0.004168 -0.049429
v -0.000562 -0.004233 -0.04947
v 0 -0.00421 -0.049488
v 0.000559 -0.004186 -0.049448
v 0 -0.004235 -0.049496
v 0.000561 -0.004208 -0.049462
v 0.004835 -0.004022 -0.047056
v 0.005137 -0.003957 -0.046587
v 0.005388 -0.003892 -0.046089
v 0.005146 -0.003981 -0.04659
v 0.005411 -0.003938 -0.046096
v 0.005955 -0.003652 -0.042824
v 0.005864 -0.003603 -0.042271
v 0.005854 -0.003579 -0.042276
v 0.005711 -0.003532 -0.041735
v 0.005696 -0.003512 -0.041742
v 0.005503 -0.003466 -0.041218
v 0.005484 -0.003451 -0.041227
v 0.005243 -0.003407 -0.040726
v 0.00572 -0.003556 -0.04173
v 0.005517 -0.003486 -0.04121
v 0.005262 -0.003422 -0.040715
v 0.005527 -0.00351 -0.041204
v 0.005276 -0.003442 -0.040706
v 0.005402 -0.003913 -0.046094
v 0.005284 -0.003466 -0.040699
v 0.000834 -0.003139 -0.037659
v 0.001387 -0.003162 -0.037741
v 0.00193 -0.003195 -0.037879
v -0.001933 -0.003218 -0.037868
v -0.00572 -0.003556 -0.04173
v -0.004474 -0.004035 -0.047487
v 0.001382 -0.003148 -0.037763
v 0.001925 -0.003175 -0.037896
v 0.002452 -0.003213 -0.038084
v 0.004282 -0.003324 -0.039357
v 0.005906 -0.003774 -0.044499
v 0.002193 -0.004174 -0.049074
v 0.000562 -0.004233 -0.04947
v -0.003194 -0.00413 -0.048569
v -0.005985 -0.003676 -0.043385
v -0.003427 -0.003261 -0.038635
v -0.0265 -0.005176 -0.033557
v -0.0265 -0.011352 -0.033017
v 0.0083 -0.006893 -0.053182
v 0.0083 -0.013069 -0.052642
v 0.0083 -0.006884 -0.053083
v 0.0083 -0.01306 -0.052542
v -0.0012 -0.011047 -0.02953
v 0.004775 -0.01136 -0.033112
v 0.005713 -0.011385 -0.033396
v 0.006578 -0.011425 -0.033856
v 0.0083 -0.011352 -0.033017
v 0.007336 -0.01148 -0.034476
v 0.007957 -0.011546 -0.03523
v 0.008419 -0.011621 -0.036092
v 0.008704 -0.011703 -0.037026
v -0.0012 -0.013365 -0.056029
v 0.0083 -0.013365 -0.056029
v 0.004775 -0.013052 -0.052446
v 0.005713 -0.013027 -0.052163
v 0.006578 -0.012987 -0.051703
v 0.007336 -0.012933 -0.051083
v 0.007957 -0.012867 -0.050328
v 0.008419 -0.012791 -0.049467
v 0.008704 -0.012709 -0.048533
v -0.026925 -0.012857 -0.050219
v -0.026703 -0.012912 -0.05085
v -0.026345 -0.012962 -0.051417
v -0.0265 -0.01306 -0.052542
v -0.02587 -0.013003 -0.05189
v -0.025302 -0.013034 -0.052246
v -0.0265 -0.013069 -0.052642
v -0.024668 -0.013054 -0.052467
v -0.0265 -0.013365 -0.056029
v -0.017 -0.013365 -0.056029
v -0.024668 -0.011359 -0.033092
v -0.025302 -0.011378 -0.033313
v -0.02587 -0.011409 -0.033669
v -0.026345 -0.01145 -0.034142
v -0.026703 -0.0115 -0.034709
v -0.026925 -0.011555 -0.03534
v -0.017 -0.011047 -0.02953
v -0.017 -0.004871 -0.03007
v 0.0083 -0.005176 -0.033557
v -0.0012 -0.004871 -0.03007
v -0.017 -0.007189 -0.056569
v -0.0265 -0.007189 -0.056569
v -0.0265 -0.006893 -0.053182
v -0.0265 -0.006884 -0.053083
v -0.0012 -0.007189 -0.056569
v 0.0083 -0.007189 -0.056569
v 0.0083 -0.030502 -0.051117
v 0.0083 -0.03798 -0.053976
v 0.0083 -0.006401 -0.056739
v 0.0083 -0.005729 -0.056722
v 0.0083 -0.005078 -0.056556
v 0.0083 -0.00448 -0.05625
v 0.0083 -0.003966 -0.055818
v 0.0083 -0.00356 -0.055282
v 0.0083 -0.003284 -0.05467
v 0.0083 -0.003151 -0.054011
v 0.0083 -0.003107 -0.053513
v 0.0083 -0.028759 -0.031193
v 0.0083 -0.038853 -0.032267
v 0.0083 -0.038611 -0.032168
v 0.0083 -0.038404 -0.03201
v 0.0083 -0.038244 -0.031803
v 0.0083 -0.038143 -0.031563
v 0.0083 -0.038108 -0.031304
v 0.0083 -0.038141 -0.031045
v 0.0083 -0.03824 -0.030803
v 0.0083 -0.038398 -0.030596
v 0.0083 -0.038605 -0.030436
v 0.0083 -0.038845 -0.030335
v 0.0083 -0.039104 -0.030294
v 0.0083 -0.04707 -0.043142
v 0.0083 -0.047099 -0.04445
v 0.0083 -0.046957 -0.04575
v 0.0083 -0.046646 -0.047021
v 0.0083 -0.046172 -0.04824
v 0.0083 -0.045542 -0.049387
v 0.0083 -0.044769 -0.050442
v 0.0083 -0.043864 -0.051387
v 0.0083 -0.042844 -0.052205
v 0.0083 -0.041726 -0.052884
v 0.0083 -0.040529 -0.053411
v 0.0083 -0.039273 -0.053777
v 0.0083 -0.039112 -0.0323
v 0.0083 -0.039371 -0.032265
v 0.0083 -0.039611 -0.032164
v 0.0083 -0.045894 -0.029694
v 0.0083 -0.039818 -0.032004
v 0.0083 -0.039976 -0.031797
v 0.0083 -0.040075 -0.031555
v 0.0083 -0.040108 -0.031296
v 0.0083 -0.040073 -0.031037
v 0.0083 -0.039972 -0.030797
v 0.0083 -0.039812 -0.03059
v 0.0083 -0.039605 -0.030432
v 0.0083 -0.039363 -0.030333
v -0.0265 -0.003151 -0.054011
v -0.0265 -0.003107 -0.053513
v -0.0265 -0.030502 -0.051117
v -0.0265 -0.028759 -0.031193
v -0.0265 -0.039104 -0.030294
v -0.0265 -0.03798 -0.053976
v -0.0265 -0.039273 -0.053777
v -0.0265 -0.040529 -0.053411
v -0.0265 -0.041726 -0.052884
v -0.0265 -0.042844 -0.052205
v -0.0265 -0.043864 -0.051387
v -0.0265 -0.044769 -0.050442
v -0.0265 -0.045542 -0.049387
v -0.0265 -0.046172 -0.04824
v -0.0265 -0.046646 -0.047021
v -0.0265 -0.046957 -0.04575
v -0.0265 -0.047099 -0.04445
v -0.0265 -0.006401 -0.056739
v -0.0265 -0.005729 -0.056722
v -0.0265 -0.005078 -0.056556
v -0.0265 -0.003966 -0.055818
v -0.0265 -0.00356 -0.055282
v -0.0265 -0.003284 -0.05467
v -0.0265 -0.00448 -0.05625
v 0.0113 -0.095 -0.028549
v 0.0093 -0.038849 -0.032266
v 0.0093 -0.038849 -0.030334
v 0.0093 -0.039108 -0.0323
v 0.0093 -0.038608 -0.030434
v 0.0093 -0.038608 -0.032166
v 0.0093 -0.038401 -0.030593
v 0.0093 -0.038401 -0.032007
v 0.0093 -0.038242 -0.0308
v 0.0093 -0.038242 -0.0318
v 0.0093 -0.038142 -0.031041
v 0.0093 -0.038142 -0.031559
v 0.0093 -0.038108 -0.0313
v 0.0093 -0.039108 -0.0303
v 0.0093 -0.039367 -0.032266
v 0.0093 -0.039367 -0.030334
v 0.0093 -0.039608 -0.032166
v 0.0093 -0.039608 -0.030434
v 0.0093 -0.039815 -0.032007
v 0.0093 -0.039815 -0.030593
v 0.0093 -0.039974 -0.0318
v 0.0093 -0.039974 -0.0308
v 0.0093 -0.040074 -0.031559
v 0.0093 -0.040074 -0.031041
v 0.0093 -0.040108 -0.0313
v 0.0113 -0.079004 0.001095
v 0.0113 -0.086852 0.031314
v 0.0113 -0.078332 0.001111
v 0.0113 -0.08794 0.03034
v 0.0113 -0.079655 0.000929
v 0.0113 -0.089147 0.029517
v 0.0113 -0.090452 0.028862
v 0.0113 -0.080253 0.000622
v 0.0113 -0.091833 0.028386
v 0.0113 -0.080767 0.00019
v 0.0113 -0.093264 0.028097
v 0.0113 -0.081173 -0.000345
v 0.0113 -0.094722 0.028
v 0.0113 -0.095 0.028
v 0.0113 -0.081449 -0.000957
v 0.0113 -0.085903 0.032425
v 0.0113 -0.08511 0.033651
v 0.0113 -0.084486 0.034971
v 0.0113 -0.046454 -0.001678
v 0.0113 -0.066369 0.051492
v 0.0113 -0.084043 0.036363
v 0.0113 -0.068261 0.051235
v 0.0113 -0.070119 0.050799
v 0.0113 -0.071928 0.050187
v 0.0113 -0.07367 0.049406
v 0.0113 -0.07533 0.048463
v 0.0113 -0.076892 0.047365
v 0.0113 -0.078342 0.046124
v 0.0113 -0.079668 0.044749
v 0.0113 -0.080856 0.043255
v 0.0113 -0.081896 0.041654
v 0.0113 -0.082779 0.039962
v 0.0113 -0.083497 0.038192
v 0.0113 -0.045796 -0.001811
v 0.0113 -0.006401 0.056739
v 0.0113 -0.045183 -0.002087
v 0.0113 0 0.018
v 0.0113 -0.044648 -0.002493
v 0.0113 -0.044216 -0.003007
v 0.0113 -0.003151 0.054011
v 0.0113 -0.005729 0.056722
v 0.0113 -0.005078 0.056556
v 0.0113 -0.00448 0.05625
v 0.0113 -0.003966 0.055818
v 0.0113 -0.00356 0.055282
v 0.0113 -0.003284 0.05467
v 0.0113 0 -0.018
v 0.0113 -0.043744 -0.004256
v 0.0113 -0.043727 -0.004928
v 0.0113 -0.04707 -0.043142
v 0.0113 -0.03798 -0.053976
v 0.0113 -0.006401 -0.056739
v 0.0113 -0.003151 -0.054011
v 0.0113 -0.005729 -0.056722
v 0.0113 -0.005078 -0.056556
v 0.0113 -0.00448 -0.05625
v 0.0113 -0.003966 -0.055818
v 0.0113 -0.00356 -0.055282
v 0.0113 -0.003284 -0.05467
v 0.0113 -0.039273 -0.053777
v 0.0113 -0.040529 -0.053411
v 0.0113 -0.041726 -0.052884
v 0.0113 -0.042844 -0.052205
v 0.0113 -0.043864 -0.051387
v 0.0113 -0.044769 -0.050442
v 0.0113 -0.045542 -0.049387
v 0.0113 -0.046172 -0.04824
v 0.0113 -0.046646 -0.047021
v 0.0113 -0.046957 -0.04575
v 0.0113 -0.047099 -0.04445
v 0.0113 -0.04391 -0.003605
v 0.0088 0 -0.01
v 0.0088 0 0.01
v 0.0088 -0.0275 -0.01
v 0.0088 -0.0275 0.01
v 0.0088 -0.003107 0.053513
v 0.0088 -0.001364 0.033589
v 0.0088 -0.030502 0.051117
v 0.0088 -0.028759 0.031193
vn -0.1079 0.0866 0.9904
vn -0.319 0.0826 0.9441
vn -0.5154 0.0747 0.8537
vn -0.5157 0.0747 0.8535
vn -0.6879 0.0632 0.723
vn -0.8279 0.0489 0.5588
vn -0.8276 0.0489 0.5591
vn -0.929 0.0323 0.3688
vn -0.9868 0.0141 0.1611
vn -0.9985 -0.0047 -0.0542
vn -0.9636 -0.0233 -0.2665
vn -0.9637 -0.0233 -0.2662
vn -0.8835 -0.0408 -0.4666
vn -0.8836 -0.0408 -0.4665
vn -0.7621 -0.0564 -0.645
vn -0.6051 -0.0694 -0.7931
vn -0.6053 -0.0694 -0.793
vn -0.42 -0.0791 -0.9041
vn -0.4201 -0.0791 -0.904
vn -0.2146 -0.0851 -0.973
vn -0.215 -0.0851 -0.9729
vn 0 -0.0871 -0.9962
vn 0.2146 -0.0851 -0.973
vn 0.42 -0.0791 -0.9041
vn 0.4201 -0.0791 -0.904
vn 0.6051 -0.0694 -0.7931
vn 0.6049 -0.0695 -0.7932
vn 0.6053 -0.0694 -0.793
vn 0.7622 -0.0564 -0.6449
vn 0.7621 -0.0564 -0.645
vn 0.8836 -0.0408 -0.4665
vn 0.8835 -0.0408 -0.4666
vn 0.8835 -0.0408 -0.4667
vn 0.9637 -0.0233 -0.2661
vn 0.9985 -0.0047 -0.0542
vn 0.9868 0.0141 0.1611
vn 0.929 0.0323 0.3688
vn 0.8279 0.0489 0.5588
vn 0.8278 0.0489 0.5588
vn 0.8278 0.0489 0.5589
vn 0.6879 0.0632 0.723
vn 0.5154 0.0747 0.8537
vn 0.5157 0.0747 0.8535
vn 0.319 0.0826 0.9441
vn 0.1079 0.0866 0.9904
vn -0.9637 -0.0233 -0.2661
vn -0.7622 -0.0564 -0.6448
vn -0.605 -0.0694 -0.7932
vn 0.6054 -0.0694 -0.7929
vn 0.7622 -0.0564 -0.6448
vn 0 -0.9962 0.087
vn 0 -0.9962 0.0869
vn 0 -0.9962 0.0874
vn 0 -0.9962 0.0868
vn 0 -0.9962 0.0872
vn 0 -0.9962 0.0875
vn 0 -0.9962 0.0873
vn 0 -0.9962 0.0871
vn 0 -0.9962 0.0876
vn -1 0 0
vn 1 0 0
vn 1 0.0001 0
vn 0 0.9962 -0.0872
vn 0 0.0871 -0.9962
vn 0 0.087 -0.9962
vn 0 0.0872 -0.9962
vn 0 -0.0871 0.9962
vn 0 -0.0872 0.9962
vn 0 -0.0874 0.9962
vn 0 -0.087 0.9962
vn 0 -0.0873 0.9962
vn 0 0 -1
vn 0 0 1
vn 0 -0.087 -0.9962
vn 0 -0.0874 -0.9962
vn 0 -0.0872 -0.9962
vn 0 -0.0873 -0.9962
vn 0 0.0872 0.9962
vn 0 0.0871 0.9962
vn 0 0.087 0.9962
vn -0.0001 -0.9962 0.0871
vn 0 0.9962 0.0872
vn 0 -0.9962 -0.0872
vn 0 0.9962 -0.0873
vn -0.0001 0.9962 -0.0869
vn 0 0.9962 -0.087
vn -0.0001 0.9962 -0.087
vn 0.0001 0.9962 -0.0874
vn 0 0.9962 -0.0871
vn -0.0002 0.9962 -0.087
vn 0 0.9962 -0.0874
vn 0.0001 0.9962 -0.0872
vn -0.0003 0.9962 -0.0874
vn -0.0001 0.9962 -0.0873
vn 0.0001 0.9962 -0.0871
vn 0.0002 0.9962 -0.0871
vn -0.0002 0.9962 -0.0871
vn -0.0001 0.9962 -0.0871
vn -0.0001 0.9962 -0.0872
vn 0 0.9962 -0.0875
vn 0.0001 0.9962 -0.087
vn 0.0001 0.9962 -0.0869
vn 0.0004 0.9962 -0.0868
vn 0.0003 0.9962 -0.0871
vn -0.0002 0.9962 -0.0873
vn 0.0004 0.9962 -0.0871
vn -0.0002 0.9962 -0.0872
vn -0.0978 -0.0868 -0.9914
vn -0.0981 -0.0867 -0.9914
vn -0.0983 -0.0866 -0.9914
vn -0.2904 -0.0834 -0.9533
vn -0.2903 -0.0834 -0.9533
vn -0.2905 -0.0833 -0.9532
vn -0.4712 -0.0768 -0.8787
vn -0.4713 -0.0769 -0.8786
vn -0.6345 -0.0673 -0.77
vn -0.6341 -0.0675 -0.7703
vn -0.6344 -0.0674 -0.77
vn -0.7732 -0.0554 -0.6318
vn -0.7731 -0.0553 -0.6319
vn -0.8819 -0.0411 -0.4696
vn -0.882 -0.0412 -0.4695
vn -0.8819 -0.0412 -0.4696
vn -0.9568 -0.0254 -0.2897
vn -0.9568 -0.0253 -0.2895
vn -0.9569 -0.0253 -0.2895
vn -0.9952 -0.0085 -0.0976
vn -0.9952 -0.0086 -0.0976
vn -0.9952 -0.0085 -0.0975
vn -0.4709 -0.0768 -0.8788
vn -0.6343 -0.0675 -0.7702
vn -0.7731 -0.0555 -0.6319
vn -0.8821 -0.041 -0.4692
vn -0.957 -0.0253 -0.2891
vn 0.0002 0.9962 -0.0872
vn -0.9952 0.0085 0.0975
vn -0.9569 0.0253 0.2893
vn -0.9569 0.0253 0.2894
vn -0.8819 0.041 0.4696
vn -0.7731 0.0553 0.6319
vn -0.7731 0.0553 0.6318
vn -0.6345 0.0673 0.77
vn -0.6343 0.0674 0.7701
vn -0.4711 0.077 0.8787
vn -0.4716 0.0768 0.8785
vn -0.4715 0.0769 0.8785
vn -0.2903 0.0834 0.9533
vn -0.2901 0.0834 0.9533
vn -0.2901 0.0834 0.9534
vn -0.0983 0.0866 0.9914
vn -0.0984 0.0866 0.9914
vn -0.098 0.0867 0.9914
vn -0.9568 0.0253 0.2897
vn -0.6346 0.0673 0.7699
vn -0.4712 0.077 0.8787
vn -0.2902 0.0834 0.9533
vn -0.1421 -0.0863 -0.9861
vn -0.1422 -0.0863 -0.9861
vn -0.1423 -0.0863 -0.9861
vn -0.3921 -0.08 -0.9164
vn -0.3922 -0.08 -0.9164
vn -0.616 -0.0687 -0.7848
vn -0.616 -0.0686 -0.7847
vn -0.6158 -0.0687 -0.7849
vn -0.798 -0.0527 -0.6004
vn -0.798 -0.0525 -0.6003
vn -0.9262 -0.0329 -0.3756
vn -0.9263 -0.033 -0.3754
vn -0.9263 -0.0329 -0.3755
vn -0.9921 -0.011 -0.1251
vn -0.9921 -0.011 -0.1252
vn -0.991 0.0117 0.1335
vn -0.991 0.0117 0.1334
vn -0.991 0.0117 0.1333
vn -0.9231 0.0335 0.3831
vn -0.3921 -0.08 -0.9165
vn -0.6159 -0.0687 -0.7848
vn -0.7981 -0.0527 -0.6002
vn -0.9231 0.0335 0.383
vn -0.7929 0.0531 0.6071
vn -0.7928 0.0531 0.6071
vn -0.7929 0.0531 0.607
vn -0.6093 0.0691 0.7899
vn -0.3847 0.0804 0.9195
vn -0.3846 0.0804 0.9196
vn -0.3846 0.0805 0.9196
vn -0.1339 0.0864 0.9872
vn -0.1338 0.0864 0.9872
vn -0.134 0.0864 0.9872
vn 0.1257 0.0863 0.9883
vn 0.3769 0.0806 0.9227
vn 0.3769 0.0809 0.9227
vn 0.6028 0.0695 0.7949
vn 0.7879 0.0537 0.6134
vn 0.788 0.0536 0.6133
vn 0.7879 0.0536 0.6135
vn 0.9199 0.0342 0.3907
vn 0.9898 0.0124 0.1416
vn 0.9898 0.0124 0.1417
vn 0.9899 0.0124 0.1415
vn -0.6094 0.069 0.7898
vn 0.7879 0.0537 0.6135
vn 0.9899 -0.0124 -0.1415
vn 0.9898 -0.0124 -0.142
vn 0.9898 -0.0124 -0.1417
vn 0.9199 -0.0342 -0.3907
vn 0.9199 -0.0342 -0.3906
vn 0.7879 -0.0537 -0.6135
vn 0.788 -0.0536 -0.6134
vn 0.7878 -0.0536 -0.6135
vn 0.6031 -0.0695 -0.7946
vn 0.6027 -0.0695 -0.795
vn 0.6027 -0.0695 -0.7949
vn 0.3769 -0.0809 -0.9227
vn 0.3769 -0.0806 -0.9227
vn 0.126 -0.0867 -0.9882
vn 0.1257 -0.0865 -0.9883
vn -0.134 -0.0864 -0.9872
vn -0.1339 -0.0864 -0.9872
vn -0.3846 -0.0805 -0.9196
vn -0.3845 -0.0806 -0.9196
vn 0.7879 -0.0537 -0.6134
vn 0.6028 -0.0695 -0.7948
vn 0.1257 -0.0868 -0.9883
vn -0.3849 -0.0803 -0.9195
vn -0.6093 -0.0691 -0.7899
vn -0.6092 -0.0691 -0.79
vn -0.6094 -0.0691 -0.7898
vn -0.7928 -0.0531 -0.6071
vn -0.7929 -0.0531 -0.607
vn -0.9231 -0.0335 -0.3831
vn -0.991 -0.0117 -0.1336
vn -0.991 -0.0117 -0.1334
vn -0.991 -0.0117 -0.1335
vn -0.9921 0.011 0.1252
vn -0.9921 0.011 0.1251
vn -0.9262 0.0329 0.3755
vn -0.9263 0.0329 0.3754
vn -0.9262 0.0329 0.3756
vn -0.7981 0.0524 0.6003
vn -0.7979 0.0525 0.6005
vn -0.6158 0.0687 0.7849
vn -0.6159 0.0687 0.7848
vn -0.3921 0.08 0.9164
vn -0.3922 0.0804 0.9164
vn -0.3922 0.08 0.9164
vn -0.1421 0.0863 0.9861
vn -0.1422 0.0863 0.9861
vn -0.793 -0.053 -0.607
vn -0.7978 0.0526 0.6006
vn -0.392 0.08 0.9165
vn 0.0002 -0.9962 0.0869
vn 0.0002 -0.9962 0.0871
vn -0.0001 -0.9962 0.0869
vn -0.0002 -0.9962 0.0873
vn -0.0002 -0.9962 0.0874
vn 0.0001 -0.9962 0.0872
vn -0.0001 -0.9962 0.0872
vn -0.0002 -0.9962 0.0875
vn 0.0002 -0.9962 0.0874
vn 0.0002 -0.9962 0.0872
vn 0.0002 -0.9962 0.087
vn 0.0001 -0.9962 0.0871
vn -0.0001 -0.9962 0.0873
vn -0.0001 -0.9962 0.0874
vn -0.0001 -0.9962 0.087
vn 0.0003 -0.9962 0.0874
vn -0.0002 -0.9962 0.087
vn -0.0002 -0.9962 0.0872
vn 0.0001 -0.9962 0.0869
vn -0.4112 -0.5463 0.7297
vn -0.5482 0.2018 0.8116
vn -0.6146 0.1977 0.7637
vn -0.5174 -0.5532 0.6529
vn -0.6765 0.193 0.7107
vn -0.6841 0.4351 0.5854
vn -0.6842 0.4351 0.5853
vn -0.6297 0.6482 0.4281
vn -0.6297 0.6482 0.4282
vn -0.5122 0.8188 0.2593
vn -0.5122 0.8188 0.2592
vn -0.3381 0.9359 0.0987
vn -0.1408 0.9897 -0.0257
vn -0.0953 0.9939 -0.0548
vn -0.3718 0.9283 0.0106
vn -0.3718 0.9283 0.0105
vn -0.5916 0.8027 0.0757
vn -0.5915 0.8027 0.0756
vn -0.7707 0.6226 0.1356
vn -0.8973 0.4002 0.1864
vn -0.8973 0.4002 0.1863
vn -0.8973 0.4003 0.1864
vn -0.9628 0.1505 0.2243
vn -0.7782 -0.5919 0.2098
vn -0.9791 0.1434 0.1443
vn -0.9886 0.1366 0.0632
vn -0.7936 -0.6032 0.0801
vn -0.9915 0.1292 -0.0183
vn -0.9915 0.1292 -0.0182
vn -0.9202 0.3739 -0.1158
vn -0.9203 0.3738 -0.1158
vn -0.7819 0.5942 -0.1887
vn -0.5894 0.7767 -0.2222
vn -0.3613 0.9092 -0.207
vn -0.1522 0.9763 -0.1538
vn -0.3355 0.9042 -0.2644
vn -0.3355 0.9042 -0.2645
vn -0.5336 0.7644 -0.3617
vn -0.5337 0.7644 -0.3618
vn -0.5336 0.7645 -0.3617
vn -0.6953 0.5727 -0.4343
vn -0.6953 0.5728 -0.4342
vn -0.8095 0.3422 -0.4771
vn -0.8095 0.3423 -0.477
vn -0.8686 0.0882 -0.4876
vn -0.643 -0.6462 -0.4111
vn -0.7248 0.071 -0.6853
vn -0.621 0.3214 -0.7149
vn -0.621 0.3213 -0.7149
vn -0.6211 0.3213 -0.7148
vn -0.4831 0.5513 -0.6802
vn -0.4831 0.5514 -0.6801
vn -0.483 0.5512 -0.6804
vn -0.3295 0.7451 -0.5799
vn -0.3295 0.7454 -0.5795
vn -0.3296 0.7454 -0.5794
vn -0.1799 0.8907 -0.4174
vn -0.1799 0.8908 -0.4172
vn -0.1799 0.8907 -0.4176
vn -0.0386 0.9836 -0.1763
vn -0.0494 0.9711 -0.2335
vn -0.0914 0.8878 -0.4512
vn -0.0914 0.8878 -0.4511
vn -0.1454 0.7384 -0.6585
vn -0.1453 0.7383 -0.6586
vn -0.1894 0.539 -0.8207
vn -0.1894 0.5391 -0.8207
vn -0.2205 0.3027 -0.9273
vn -0.2205 0.3028 -0.9272
vn -0.2365 0.0461 -0.9705
vn -0.0926 -0.6745 -0.7325
vn 0.007 0.0435 -0.999
vn 0.0829 0.301 -0.95
vn 0.0829 0.3008 -0.9501
vn 0.0829 0.3009 -0.95
vn 0.1362 0.5381 -0.8318
vn 0.1362 0.538 -0.8319
vn 0.1361 0.538 -0.8319
vn 0.1537 0.7388 -0.6561
vn 0.1537 0.7389 -0.6561
vn 0.1269 0.8888 -0.4403
vn 0.1269 0.8889 -0.4402
vn 0.1269 0.8886 -0.4407
vn 0.0492 0.9776 -0.2047
vn 0.044 0.9771 -0.2082
vn 0.0522 0.9778 -0.2028
vn 0.0676 0.9773 -0.2008
vn 0.0615 0.9784 -0.1972
vn 0.0697 0.9775 -0.1989
vn 0.2117 0.8925 -0.3982
vn 0.3368 0.7458 -0.5747
vn 0.3367 0.7458 -0.5748
vn 0.3367 0.7459 -0.5747
vn 0.4387 0.5483 -0.712
vn 0.4386 0.5482 -0.7121
vn 0.5106 0.3141 -0.8004
vn 0.5109 0.3139 -0.8003
vn 0.5109 0.314 -0.8003
vn 0.548 0.0578 -0.8345
vn 0.5175 -0.6582 -0.5468
vn 0.7342 0.0718 -0.6752
vn 0.7332 0.3321 -0.5934
vn 0.7332 0.332 -0.5935
vn 0.6674 0.5686 -0.4808
vn 0.6674 0.5687 -0.4807
vn 0.6675 0.5687 -0.4807
vn 0.5378 0.7651 -0.3541
vn 0.5377 0.7651 -0.3542
vn 0.3517 0.9071 -0.2312
vn 0.3518 0.9071 -0.2313
vn 0.1474 0.9798 -0.1353
vn 0.0951 0.9894 -0.1099
vn 0.3781 0.915 -0.1407
vn 0.3781 0.915 -0.1406
vn 0.6015 0.7817 -0.1648
vn 0.6016 0.7816 -0.1648
vn 0.6016 0.7817 -0.1648
vn 0.7837 0.5952 -0.1776
vn 0.7837 0.5953 -0.1776
vn 0.9124 0.3683 -0.1784
vn 0.9125 0.3682 -0.1784
vn 0.979 0.1164 -0.1671
vn 0.7935 -0.6081 0.0259
vn 0.9875 0.1377 0.0771
vn 0.9103 0.3948 0.1246
vn 0.7679 0.6236 0.1464
vn 0.5746 0.8077 0.132
vn 0.5747 0.8077 0.132
vn 0.5747 0.8077 0.1319
vn 0.3497 0.9339 0.075
vn 0.3496 0.9339 0.0751
vn 0.1461 0.9893 -0.0058
vn 0.3191 0.9387 0.1305
vn 0.3191 0.9387 0.1304
vn 0.5075 0.8195 0.2662
vn 0.5075 0.8194 0.2664
vn 0.5075 0.8195 0.2663
vn 0.6613 0.6443 0.3841
vn 0.7699 0.4255 0.4756
vn 0.7699 0.4255 0.4755
vn 0.8262 0.1777 0.5347
vn 0.6429 -0.5651 0.5171
vn 0.778 0.1834 0.6009
vn 0.7246 0.1889 0.6627
vn 0.7248 0.1889 0.6626
vn 0.5575 -0.5564 0.6162
vn 0.6663 0.1939 0.72
vn 0.5624 0.4449 0.697
vn 0.5624 0.4448 0.697
vn 0.4293 0.6643 0.6118
vn 0.4293 0.6643 0.6119
vn 0.286 0.8369 0.4666
vn 0.2861 0.837 0.4665
vn 0.1514 0.9509 0.2699
vn 0.032 0.9995 0.0085
vn 0.0366 0.9974 0.0618
vn 0.0604 0.9532 0.2962
vn 0.0604 0.9532 0.2961
vn 0.096 0.8424 0.5302
vn 0.1251 0.6744 0.7277
vn 0.1251 0.6745 0.7276
vn 0.1456 0.4606 0.8756
vn 0.1456 0.4605 0.8756
vn 0.1457 0.4605 0.8756
vn 0.1563 0.2152 0.964
vn 0.0927 -0.537 0.8385
vn 0.0749 0.216 0.9735
vn -0.007 0.2162 0.9763
vn -0.0384 -0.5364 0.8431
vn -0.0888 0.216 0.9723
vn -0.1585 0.4601 0.8736
vn -0.1585 0.4602 0.8735
vn -0.1585 0.4603 0.8735
vn -0.2003 0.6732 0.7119
vn -0.2002 0.6731 0.712
vn -0.2002 0.673 0.712
vn -0.2019 0.8404 0.503
vn -0.2019 0.8402 0.5032
vn -0.2018 0.8402 0.5032
vn -0.1563 0.9508 0.2675
vn -0.1563 0.9507 0.2678
vn -0.1563 0.9507 0.2679
vn -0.0586 0.9978 0.0308
vn -0.063 0.9976 0.0276
vn -0.0689 0.9975 0.0167
vn -0.2373 0.9465 0.2188
vn -0.3775 0.8318 0.407
vn -0.3775 0.8318 0.4069
vn -0.4918 0.6604 0.5675
vn -0.4917 0.6602 0.5677
vn -0.5727 0.4441 0.6891
vn -0.5727 0.4442 0.689
vn -0.5726 0.4442 0.689
vn -0.6306 0.4399 0.6394
vn -0.6307 0.4397 0.6394
vn -0.6307 0.4398 0.6394
vn -0.6305 0.4399 0.6395
vn -0.7342 0.1882 0.6524
vn -0.7332 0.4299 0.5269
vn -0.7332 0.43 0.5268
vn -0.6674 0.6436 0.3747
vn -0.6674 0.6435 0.3747
vn -0.5377 0.815 0.2159
vn -0.3517 0.9335 0.0702
vn -0.3518 0.9334 0.0702
vn -0.3381 0.9359 0.0986
vn -0.6849 -0.5706 0.4531
vn -0.8751 0.1706 0.4528
vn -0.9107 0.164 0.379
vn -0.7417 -0.5809 0.3352
vn -0.94 0.1573 0.3028
vn -0.876 0.4066 0.2594
vn -0.876 0.4067 0.2593
vn -0.7524 0.6281 0.1983
vn -0.7524 0.6281 0.1984
vn -0.7524 0.6281 0.1985
vn -0.729 0.6334 0.2593
vn -0.729 0.6334 0.2594
vn -0.729 0.6335 0.2593
vn -0.7006 0.6386 0.3183
vn -0.7771 0.4244 0.4648
vn -0.7771 0.4244 0.4647
vn -0.7332 0.4301 0.5268
vn -0.7868 0.1825 0.5897
vn -0.8338 0.1767 0.523
vn -0.8157 0.4188 0.3991
vn -0.8157 0.4188 0.399
vn -0.8488 0.4128 0.3304
vn -0.8488 0.4128 0.3305
vn -0.7291 0.6334 0.2594
vn -0.9875 0.1223 -0.0999
vn -0.9103 0.3671 -0.1913
vn -0.7679 0.5887 -0.2525
vn -0.7679 0.5887 -0.2526
vn -0.5746 0.7725 -0.2703
vn -0.5747 0.7725 -0.2703
vn -0.5747 0.7725 -0.2702
vn -0.3496 0.9066 -0.2362
vn -0.3614 0.9091 -0.2071
vn -0.7593 -0.6259 -0.178
vn -0.9354 0.1014 -0.3387
vn -0.9051 0.0947 -0.4145
vn -0.7108 -0.6365 -0.2994
vn -0.8262 0.082 -0.5573
vn -0.7251 0.331 -0.6039
vn -0.5801 0.559 -0.5925
vn -0.58 0.5591 -0.5925
vn -0.5802 0.5587 -0.5926
vn -0.4096 0.7509 -0.5181
vn -0.4094 0.7508 -0.5183
vn -0.4094 0.7507 -0.5184
vn -0.2331 0.8939 -0.3829
vn -0.05 0.9851 -0.1643
vn -0.075 0.9713 -0.2259
vn -0.0378 0.9883 -0.1475
vn -0.5576 -0.6548 -0.5102
vn -0.6663 0.0659 -0.7428
vn -0.6662 0.0659 -0.7429
vn -0.5624 0.3171 -0.7637
vn -0.5624 0.317 -0.7637
vn -0.4293 0.5479 -0.718
vn -0.2861 0.7433 -0.6047
vn -0.2861 0.7432 -0.6048
vn -0.1513 0.8897 -0.4308
vn -0.1514 0.8897 -0.4307
vn -0.1513 0.8896 -0.4309
vn -0.6033 0.0615 -0.7952
vn -0.4998 0.3132 -0.8075
vn -0.5001 0.3133 -0.8073
vn -0.3729 0.5452 -0.7508
vn -0.3728 0.545 -0.751
vn -0.3728 0.5451 -0.7509
vn -0.2407 0.7413 -0.6265
vn -0.2407 0.7414 -0.6264
vn -0.2407 0.7414 -0.6265
vn -0.1218 0.8887 -0.4421
vn -0.1218 0.8885 -0.4423
vn -0.1218 0.8884 -0.4425
vn -0.1514 0.8897 -0.4308
vn -0.3437 -0.668 -0.66
vn -0.3916 0.0503 -0.9188
vn -0.3152 0.0481 -0.9478
vn -0.2212 -0.6722 -0.7066
vn -0.1563 0.0447 -0.9867
vn -0.0698 0.3006 -0.9512
vn -0.0698 0.3007 -0.9512
vn 0.0057 0.5368 -0.8437
vn 0.0056 0.5368 -0.8437
vn 0.0057 0.537 -0.8436
vn 0.0546 0.7373 -0.6734
vn 0.0546 0.7371 -0.6736
vn 0.0657 0.8873 -0.4564
vn 0.0657 0.8872 -0.4567
vn 0.0657 0.8873 -0.4565
vn 0.0306 0.9785 -0.2039
vn 0.0443 0.9762 -0.2123
vn 0.0196 0.9882 -0.1519
vn 0.0384 -0.6748 -0.737
vn 0.0889 0.0437 -0.9951
vn 0.1587 0.3018 -0.9401
vn 0.1586 0.3017 -0.9401
vn 0.1585 0.3015 -0.9402
vn 0.2001 0.5389 -0.8183
vn 0.2002 0.539 -0.8182
vn 0.2004 0.5395 -0.8178
vn 0.2019 0.7403 -0.6413
vn 0.2019 0.7401 -0.6414
vn 0.2019 0.74 -0.6416
vn 0.1563 0.89 -0.4283
vn 0.1563 0.8896 -0.4291
vn 0.1269 0.8887 -0.4406
vn 0.1702 0.0449 -0.9844
vn 0.233 0.3029 -0.9241
vn 0.2332 0.303 -0.924
vn 0.263 0.5408 -0.799
vn 0.2629 0.5407 -0.7991
vn 0.2631 0.5411 -0.7987
vn 0.2486 0.7418 -0.6228
vn 0.2486 0.7417 -0.623
vn 0.2487 0.7418 -0.6228
vn 0.1846 0.8909 -0.4149
vn 0.1846 0.891 -0.4148
vn 0.2938 -0.6698 -0.6819
vn 0.4048 0.0511 -0.913
vn 0.4781 0.0543 -0.8766
vn 0.4112 -0.6649 -0.6236
vn 0.6145 0.0621 -0.7865
vn 0.6307 0.3219 -0.7061
vn 0.6307 0.3221 -0.706
vn 0.6305 0.322 -0.7062
vn 0.588 0.5597 -0.584
vn 0.5877 0.5596 -0.5844
vn 0.5876 0.5596 -0.5844
vn 0.4833 0.7577 -0.4385
vn 0.4833 0.7578 -0.4384
vn 0.3221 0.9022 -0.2869
vn 0.3221 0.9021 -0.287
vn 0.3221 0.9022 -0.287
vn 0.1331 0.9786 -0.1569
vn 0.095 0.9873 -0.1275
vn 0.0632 0.9913 -0.1158
vn 0.6095 -0.65 -0.4539
vn 0.7866 0.0773 -0.6126
vn 0.7771 0.3374 -0.5314
vn 0.7771 0.3374 -0.5313
vn 0.7006 0.5737 -0.4243
vn 0.7006 0.5737 -0.4244
vn 0.7006 0.5736 -0.4244
vn 0.5596 0.7691 -0.3089
vn 0.5595 0.7691 -0.3089
vn 0.3631 0.9096 -0.2019
vn 0.3518 0.907 -0.2313
vn 0.8338 0.0832 -0.5458
vn 0.8158 0.3431 -0.4656
vn 0.729 0.5788 -0.3656
vn 0.729 0.5788 -0.3655
vn 0.5774 0.7733 -0.2619
vn 0.5774 0.7733 -0.262
vn 0.372 0.9122 -0.1716
vn 0.3719 0.9123 -0.1716
vn 0.7417 -0.6303 -0.2293
vn 0.94 0.1025 -0.3255
vn 0.9628 0.1093 -0.2471
vn 0.7782 -0.6194 -0.1038
vn 0.9886 0.1233 -0.086
vn 0.924 0.3815 -0.0268
vn 0.7905 0.6123 0.0178
vn 0.7904 0.6123 0.0178
vn 0.6 0.7992 0.0351
vn 0.6001 0.7992 0.035
vn 0.5999 0.7993 0.035
vn 0.3706 0.9287 0.0158
vn 0.3705 0.9287 0.0158
vn 0.1572 0.9871 -0.0309
vn 0.0703 0.996 -0.0556
vn 0.07 0.996 -0.0554
vn 0.071 0.9959 -0.0552
vn 0.0696 0.996 -0.0559
vn 0.7872 -0.5966 0.1563
vn 0.9768 0.1447 0.1581
vn 0.8941 0.4012 0.1989
vn 0.7488 0.629 0.209
vn 0.7488 0.629 0.2089
vn 0.556 0.8118 0.1786
vn 0.556 0.8118 0.1785
vn 0.3355 0.9363 0.1035
vn 0.3495 0.9339 0.0752
vn 0.9594 0.1518 0.2379
vn 0.8718 0.4077 0.2717
vn 0.8718 0.4076 0.2717
vn 0.7245 0.6343 0.2698
vn 0.7245 0.6343 0.2696
vn 0.7245 0.6343 0.2697
vn 0.5336 0.8157 0.2234
vn 0.5336 0.8157 0.2235
vn 0.7108 -0.5749 0.4053
vn 0.8686 0.1717 0.4649
vn 0.8095 0.4198 0.4104
vn 0.8095 0.4198 0.4105
vn 0.6953 0.6394 0.3282
vn 0.6953 0.6394 0.3281
vn 0.7245 0.6344 0.2695
vn 0.8435 0.4139 0.3424
vn 0.8435 0.4138 0.3424
vn 0.9051 0.1653 0.3918
vn 0.8435 0.4139 0.3423
vn 0.6034 0.1985 0.7723
vn 0.4999 0.4487 0.7408
vn 0.5 0.4487 0.7407
vn 0.5 0.4487 0.7408
vn 0.3728 0.6671 0.6449
vn 0.3728 0.6672 0.6449
vn 0.2407 0.8389 0.4881
vn 0.2407 0.8388 0.4883
vn 0.2407 0.8389 0.4882
vn 0.1218 0.9519 0.281
vn 0.1218 0.9519 0.2812
vn 0.1514 0.9509 0.27
vn 0.3436 -0.5433 0.766
vn 0.3918 0.2093 0.8959
vn 0.3152 0.2118 0.9251
vn 0.2212 -0.5392 0.8126
vn 0.2366 0.2138 0.9478
vn 0.2205 0.4593 0.8605
vn 0.2205 0.4592 0.8605
vn 0.1893 0.673 0.715
vn 0.1894 0.6732 0.7148
vn 0.1894 0.6734 0.7146
vn 0.2524 0.6717 0.6965
vn 0.2524 0.6718 0.6965
vn 0.2523 0.6716 0.6966
vn 0.3136 0.6697 0.6732
vn 0.3136 0.6697 0.6731
vn 0.434 0.4521 0.7793
vn 0.434 0.452 0.7793
vn 0.5363 0.2026 0.8193
vn 0.4658 0.2062 0.8605
vn 0.3652 0.4549 0.8122
vn 0.3652 0.455 0.8122
vn 0.2938 0.4572 0.8395
vn 0.2938 0.4573 0.8394
vn 0.2939 0.4573 0.8394
vn 0.2524 0.6718 0.6964
vn -0.1701 0.2151 0.9617
vn -0.2332 0.459 0.8573
vn -0.2332 0.4588 0.8574
vn -0.2331 0.4588 0.8574
vn -0.263 0.6713 0.693
vn -0.263 0.6714 0.6929
vn -0.2486 0.8387 0.4845
vn -0.2486 0.8386 0.4847
vn -0.2487 0.8386 0.4847
vn -0.1846 0.9495 0.2537
vn -0.1847 0.9495 0.2539
vn -0.1846 0.9495 0.2539
vn -0.1563 0.9506 0.2682
vn -0.2938 -0.5413 0.7878
vn -0.4047 0.2088 0.8903
vn -0.4781 0.2056 0.8539
vn -0.4456 0.4515 0.7731
vn -0.4454 0.4514 0.7732
vn -0.3826 0.6667 0.6396
vn -0.3827 0.6667 0.6396
vn -0.2937 0.8366 0.4624
vn -0.2936 0.8366 0.4624
vn -0.1847 0.9494 0.254
vn -0.2936 0.8366 0.4625
vn -0.2486 0.8385 0.4849
vn -0.3239 0.6693 0.6687
vn -0.3772 0.4544 0.807
vn -0.3772 0.4545 0.8069
vn -0.3771 0.4543 0.8071
vn -0.4457 0.4516 0.7729
vn -0.0533 0.9981 0.0324
vn -0.025 0.9994 -0.024
vn -0.0345 0.9984 0.0457
vn -0.0657 0.9531 0.2955
vn -0.0657 0.9531 0.2954
vn -0.0546 0.8431 0.535
vn -0.0546 0.843 0.5352
vn -0.0056 0.6754 0.7375
vn -0.0056 0.6753 0.7376
vn 0.0698 0.4612 0.8846
vn 0.0698 0.4612 0.8845
vn 0.0698 0.4613 0.8845
vn -0.0065 0.4615 0.8871
vn -0.0828 0.4611 0.8835
vn -0.0828 0.4612 0.8834
vn -0.1362 0.6742 0.7259
vn -0.1362 0.6743 0.7258
vn -0.1537 0.8414 0.5181
vn -0.1269 0.9518 0.2793
vn -0.1271 0.9517 0.2796
vn -0.1269 0.9517 0.2795
vn -0.0412 0.9987 0.0308
vn -0.014 0.9997 -0.0205
vn -0.0203 0.9994 0.0295
vn -0.0343 0.9535 0.2995
vn -0.0043 0.8431 0.5377
vn -0.0043 0.8432 0.5376
vn 0.0599 0.675 0.7353
vn 0.06 0.6751 0.7353
vn 0.1457 0.4606 0.8756
vn -0.0128 0.9984 0.055
vn -0.0027 0.9536 0.301
vn 0.046 0.843 0.536
vn 0.046 0.8431 0.5358
vn 0.1251 0.6743 0.7278
vn 0.06 0.6752 0.7352
vn 0.0091 0.9998 -0.0187
vn 0.0168 0.9997 0.018
vn 0.0208 0.9996 -0.0205
vn 0.0623 0.9964 0.0583
vn 0.0322 0.9992 -0.0241
vn 0.0873 0.995 0.049
vn 0.2331 0.9467 0.2222
vn 0.233 0.9468 0.2221
vn 0.2331 0.9468 0.2221
vn 0.4094 0.8295 0.38
vn 0.4094 0.8294 0.3802
vn 0.5801 0.6534 0.4864
vn 0.5801 0.6534 0.4865
vn 0.7251 0.4309 0.5372
vn 0.7251 0.431 0.5371
vn 0.7251 0.4308 0.5372
vn 0.6753 0.4359 0.5949
vn 0.6754 0.4359 0.5949
vn 0.6753 0.4358 0.595
vn 0.6754 0.436 0.5948
vn 0.621 0.4406 0.6483
vn 0.6209 0.4406 0.6483
vn 0.483 0.661 0.5742
vn 0.4831 0.661 0.5742
vn 0.3295 0.8347 0.4413
vn 0.1799 0.9497 0.2564
vn 0.1799 0.9497 0.2563
vn 0.0447 0.999 -0.0033
vn 0.0431 0.9986 -0.0294
vn 0.0547 0.9984 -0.0157
vn 0.2574 0.945 0.202
vn 0.4452 0.8263 0.3449
vn 0.6228 0.649 0.4369
vn 0.6228 0.6491 0.4369
vn 0.7252 0.4308 0.5371
vn 0.1104 0.9933 0.0352
vn 0.2799 0.943 0.18
vn 0.2799 0.943 0.1799
vn 0.478 0.823 0.307
vn 0.4779 0.823 0.3071
vn 0.478 0.823 0.3071
vn 0.6614 0.6443 0.384
vn 0.6229 0.649 0.4369
vn 0.0638 0.997 -0.0449
vn 0.0639 0.997 -0.0447
vn 0.0625 0.997 -0.0453
vn 0.0667 0.9969 -0.0428
vn 0.0799 0.9946 -0.0662
vn 0.0745 0.9949 -0.0678
vn 0.073 0.995 -0.0675
vn 0.072 0.995 -0.0686
vn 0.0869 0.9931 -0.0791
vn 0.3829 0.9205 -0.0778
vn 0.3829 0.9205 -0.0777
vn 0.6073 0.7861 -0.1149
vn 0.6073 0.7861 -0.115
vn 0.7837 0.5952 -0.1777
vn 0.7914 0.6009 -0.1128
vn 0.7914 0.6008 -0.1128
vn 0.7913 0.6009 -0.1128
vn 0.7914 0.6008 -0.1127
vn 0.9213 0.3749 -0.1028
vn 0.9213 0.3749 -0.1029
vn 0.0725 0.9941 -0.0812
vn 0.1629 0.983 -0.0848
vn 0.3819 0.9177 -0.1093
vn 0.6015 0.7817 -0.1646
vn 0.0921 0.9913 -0.0937
vn 0.3818 0.9177 -0.1093
vn 0.0679 0.9922 -0.1049
vn 0.0919 0.9851 -0.1455
vn 0.0568 0.9904 -0.1257
vn 0.0853 0.9828 -0.1636
vn 0.2613 0.896 -0.359
vn 0.2613 0.8959 -0.3593
vn 0.2614 0.896 -0.3591
vn 0.3774 0.7483 -0.5456
vn 0.3774 0.7484 -0.5454
vn 0.3774 0.7485 -0.5453
vn 0.4387 0.5484 -0.7119
vn 0.492 0.5519 -0.6734
vn 0.4917 0.5516 -0.6737
vn 0.492 0.5519 -0.6733
vn 0.4918 0.5516 -0.6737
vn 0.5727 0.3179 -0.7556
vn 0.5727 0.3181 -0.7555
vn 0.5727 0.3178 -0.7557
vn 0.5109 0.3143 -0.8002
vn 0.0491 0.9897 -0.1344
vn 0.0953 0.9775 -0.1879
vn 0.2374 0.8941 -0.3798
vn 0.3368 0.7459 -0.5746
vn 0.3775 0.7486 -0.5451
vn 0.0752 0.9805 -0.1814
vn 0.2373 0.8941 -0.3799
vn 0.0303 0.9886 -0.1477
vn 0.024 0.9745 -0.223
vn 0.0085 0.9879 -0.155
vn 0.001 0.9729 -0.2312
vn -0.0288 0.887 -0.4609
vn -0.0289 0.887 -0.4608
vn -0.0289 0.8871 -0.4607
vn -0.096 0.7375 -0.6685
vn -0.096 0.7376 -0.6684
vn -0.096 0.7378 -0.6682
vn -0.1251 0.5378 -0.8337
vn -0.1251 0.5377 -0.8338
vn -0.125 0.5378 -0.8337
vn -0.1455 0.3015 -0.9423
vn -0.1457 0.3015 -0.9423
vn -0.2205 0.3026 -0.9273
vn -0.0033 0.9878 -0.1556
vn -0.0083 0.9808 -0.1949
vn -0.0604 0.8873 -0.4572
vn -0.0604 0.8873 -0.4573
vn -0.0604 0.8872 -0.4574
vn -0.1454 0.7386 -0.6583
vn -0.096 0.7379 -0.668
vn -0.0238 0.972 -0.234
vn -0.0914 0.8877 -0.4512
vn -0.0604 0.8871 -0.4575
vn -0.0265 0.988 -0.1519
vn -0.0992 0.9715 -0.2152
vn -0.0484 0.9888 -0.1411
vn -0.1207 0.9727 -0.1983
vn -0.3005 0.8996 -0.317
vn -0.5075 0.7607 -0.4047
vn -0.5075 0.7608 -0.4045
vn -0.6956 0.5726 -0.4339
vn -0.6613 0.5679 -0.4901
vn -0.6613 0.568 -0.49
vn -0.6613 0.5677 -0.4902
vn -0.77 0.3365 -0.5421
vn -0.7699 0.3365 -0.5422
vn -0.8095 0.3421 -0.4772
vn -0.0581 0.9894 -0.1332
vn -0.0603 0.989 -0.1348
vn -0.0594 0.9892 -0.134
vn -0.0647 0.9883 -0.1378
vn -0.3191 0.9018 -0.2914
vn -0.3192 0.9018 -0.2914
vn -0.5076 0.7608 -0.4044
vn -0.1387 0.9743 -0.1777
vn -0.3354 0.9042 -0.2645
vn -0.0756 0.9907 -0.1133
vn -0.073 0.991 -0.1123
vn -0.0736 0.9909 -0.1125
vn -0.071 0.9912 -0.1115
vn -0.0835 0.9913 -0.1013
vn -0.0795 0.9918 -0.1005
vn -0.0749 0.9922 -0.0997
vn -0.3816 0.9172 -0.1147
vn -0.3815 0.9172 -0.1147
vn -0.6092 0.7896 -0.0734
vn -0.6091 0.7897 -0.0734
vn -0.7914 0.6113 0.0067
vn -0.9124 0.3938 0.1117
vn -0.9124 0.3937 0.1117
vn -0.9213 0.3871 0.0362
vn -0.9214 0.387 0.0362
vn -0.924 0.3804 -0.0398
vn -0.9239 0.3805 -0.0398
vn -0.7904 0.6 -0.1238
vn -0.7904 0.5999 -0.1238
vn -0.6 0.781 -0.1731
vn -0.6001 0.781 -0.1732
vn -0.6 0.781 -0.1732
vn -0.3705 0.9119 -0.1768
vn -0.3705 0.9118 -0.1768
vn -0.1606 0.9787 -0.1276
vn -0.0724 0.9925 -0.0989
vn -0.1634 0.9814 -0.1006
vn -0.383 0.92 -0.0832
vn -0.383 0.92 -0.0831
vn -0.6073 0.7942 -0.0233
vn -0.6073 0.7941 -0.0233
vn -0.6074 0.7941 -0.0233
vn -0.7836 0.6171 0.0715
vn -0.7837 0.6171 0.0715
vn -0.8972 0.4003 0.1864
vn -0.9125 0.3936 0.1117
vn -0.0897 0.9921 -0.0874
vn -0.3819 0.9228 -0.0517
vn -0.3818 0.9228 -0.0517
vn -0.6016 0.7984 0.0266
vn -0.6015 0.7984 0.0265
vn -0.7837 0.617 0.0716
vn -0.0697 0.9948 -0.0746
vn -0.1531 0.987 -0.0486
vn -0.0658 0.9958 -0.0634
vn -0.0939 0.9949 -0.0369
vn -0.0601 0.9968 -0.053
vn -0.0891 0.9959 -0.0185
vn -0.2836 0.9426 0.1761
vn -0.2836 0.9427 0.1759
vn -0.4158 0.8288 0.3745
vn -0.4157 0.8288 0.3744
vn -0.4919 0.6605 0.5672
vn -0.5416 0.6568 0.5248
vn -0.5416 0.6567 0.5248
vn -0.5416 0.6567 0.5249
vn -0.5416 0.6568 0.5247
vn -0.5876 0.6527 0.4782
vn -0.5877 0.6526 0.4783
vn -0.5877 0.6526 0.4782
vn -0.4832 0.8224 0.3003
vn -0.4832 0.8224 0.3002
vn -0.3219 0.9383 0.126
vn -0.322 0.9383 0.1258
vn -0.1246 0.9922 -0.0064
vn -0.0531 0.9976 -0.0438
vn -0.1057 0.9944 0.0093
vn -0.2613 0.9447 0.198
vn -0.2613 0.9447 0.1983
vn -0.3776 0.8317 0.4071
vn -0.4157 0.8289 0.3744
vn -0.0807 0.9967 -0.0005
vn -0.2373 0.9465 0.2187
vn -0.2613 0.9446 0.1985
vn -0.0353 0.999 -0.0291
vn 0.3773 0.3076 -0.8735
vn 0.3772 0.3075 -0.8736
vn 0.377 0.3073 -0.8737
vn 0.4454 0.3103 -0.8398
vn 0.4454 0.3103 -0.8399
vn 0.4453 0.3102 -0.8399
vn 0.324 0.5431 -0.7746
vn 0.324 0.5432 -0.7746
vn 0.3238 0.5428 -0.775
vn 0.3063 0.3051 -0.9017
vn 0.3061 0.3048 -0.9019
vn 0.2502 0.0463 -0.9671
vn 0.1684 -0.6734 -0.7198
vn 0.3238 0.5428 -0.7749
vn 0.2631 0.541 -0.7988
vn 0.2332 0.3031 -0.924
vn 0.3827 0.5456 -0.7455
vn 0.3827 0.5456 -0.7456
vn 0.3827 0.5455 -0.7456
vn 0.3826 0.5455 -0.7457
vn 0.2937 0.7436 -0.6006
vn 0.2936 0.7435 -0.6008
vn 0.1846 0.891 -0.4147
vn 0.2938 0.7436 -0.6006
vn 0.2487 0.7417 -0.6229
vn 0.3285 0.0483 -0.9433
vn 0.0828 0.3008 -0.9501
vn 0.0103 0.9796 -0.2008
vn 0.0343 0.8871 -0.4603
vn 0.0343 0.8869 -0.4607
vn -0.0698 0.3008 -0.9511
vn 0.0065 0.3005 -0.9538
vn 0.0065 0.3003 -0.9538
vn 0.0065 0.3006 -0.9537
vn 0.0065 0.3002 -0.9538
vn 0.0056 0.5371 -0.8435
vn 0.0711 0.5375 -0.8403
vn 0.0711 0.5369 -0.8407
vn 0.0711 0.5375 -0.8402
vn 0.0711 0.5368 -0.8407
vn -0.015 0.9878 -0.1547
vn -0.0247 0.9821 -0.1867
vn -0.5001 0.3132 -0.8073
vn -0.434 0.3099 -0.846
vn -0.434 0.3098 -0.846
vn -0.4339 0.3098 -0.846
vn -0.3652 0.307 -0.8788
vn -0.3652 0.307 -0.8789
vn -0.3652 0.3071 -0.8788
vn -0.2937 0.3046 -0.9061
vn -0.2939 0.3047 -0.906
vn -0.2937 0.3045 -0.9061
vn -0.2523 0.5406 -0.8026
vn -0.2523 0.5404 -0.8027
vn -0.2525 0.5407 -0.8024
vn -0.2524 0.5405 -0.8026
vn -0.3137 0.5426 -0.7792
vn -0.3136 0.5426 -0.7792
vn -0.434 0.3099 -0.8459
vn -0.6211 0.3212 -0.7149
vn -0.0586 0.9868 -0.151
vn -0.2573 0.8955 -0.3633
vn -0.2573 0.8956 -0.3629
vn -0.2573 0.8955 -0.3631
vn -0.2573 0.8954 -0.3634
vn -0.6753 0.3259 -0.6616
vn -0.6755 0.3259 -0.6614
vn -0.6753 0.3258 -0.6617
vn -0.5799 0.5593 -0.5924
vn -0.5332 0.5549 -0.6386
vn -0.5334 0.555 -0.6383
vn -0.5332 0.555 -0.6385
vn -0.5334 0.555 -0.6384
vn -0.0667 0.9901 -0.1235
vn -0.0673 0.99 -0.1238
vn -0.0674 0.99 -0.1238
vn -0.0681 0.9899 -0.1242
vn -0.9103 0.3671 -0.1912
vn -0.8941 0.3605 -0.2656
vn -0.8942 0.3605 -0.2656
vn -0.8718 0.3542 -0.3384
vn -0.8719 0.3542 -0.3382
vn -0.8435 0.3481 -0.409
vn -0.8435 0.3481 -0.4091
vn -0.7245 0.5779 -0.3757
vn -0.7244 0.578 -0.3757
vn -0.7487 0.5833 -0.315
vn -0.7487 0.5832 -0.3151
vn -0.8941 0.3606 -0.2656
vn -0.072 0.9936 -0.0865
vn -0.1608 0.9842 -0.0739
vn -0.3781 0.9255 -0.0204
vn -0.3782 0.9255 -0.0204
vn -0.5916 0.8027 0.0754
vn -0.0938 0.993 -0.0718
vn -0.6094 -0.5613 0.56
vn -0.0447 0.9984 -0.0358
vn -0.0848 0.9962 0.0205
vn -0.2332 0.4587 0.8575
vn -0.3062 0.4568 0.8352
vn -0.3062 0.4569 0.8352
vn -0.263 0.6715 0.6928
vn -0.0657 0.9531 0.2953
vn -0.0008 0.9997 0.0251
vn 0.0289 0.9534 0.3002
vn 0.0289 0.9535 0.2999
vn 0.046 0.8432 0.5357
vn 0.4568 -0.549 0.7
vn 0.233 0.9468 0.222
vn 0.0585 0.9978 -0.0321
vn 0.0558 0.9979 -0.0342
vn 0.0619 0.9976 -0.0294
vn 0.3006 0.9409 0.156
vn 0.3005 0.9409 0.1559
vn 0.5075 0.8195 0.2661
vn 0.478 0.8229 0.3071
vn 0.8718 0.4076 0.2716
vn 0.9354 0.1586 0.316
vn 0.7593 -0.5855 0.284
vn 0.9203 0.3881 0.0492
vn 0.9203 0.3882 0.0492
vn 0.7904 0.6124 0.0178
vn 0.7818 0.618 0.0826
vn 0.0711 0.9931 -0.0933
vn 0.1577 0.9812 -0.1111
vn 0.8488 0.3491 -0.3971
vn 0.8489 0.3491 -0.397
vn 0.876 0.3553 -0.3261
vn 0.876 0.3554 -0.3261
vn 0.8973 0.3617 -0.253
vn 0.8973 0.3618 -0.253
vn 0.7707 0.5895 -0.2418
vn 0.7707 0.5896 -0.2417
vn 0.7524 0.5841 -0.3044
vn 0.7524 0.5842 -0.3044
vn 0.7332 0.3318 -0.5935
vn 0.6306 0.3221 -0.7061
vn 0.6842 0.3269 -0.6519
vn 0.6843 0.3268 -0.6519
vn 0.6842 0.3268 -0.652
vn 0.6843 0.3269 -0.6518
vn 0.6296 0.564 -0.5343
vn 0.6297 0.564 -0.5343
vn 0.6296 0.5641 -0.5342
vn 0.6297 0.5639 -0.5343
vn 0.0402 0.9891 -0.1418
vn 0.0739 0.9775 -0.1977
vn -0.5108 0.4481 0.7337
vn -0.5109 0.4481 0.7336
vn -0.5109 0.4481 0.7337
vn -0.4388 0.6637 0.6057
vn -0.4387 0.6637 0.6059
vn -0.4388 0.6637 0.6058
vn -0.3367 0.8344 0.4365
vn -0.3367 0.8343 0.4365
vn -0.3367 0.8344 0.4364
vn -0.2117 0.948 0.2375
vn -0.2117 0.9481 0.2374
vn -0.2117 0.948 0.2376
vn -0.3826 0.6667 0.6397
vn -0.4389 0.6638 0.6056
vn -0.6844 0.4351 0.5851
vn -0.5878 0.6525 0.4783
vn -0.6297 0.6482 0.4283
vn -0.4511 0.8258 0.3385
vn -0.4511 0.8258 0.3386
vn -0.451 0.8257 0.3387
vn -0.4833 0.8224 0.3001
vn -0.2835 0.9427 0.1757
vn -0.3038 0.9406 0.1515
vn -0.3039 0.9406 0.1517
vn -0.304 0.9405 0.1518
vn -0.5123 0.8188 0.2591
vn -0.5595 0.8111 0.1707
vn -0.5595 0.811 0.1708
vn -0.5775 0.807 0.1238
vn -0.363 0.9309 0.0408
vn -0.3629 0.9309 0.0408
vn -0.3519 0.9334 0.0702
vn -0.3222 0.9383 0.1257
vn -0.8487 0.4128 0.3305
vn -0.6074 0.794 -0.0233
vn -0.7937 0.6055 -0.0586
vn -0.7936 0.6056 -0.0586
vn -0.7935 0.6057 -0.0586
vn -0.609 0.7898 -0.0734
vn -0.9203 0.3736 -0.1158
vn -0.7904 0.5999 -0.1239
vn -0.7818 0.5943 -0.1887
vn -0.6066 0.7854 -0.1235
vn -0.6066 0.7853 -0.1235
vn -0.6067 0.7853 -0.1235
vn -0.6001 0.7809 -0.1733
vn -0.3814 0.9173 -0.1147
vn -0.3773 0.9145 -0.146
vn -0.3774 0.9145 -0.146
vn -0.9594 0.1082 -0.2606
vn -0.9767 0.1151 -0.1809
vn -0.7871 -0.6147 -0.0504
vn -0.7487 0.5833 -0.3149
vn -0.5894 0.7767 -0.2223
vn -0.5561 0.7683 -0.3169
vn -0.5561 0.7684 -0.3168
vn -0.556 0.7684 -0.3168
vn -0.3705 0.9119 -0.1767
vn -0.7698 0.3366 -0.5423
vn -0.478 0.7572 -0.4452
vn -0.478 0.7573 -0.4451
vn -0.6228 0.5633 -0.543
vn -0.6229 0.5631 -0.543
vn -0.6226 0.5634 -0.5431
vn -0.478 0.7571 -0.4453
vn -0.4452 0.7538 -0.4833
vn -0.4452 0.7537 -0.4834
vn -0.4452 0.7539 -0.4832
vn -0.2798 0.8974 -0.3411
vn -0.2799 0.8975 -0.3409
vn -0.2799 0.8975 -0.3407
vn -0.4093 0.7507 -0.5186
vn -0.3707 0.7479 -0.5507
vn -0.3707 0.748 -0.5505
vn -0.2331 0.8938 -0.383
vn -0.2072 0.8922 -0.4013
vn -0.2072 0.8923 -0.4012
vn -0.2072 0.8922 -0.4014
vn -0.7781 0.0764 -0.6234
vn -0.5624 0.3171 -0.7636
vn -0.3296 0.7456 -0.5792
vn -0.4659 0.0536 -0.8832
vn -0.5364 0.0573 -0.842
vn -0.4568 -0.6621 -0.5942
vn -0.3652 0.3069 -0.8789
vn -0.2861 0.7431 -0.6049
vn -0.1937 0.7399 -0.6443
vn -0.1937 0.7398 -0.6443
vn -0.1937 0.7398 -0.6444
vn -0.1937 0.7399 -0.6442
vn -0.1218 0.8883 -0.4428
vn -0.1457 0.3015 -0.9422
vn -0.046 0.7371 -0.6742
vn -0.046 0.7372 -0.6741
vn -0.06 0.5371 -0.8414
vn -0.06 0.537 -0.8414
vn -0.06 0.5372 -0.8413
vn -0.046 0.737 -0.6744
vn 0.0043 0.737 -0.6758
vn 0.0043 0.7371 -0.6758
vn 0.0043 0.737 -0.6759
vn 0.0026 0.8866 -0.4626
vn 0.0027 0.8867 -0.4624
vn 0.0027 0.887 -0.4617
vn 0.0026 0.8871 -0.4616
vn 0.0546 0.737 -0.6736
vn 0.1045 0.7379 -0.6668
vn 0.1045 0.7377 -0.6669
vn 0.1045 0.7378 -0.6669
vn 0.0657 0.8872 -0.4566
vn 0.0967 0.8881 -0.4494
vn 0.0966 0.8878 -0.45
vn -0.0749 0.0437 -0.9962
vn 0.1584 0.3013 -0.9403
vn 0.1361 0.5378 -0.832
vn 0.2004 0.5396 -0.8177
vn 0.1537 0.739 -0.656
vn 0.3769 0.3073 -0.8738
vn 0.2018 0.7399 -0.6417
vn 0.4157 0.7514 -0.5124
vn 0.4156 0.7512 -0.5128
vn 0.4156 0.7512 -0.5127
vn 0.5416 0.5555 -0.6309
vn 0.5415 0.5554 -0.6311
vn 0.4158 0.7514 -0.5123
vn 0.451 0.7544 -0.477
vn 0.4512 0.7544 -0.4767
vn 0.4509 0.7544 -0.4771
vn 0.2836 0.8978 -0.3369
vn 0.2835 0.8978 -0.3369
vn 0.3039 0.8999 -0.3127
vn 0.3039 0.8999 -0.3126
vn 0.3039 0.9 -0.3126
vn 0.2614 0.8958 -0.3594
vn 0.4833 0.7578 -0.4383
vn 0.5123 0.7614 -0.3973
vn 0.5122 0.7614 -0.3974
vn 0.3221 0.9021 -0.2871
vn 0.3381 0.9046 -0.2597
vn 0.338 0.9046 -0.2597
vn 0.3381 0.9046 -0.2595
vn 0.338 0.9046 -0.2598
vn 0.1154 0.9779 -0.1744
vn 0.6766 0.0667 -0.7333
vn 0.6675 0.5688 -0.4806
vn 0.7005 0.5736 -0.4245
vn 0.5377 0.7651 -0.3543
vn 0.9107 0.0958 -0.4017
vn 0.8753 0.0893 -0.4753
vn 0.685 -0.6407 -0.3469
vn 0.7524 0.5841 -0.3045
vn 0.876 0.3554 -0.326
vn 0.5775 0.7732 -0.2622
vn 0.5915 0.7774 -0.214
vn 0.5915 0.7774 -0.2139
vn 0.3718 0.9123 -0.1716
vn 0.9213 0.375 -0.103
vn 0.609 0.7905 -0.0649
vn 0.6091 0.7905 -0.0648
vn 0.6091 0.7904 -0.0648
vn 0.7936 0.6066 -0.0474
vn 0.7935 0.6067 -0.0475
vn 0.6091 0.7904 -0.0649
vn 0.6066 0.7948 -0.0148
vn 0.6067 0.7948 -0.0146
vn 0.6066 0.7949 -0.0147
vn 0.6067 0.7948 -0.0148
vn 0.3814 0.9232 -0.0463
vn 0.3814 0.9233 -0.0463
vn 0.3773 0.926 -0.0151
vn 0.383 0.9205 -0.0777
vn 0.6 0.7992 0.0349
vn 0.5894 0.8035 0.084
vn 0.3705 0.9287 0.0157
vn 0.3613 0.9313 0.0458
vn 0.3613 0.9313 0.0456
vn 0.3614 0.9313 0.046
vn 0.1627 0.985 -0.0577
vn 0.9914 0.1306 -0.0044
vn 0.5748 0.8076 0.1319
vn 0.3005 0.941 0.1558
vn 0.1302 0.9914 0.0164
vn 0.58 0.6534 0.4865
vn 0.5334 0.6573 0.5324
vn 0.5333 0.6573 0.5325
vn 0.5332 0.6573 0.5326
vn 0.4094 0.8293 0.3804
vn 0.0533 0.9979 -0.0364
vn 0.4293 0.6642 0.612
vn 0.3708 0.8322 0.4122
vn 0.3708 0.8322 0.4124
vn 0.3708 0.8322 0.4123
vn 0.3707 0.8321 0.4125
vn 0.2072 0.9483 0.2403
vn 0.2072 0.9483 0.2404
vn 0.2072 0.9484 0.2402
vn 0.3136 0.6696 0.6732
vn 0.2861 0.837 0.4664
vn 0.2407 0.8388 0.4884
vn 0.1937 0.8405 0.506
vn 0.1937 0.8406 0.5059
vn 0.1453 0.8416 0.5202
vn 0.1453 0.8415 0.5204
vn 0.1453 0.8416 0.5201
vn 0.0914 0.9527 0.2898
vn 0.0914 0.9526 0.29
vn 0.0914 0.9526 0.2901
vn 0.0914 0.9526 0.2903
vn 0.1218 0.9518 0.2815
vn 0.1937 0.8404 0.5061
vn 0.1799 0.9497 0.2562
vn 0.2939 0.4574 0.8393
vn 0.0289 0.9536 0.2996
vn 0.0112 0.9981 0.0609
vn -0.0056 0.6752 0.7376
vn -0.0043 0.8432 0.5375
vn -0.0711 0.675 0.7344
vn -0.0546 0.8429 0.5353
vn -0.0025 0.9998 -0.0188
vn -0.1585 0.4604 0.8735
vn -0.1362 0.6744 0.7257
vn -0.2002 0.6729 0.7121
vn -0.1045 0.8425 0.5284
vn -0.1045 0.8425 0.5285
vn -0.1537 0.8415 0.518
vn -0.0967 0.9526 0.2885
vn -0.0966 0.9526 0.2886
vn -0.0966 0.9525 0.2887
vn -0.0966 0.9525 0.2888
vn -0.3286 0.2115 0.9205
vn -0.2502 0.2136 0.9443
vn -0.1684 -0.5379 0.826
vn -0.2018 0.8401 0.5035
vn -0.127 0.9516 0.2798
vn -0.5179 0.0746 0.8522
vn -0.6517 0.0661 0.7556
vn -0.6517 0.066 0.7556
vn -0.7676 0.0559 0.6384
vn -0.7676 0.0558 0.6384
vn -0.8628 0.0444 0.5036
vn -0.8627 0.0443 0.5037
vn -0.8627 0.0441 0.5038
vn -0.9341 0.031 0.3557
vn -0.9341 0.0309 0.3557
vn -0.9801 0.0173 0.1978
vn -0.9801 0.0172 0.1979
vn -0.9801 0.0174 0.1978
vn -0.9994 0.003 0.034
vn -0.9994 0.003 0.0337
vn -0.9914 -0.0115 -0.1303
vn -0.9914 -0.0114 -0.1304
vn -0.9564 -0.0253 -0.291
vn -0.9564 -0.0256 -0.291
vn -0.8953 -0.0388 -0.4437
vn -0.8953 -0.0386 -0.4438
vn -0.8954 -0.0391 -0.4435
vn -0.8097 -0.0512 -0.5846
vn -0.8097 -0.0511 -0.5846
vn -0.7021 -0.0625 -0.7094
vn -0.7021 -0.0622 -0.7094
vn -0.7019 -0.0621 -0.7096
vn -0.5753 -0.0713 -0.8148
vn -0.5752 -0.0712 -0.8149
vn -0.4329 -0.0787 -0.898
vn -0.4328 -0.0786 -0.8981
vn -0.433 -0.0786 -0.8979
vn -0.2787 -0.0837 -0.9567
vn -0.2786 -0.0837 -0.9567
vn -0.2786 -0.0838 -0.9568
vn -0.1167 -0.0867 -0.9894
vn -0.1167 -0.0866 -0.9894
vn -0.1165 -0.0866 -0.9894
vn 0.0484 -0.087 -0.995
vn 0.0483 -0.0865 -0.9951
vn 0.0483 -0.0869 -0.995
vn 0.2125 -0.0853 -0.9734
vn 0.2122 -0.0852 -0.9735
vn 0.2121 -0.0852 -0.9735
vn 0.3701 -0.081 -0.9255
vn -0.7676 0.0561 0.6385
vn -0.8626 0.0442 0.5039
vn -0.9801 0.0175 0.1977
vn -0.9914 -0.0113 -0.1304
vn -0.8953 -0.0388 -0.4438
vn -0.8097 -0.0513 -0.5846
vn -0.702 -0.062 -0.7095
vn -0.4328 -0.0786 -0.898
vn -0.2786 -0.0837 -0.9568
vn -0.1166 -0.0865 -0.9894
vn 0.0482 -0.0867 -0.9951
vn 0.5179 -0.0746 -0.8522
vn 0.5181 -0.0746 -0.8521
vn 0.6517 -0.0661 -0.7556
vn 0.6516 -0.0657 -0.7557
vn 0.7676 -0.0555 -0.6385
vn 0.8626 -0.0443 -0.5039
vn 0.8627 -0.0438 -0.5039
vn 0.8626 -0.0439 -0.5039
vn 0.9341 -0.031 -0.3557
vn 0.9341 -0.0309 -0.3557
vn 0.9801 -0.0172 -0.1977
vn 0.9994 -0.0029 -0.0337
vn 0.9914 0.0113 0.1304
vn 0.9564 0.0258 0.291
vn 0.9564 0.0253 0.291
vn 0.8955 0.0386 0.4435
vn 0.8098 0.0508 0.5846
vn 0.702 0.062 0.7095
vn 0.7021 0.0621 0.7094
vn 0.5753 0.0712 0.8148
vn 0.5753 0.0713 0.8148
vn 0.4328 0.0781 0.8981
vn 0.4328 0.0784 0.8981
vn 0.4328 0.0785 0.8981
vn 0.2786 0.0836 0.9568
vn 0.2787 0.0835 0.9568
vn 0.1166 0.0865 0.9894
vn 0.1167 0.0865 0.9894
vn -0.0483 0.0869 0.995
vn -0.0482 0.0865 0.9951
vn -0.0483 0.0866 0.9951
vn -0.2121 0.0851 0.9735
vn -0.212 0.085 0.9736
vn -0.3701 0.0809 0.9255
vn -0.37 0.0808 0.9255
vn -0.3701 0.081 0.9255
vn 0.9564 0.0256 0.291
vn 0.5753 0.0709 0.8148
vn 0.4328 0.0787 0.898
vn -0.0483 0.0867 0.9951
vn -0.2938 0.6699 0.6818
vn -0.3285 -0.0484 0.9433
vn -0.2502 -0.0464 0.9671
vn -0.1684 0.6732 0.72
vn -0.1699 -0.0444 0.9845
vn -0.0828 -0.3008 0.9501
vn -0.0056 -0.5371 0.8435
vn -0.0056 -0.5369 0.8436
vn -0.0055 -0.5369 0.8436
vn 0.046 -0.7372 0.6741
vn 0.046 -0.7371 0.6742
vn 0.0604 -0.8874 0.4571
vn 0.0604 -0.8873 0.4573
vn 0.0365 -0.9715 0.2342
vn 0.032 -0.9829 0.1815
vn 0.1513 -0.8896 0.4309
vn 0.1514 -0.8896 0.431
vn 0.2407 -0.7413 0.6266
vn 0.2407 -0.7413 0.6265
vn 0.3136 -0.5427 0.7792
vn 0.3136 -0.5426 0.7793
vn 0.3651 -0.307 0.8789
vn 0.3652 -0.3069 0.8789
vn 0.3916 -0.0504 0.9188
vn 0.3437 0.6681 0.6599
vn 0.4656 -0.0536 0.8834
vn 0.5364 -0.0572 0.842
vn 0.4568 0.6622 0.594
vn 0.6034 -0.0613 0.7951
vn 0.621 -0.3214 0.7149
vn 0.621 -0.3213 0.7149
vn 0.6209 -0.3214 0.715
vn 0.5801 -0.559 0.5924
vn 0.58 -0.559 0.5925
vn 0.5801 -0.5589 0.5925
vn 0.4781 -0.7572 0.445
vn 0.478 -0.7572 0.4452
vn 0.3191 -0.9018 0.2915
vn 0.1461 -0.9752 0.1661
vn 0.3497 -0.9066 0.2362
vn 0.3496 -0.9066 0.2362
vn 0.5561 -0.7684 0.3168
vn 0.7245 -0.5779 0.3757
vn 0.8435 -0.3481 0.409
vn 0.8435 -0.3481 0.4091
vn 0.9051 -0.0947 0.4145
vn 0.7593 0.6259 0.178
vn 0.9768 -0.1151 0.1808
vn 0.9203 -0.3736 0.1158
vn 0.9203 -0.3737 0.1158
vn 0.9203 -0.3737 0.1159
vn 0.7935 -0.6057 0.0586
vn 0.7936 -0.6057 0.0586
vn 0.7936 -0.6056 0.0586
vn 0.6073 -0.7941 0.0233
vn 0.3782 -0.9255 0.0203
vn 0.3782 -0.9255 0.0204
vn 0.3781 -0.9255 0.0204
vn 0.0949 -0.9935 0.0635
vn 0.1474 -0.9884 0.0369
vn 0.3518 -0.9334 -0.0702
vn 0.3518 -0.9335 -0.0702
vn 0.5595 -0.811 -0.1708
vn 0.729 -0.6335 -0.2594
vn 0.729 -0.6334 -0.2595
vn 0.8488 -0.4128 -0.3305
vn 0.8487 -0.4128 -0.3305
vn 0.9107 -0.1641 -0.379
vn 0.6849 0.5706 -0.4531
vn 0.7867 -0.1825 -0.5898
vn 0.7867 -0.1825 -0.5897
vn 0.6842 -0.4351 -0.5854
vn 0.6842 -0.4351 -0.5853
vn 0.5416 -0.6566 -0.525
vn 0.5416 -0.6566 -0.5249
vn 0.3773 -0.8315 -0.4078
vn 0.3774 -0.8316 -0.4075
vn 0.3775 -0.8319 -0.4067
vn 0.2117 -0.9481 -0.2374
vn 0.2118 -0.9481 -0.2372
vn 0.2118 -0.948 -0.2374
vn 0.068 -0.9974 -0.0253
vn 0.0615 -0.9978 -0.025
vn 0.0485 -0.9982 -0.0348
vn 0.0521 -0.9982 -0.0291
vn 0.0484 -0.9982 -0.0348
vn 0.1269 -0.9518 -0.2794
vn 0.1269 -0.9517 -0.2796
vn 0.1269 -0.9517 -0.2795
vn 0.2018 -0.8398 -0.504
vn 0.2019 -0.8405 -0.5029
vn 0.2019 -0.8403 -0.5031
vn 0.263 -0.6715 -0.6927
vn 0.2631 -0.6717 -0.6926
vn 0.263 -0.6716 -0.6926
vn 0.3064 -0.4573 -0.8349
vn 0.306 -0.4567 -0.8353
vn 0.3061 -0.4567 -0.8353
vn 0.3284 -0.2112 -0.9206
vn 0.1684 0.538 -0.8259
vn 0.0888 -0.216 -0.9724
vn 0.0889 -0.216 -0.9723
vn 0.0065 -0.4615 -0.8871
vn 0.0065 -0.4616 -0.8871
vn -0.0599 -0.6752 -0.7352
vn -0.0599 -0.6751 -0.7353
vn -0.096 -0.8423 -0.5305
vn -0.096 -0.8422 -0.5305
vn -0.096 -0.8427 -0.5298
vn -0.0914 -0.9527 -0.2898
vn -0.0914 -0.9528 -0.2896
vn -0.0494 -0.997 -0.0604
vn -0.0386 -0.9993 -0.0021
vn -0.1799 -0.9498 -0.256
vn -0.1799 -0.9496 -0.2565
vn -0.1799 -0.9497 -0.2564
vn -0.2861 -0.8368 -0.4668
vn -0.2861 -0.8369 -0.4666
vn -0.2861 -0.837 -0.4664
vn -0.3727 -0.6672 -0.6449
vn -0.3728 -0.6673 -0.6448
vn -0.4341 -0.4521 -0.7792
vn -0.4341 -0.4522 -0.7792
vn -0.4657 -0.2062 -0.8606
vn -0.4567 0.5489 -0.7001
vn -0.6664 -0.1939 -0.72
vn -0.6754 -0.4359 -0.5949
vn -0.6753 -0.4358 -0.5949
vn -0.6228 -0.6489 -0.4371
vn -0.6228 -0.6489 -0.437
vn -0.5075 -0.8195 -0.2661
vn -0.5076 -0.8194 -0.2663
vn -0.5075 -0.8194 -0.2663
vn -0.3355 -0.9363 -0.1035
vn -0.3355 -0.9363 -0.1034
vn -0.1524 -0.9881 0.0181
vn -0.3613 -0.9313 -0.0459
vn -0.3612 -0.9314 -0.0459
vn -0.5747 -0.8077 -0.1319
vn -0.5745 -0.8078 -0.132
vn -0.5748 -0.8076 -0.1319
vn -0.7487 -0.6291 -0.2089
vn -0.7488 -0.629 -0.2089
vn -0.8718 -0.4076 -0.2717
vn -0.8719 -0.4075 -0.2717
vn -0.8718 -0.4076 -0.2718
vn -0.9355 -0.1585 -0.3159
vn -0.7594 0.5854 -0.284
vn -0.9594 -0.1518 -0.2379
vn -0.9768 -0.1448 -0.1581
vn -0.7871 0.5966 -0.1563
vn -0.9875 -0.1377 -0.0771
vn -0.9239 -0.3817 0.0269
vn -0.9239 -0.3818 0.0269
vn -0.924 -0.3815 0.0268
vn -0.7913 -0.6009 0.1128
vn -0.7913 -0.6009 0.1127
vn -0.6015 -0.7817 0.1648
vn -0.6015 -0.7817 0.1647
vn -0.372 -0.9122 0.1716
vn -0.3719 -0.9123 0.1715
vn -0.0953 -0.9884 0.1185
vn -0.1407 -0.9792 0.1464
vn -0.3381 -0.9046 0.2597
vn -0.3381 -0.9045 0.2598
vn -0.5377 -0.7652 0.354
vn -0.5377 -0.7652 0.3541
vn -0.7007 -0.5735 0.4244
vn -0.7007 -0.5734 0.4245
vn -0.8158 -0.3432 0.4656
vn -0.8157 -0.3432 0.4656
vn -0.8752 -0.0893 0.4754
vn -0.6849 0.6407 0.347
vn -0.8338 -0.0832 0.5457
vn -0.7867 -0.0773 0.6125
vn -0.6093 0.6502 0.4539
vn -0.7342 -0.0719 0.6751
vn -0.6306 -0.3221 0.7061
vn -0.4919 -0.5519 0.6734
vn -0.4918 -0.5519 0.6735
vn -0.3367 -0.7458 0.5748
vn -0.3367 -0.7459 0.5747
vn -0.3368 -0.7459 0.5747
vn -0.1847 -0.891 0.4147
vn -0.1847 -0.891 0.4148
vn -0.0578 -0.9777 0.2021
vn -0.0533 -0.9773 0.205
vn -0.0412 -0.9782 0.2034
vn -0.0967 -0.8879 0.4498
vn -0.0966 -0.8879 0.4497
vn -0.1537 -0.7387 0.6562
vn -0.1537 -0.7387 0.6563
vn -0.1537 -0.7388 0.6562
vn -0.2002 -0.5391 0.8181
vn -0.2002 -0.539 0.8182
vn -0.2002 -0.5392 0.818
vn -0.2332 -0.3031 0.924
vn -0.2331 -0.303 0.924
vn -0.2332 -0.303 0.924
vn -0.2335 -0.3031 0.9239
vn -0.1585 -0.3016 0.9402
vn -0.0888 -0.0438 0.9951
vn -0.0065 -0.3004 0.9538
vn -0.0065 -0.3005 0.9538
vn 0.06 -0.5373 0.8413
vn 0.0599 -0.5372 0.8413
vn 0.096 -0.7378 0.6682
vn 0.096 -0.7377 0.6683
vn 0.0914 -0.8877 0.4513
vn 0.0914 -0.8878 0.4511
vn 0.0604 -0.8872 0.4574
vn 0.0926 0.6743 0.7326
vn 0.1562 -0.0446 0.9867
vn 0.2366 -0.046 0.9705
vn 0.2212 0.6722 0.7065
vn 0.3153 -0.0481 0.9478
vn 0.2938 -0.3046 0.906
vn 0.2939 -0.3047 0.906
vn 0.2938 -0.3045 0.9061
vn 0.2524 -0.5406 0.8025
vn 0.2524 -0.5405 0.8026
vn 0.1894 -0.539 0.8207
vn 0.1894 -0.5392 0.8206
vn 0.1251 -0.5378 0.8337
vn 0.1251 -0.5379 0.8337
vn 0.0599 -0.5371 0.8414
vn 0.0698 -0.3006 0.9512
vn 0.0698 -0.3007 0.9512
vn -0.007 -0.0435 0.999
vn 0.0749 -0.0437 0.9962
vn 0.0698 -0.3007 0.9511
vn 0.1457 -0.3015 0.9423
vn 0.1456 -0.3014 0.9423
vn 0.2204 -0.3026 0.9273
vn 0.2205 -0.3026 0.9273
vn 0.1894 -0.5389 0.8208
vn 0.6663 -0.0659 0.7427
vn 0.6753 -0.326 0.6615
vn 0.6753 -0.326 0.6616
vn 0.6228 -0.5633 0.543
vn 0.6228 -0.5632 0.543
vn 0.5075 -0.7608 0.4045
vn 0.5076 -0.7607 0.4045
vn 0.5076 -0.7607 0.4046
vn 0.3355 -0.9042 0.2644
vn 0.3192 -0.9018 0.2915
vn 0.6429 0.6463 0.4111
vn 0.8262 -0.0822 0.5574
vn 0.8687 -0.0884 0.4875
vn 0.7108 0.6365 0.2994
vn 0.9355 -0.1014 0.3386
vn 0.8941 -0.3606 0.2656
vn 0.7818 -0.5943 0.1887
vn 0.7818 -0.5942 0.1887
vn 0.6067 -0.7853 0.1235
vn 0.3829 -0.92 0.0832
vn 0.383 -0.92 0.0831
vn 0.0921 -0.9925 0.0799
vn 0.1575 -0.9856 0.061
vn 0.071 -0.9942 0.0805
vn 0.7872 0.6147 0.0504
vn 0.9875 -0.1222 0.0999
vn 0.924 -0.3804 0.0398
vn 0.9239 -0.3805 0.0398
vn 0.7914 -0.6113 -0.0067
vn 0.6015 -0.7984 -0.0266
vn 0.3718 -0.9282 -0.0105
vn 0.3719 -0.9282 -0.0106
vn 0.3718 -0.9282 -0.0106
vn 0.9914 -0.1294 0.0183
vn 0.9214 -0.387 -0.0362
vn 0.9213 -0.3871 -0.0362
vn 0.7837 -0.617 -0.0716
vn 0.5915 -0.8027 -0.0756
vn 0.5915 -0.8027 -0.0757
vn 0.3631 -0.9308 -0.0409
vn 0.3631 -0.9309 -0.0408
vn 0.7782 0.592 -0.2099
vn 0.9628 -0.1505 -0.2243
vn 0.94 -0.1574 -0.3028
vn 0.7417 0.581 -0.3352
vn 0.8751 -0.1706 -0.4528
vn 0.777 -0.4245 -0.4648
vn 0.7771 -0.4245 -0.4647
vn 0.6297 -0.6481 -0.4283
vn 0.6297 -0.6481 -0.4282
vn 0.6297 -0.6482 -0.4282
vn 0.451 -0.8258 -0.3387
vn 0.2613 -0.9446 -0.1986
vn 0.2613 -0.9446 -0.1985
vn 0.2613 -0.9447 -0.1983
vn 0.0752 -0.9971 -0.0082
vn 0.0739 -0.997 -0.0246
vn 0.0402 -0.9987 0.0322
vn 0.6095 0.5613 -0.5599
vn 0.7341 -0.1879 -0.6525
vn 0.6305 -0.4398 -0.6395
vn 0.6305 -0.4398 -0.6396
vn 0.6307 -0.4399 -0.6393
vn 0.4918 -0.6603 -0.5676
vn 0.4919 -0.6604 -0.5674
vn 0.3367 -0.8344 -0.4364
vn 0.3368 -0.8344 -0.4364
vn 0.1847 -0.9495 -0.2536
vn 0.1847 -0.9495 -0.2537
vn 0.6765 -0.193 -0.7107
vn 0.5726 -0.4442 -0.689
vn 0.5726 -0.4442 -0.6891
vn 0.5725 -0.4441 -0.6892
vn 0.4389 -0.6638 -0.6056
vn 0.4387 -0.6638 -0.6057
vn 0.4388 -0.6639 -0.6056
vn 0.2937 -0.8366 -0.4624
vn 0.1563 -0.9507 -0.2679
vn 0.1563 -0.9506 -0.2681
vn 0.1846 -0.9495 -0.2537
vn 0.4113 0.5465 -0.7295
vn 0.4779 -0.2057 -0.854
vn 0.4045 -0.2089 -0.8904
vn 0.2938 0.5413 -0.7878
vn 0.2501 -0.2134 -0.9444
vn 0.1586 -0.4605 -0.8734
vn 0.1584 -0.4601 -0.8736
vn 0.0711 -0.6749 -0.7345
vn 0.0711 -0.675 -0.7344
vn 0.0711 -0.6748 -0.7346
vn 0.0043 -0.8431 -0.5378
vn 0.0043 -0.8431 -0.5377
vn -0.0289 -0.9534 -0.3003
vn -0.0289 -0.9536 -0.2997
vn -0.0238 -0.9978 -0.0616
vn -0.0247 -0.9996 -0.0137
vn -0.015 -0.9997 0.0192
vn 0.0384 0.5365 -0.843
vn 0.007 -0.2163 -0.9763
vn -0.0697 -0.4614 -0.8845
vn -0.0698 -0.4612 -0.8846
vn -0.0698 -0.4615 -0.8844
vn -0.1251 -0.6746 -0.7275
vn -0.1251 -0.6745 -0.7276
vn -0.1251 -0.6743 -0.7278
vn -0.1453 -0.8413 -0.5207
vn -0.1453 -0.8414 -0.5205
vn -0.1453 -0.8418 -0.5198
vn -0.1218 -0.9519 -0.281
vn -0.1218 -0.952 -0.281
vn -0.1218 -0.9519 -0.2812
vn -0.0914 -0.9528 -0.2895
vn -0.0749 -0.216 -0.9735
vn -0.1457 -0.4604 -0.8757
vn -0.1456 -0.4604 -0.8757
vn -0.1457 -0.4606 -0.8756
vn -0.1893 -0.6731 -0.7149
vn -0.1893 -0.673 -0.715
vn -0.1893 -0.6733 -0.7148
vn -0.1936 -0.8401 -0.5067
vn -0.1936 -0.8402 -0.5066
vn -0.1938 -0.8408 -0.5056
vn -0.1513 -0.9509 -0.2699
vn -0.1514 -0.9509 -0.2699
vn -0.1513 -0.9508 -0.2702
vn -0.2212 0.5392 -0.8126
vn -0.3153 -0.2119 -0.925
vn -0.3919 -0.2093 -0.8959
vn -0.3437 0.5434 -0.7659
vn -0.5365 -0.2026 -0.8192
vn -0.5623 -0.4447 -0.6972
vn -0.5623 -0.4448 -0.6971
vn -0.5622 -0.4447 -0.6972
vn -0.5335 -0.6574 -0.5322
vn -0.5334 -0.6574 -0.5323
vn -0.5333 -0.6573 -0.5324
vn -0.4451 -0.8264 -0.345
vn -0.4451 -0.8263 -0.345
vn -0.3004 -0.941 -0.1561
vn -0.3005 -0.9409 -0.1559
vn -0.3005 -0.941 -0.1559
vn -0.1388 -0.9903 -0.0058
vn -0.0675 -0.9965 0.0498
vn -0.0682 -0.9964 0.0494
vn -0.0668 -0.9965 0.0502
vn -0.5575 0.5562 -0.6163
vn -0.7246 -0.1889 -0.6628
vn -0.7251 -0.4309 -0.5372
vn -0.7252 -0.4306 -0.5373
vn -0.7251 -0.4308 -0.5372
vn -0.6613 -0.6444 -0.384
vn -0.5336 -0.8157 -0.2234
vn -0.5336 -0.8157 -0.2235
vn -0.3496 -0.9339 -0.0753
vn -0.3496 -0.9339 -0.0752
vn -0.3495 -0.9339 -0.0751
vn -0.3355 -0.9364 -0.1034
vn -0.778 -0.1836 -0.6008
vn -0.7699 -0.4256 -0.4755
vn -0.7699 -0.4255 -0.4756
vn -0.6952 -0.6396 -0.328
vn -0.6953 -0.6395 -0.328
vn -0.5561 -0.8117 -0.1787
vn -0.5561 -0.8117 -0.1786
vn -0.556 -0.8117 -0.1786
vn -0.3495 -0.9339 -0.075
vn -0.7108 0.5748 -0.4053
vn -0.9051 -0.1652 -0.3918
vn -0.8435 -0.4138 -0.3424
vn -0.7244 -0.6344 -0.2697
vn -0.7244 -0.6345 -0.2696
vn -0.7244 -0.6345 -0.2697
vn -0.5561 -0.8117 -0.1789
vn -0.6953 -0.6395 -0.3281
vn -0.8095 -0.4199 -0.4104
vn -0.8095 -0.4199 -0.4105
vn -0.8686 -0.1715 -0.4649
vn -0.9914 -0.1305 0.0044
vn -0.9213 -0.3749 0.1029
vn -0.9214 -0.3749 0.1029
vn -0.7837 -0.5951 0.1777
vn -0.7837 -0.5952 0.1777
vn -0.5916 -0.7773 0.214
vn -0.5916 -0.7774 0.2139
vn -0.5915 -0.7774 0.2139
vn -0.3631 -0.9096 0.2019
vn -0.363 -0.9097 0.2018
vn -0.7782 0.6194 0.1039
vn -0.9629 -0.1092 0.2469
vn -0.9628 -0.1092 0.247
vn -0.94 -0.1023 0.3255
vn -0.7417 0.6303 0.2293
vn -0.9107 -0.0958 0.4018
vn -0.8488 -0.3491 0.397
vn -0.8488 -0.3492 0.397
vn -0.7291 -0.5786 0.3656
vn -0.729 -0.5787 0.3656
vn -0.729 -0.5787 0.3655
vn -0.7289 -0.5789 0.3655
vn -0.7524 -0.5842 0.3044
vn -0.7523 -0.5842 0.3044
vn -0.7523 -0.5843 0.3044
vn -0.7706 -0.5897 0.2417
vn -0.7707 -0.5896 0.2417
vn -0.7836 -0.5953 0.1777
vn -0.9125 -0.3682 0.1783
vn -0.9124 -0.3683 0.1784
vn -0.9214 -0.3748 0.1028
vn -0.9886 -0.1234 0.086
vn -0.9791 -0.1162 0.167
vn -0.9123 -0.3685 0.1785
vn -0.8973 -0.3618 0.253
vn -0.876 -0.3554 0.326
vn -0.876 -0.3553 0.326
vn -0.6765 -0.0667 0.7334
vn -0.5727 -0.3177 0.7557
vn -0.5728 -0.3181 0.7554
vn -0.4387 -0.5486 0.7117
vn -0.4387 -0.5485 0.7118
vn -0.2937 -0.7436 0.6006
vn -0.2937 -0.7436 0.6007
vn -0.1563 -0.8897 0.429
vn -0.1563 -0.8898 0.4288
vn -0.1846 -0.8909 0.4149
vn -0.4112 0.6648 0.6236
vn -0.4781 -0.0542 0.8766
vn -0.4046 -0.051 0.9131
vn -0.3772 -0.3075 0.8736
vn -0.3239 -0.5429 0.7748
vn -0.2486 -0.7416 0.623
vn -0.2486 -0.7416 0.6231
vn -0.1563 -0.8899 0.4286
vn -0.3826 -0.5455 0.7457
vn -0.3825 -0.5457 0.7455
vn -0.3827 -0.5454 0.7457
vn -0.4455 -0.3104 0.8398
vn -0.4454 -0.3103 0.8398
vn -0.4455 -0.3103 0.8398
vn -0.4455 -0.3104 0.8397
vn -0.063 -0.9777 0.2005
vn -0.0354 -0.9888 0.1449
vn -0.0847 -0.9774 0.1935
vn -0.2614 -0.8959 0.3592
vn -0.2614 -0.8959 0.3593
vn -0.451 -0.7543 0.4771
vn -0.451 -0.7544 0.477
vn -0.6298 -0.5639 0.5342
vn -0.6297 -0.564 0.5342
vn -0.6297 -0.5641 0.5341
vn -0.7771 -0.3373 0.5313
vn -0.7771 -0.3373 0.5314
vn -0.7331 -0.332 0.5935
vn -0.7331 -0.3321 0.5935
vn -0.7332 -0.332 0.5935
vn -0.7333 -0.3321 0.5932
vn -0.6843 -0.3269 0.6518
vn -0.6843 -0.3268 0.6519
vn -0.5416 -0.5556 0.6309
vn -0.3775 -0.7485 0.5452
vn -0.3775 -0.7484 0.5453
vn -0.2117 -0.8924 0.3986
vn -0.2117 -0.8924 0.3984
vn -0.0688 -0.9794 0.1898
vn -0.0448 -0.9894 0.138
vn -0.0807 -0.9817 0.1727
vn -0.2836 -0.8978 0.3369
vn -0.2836 -0.8979 0.3368
vn -0.4832 -0.7578 0.4385
vn -0.4832 -0.7578 0.4384
vn -0.6674 -0.5688 0.4807
vn -0.6674 -0.5687 0.4808
vn -0.8158 -0.3431 0.4656
vn -0.777 -0.3373 0.5315
vn -0.1056 -0.9777 0.1817
vn -0.3039 -0.8999 0.3128
vn -0.3039 -0.8999 0.3127
vn -0.5123 -0.7613 0.3974
vn -0.5123 -0.7614 0.3973
vn -0.7004 -0.5736 0.4248
vn -0.6674 -0.5686 0.4809
vn -0.0602 -0.9908 0.1208
vn -0.0938 -0.9862 0.1365
vn -0.0658 -0.9917 0.1105
vn -0.1531 -0.9805 0.1235
vn -0.0697 -0.9926 0.0992
vn -0.1608 -0.9821 0.0981
vn -0.383 -0.9205 0.0778
vn -0.3829 -0.9205 0.0779
vn -0.3829 -0.9205 0.0778
vn -0.6068 -0.7948 0.0146
vn -0.6067 -0.7948 0.0147
vn -0.6067 -0.7948 0.0148
vn -0.7818 -0.618 -0.0827
vn -0.7819 -0.618 -0.0826
vn -0.7818 -0.618 -0.0826
vn -0.8942 -0.4011 -0.1989
vn -0.8941 -0.4012 -0.1989
vn -0.9103 -0.3947 -0.1246
vn -0.9103 -0.3948 -0.1245
vn -0.9203 -0.3882 -0.0492
vn -0.9203 -0.3881 -0.0492
vn -0.7935 -0.6067 0.0474
vn -0.7936 -0.6066 0.0474
vn -0.6073 -0.7861 0.115
vn -0.6073 -0.7861 0.1149
vn -0.3782 -0.915 0.1406
vn -0.3782 -0.915 0.1407
vn -0.3783 -0.915 0.1407
vn -0.0938 -0.9904 0.1017
vn -0.072 -0.9936 0.0873
vn -0.0898 -0.9922 0.0862
vn -0.3814 -0.9232 0.0463
vn -0.3814 -0.9233 0.0463
vn -0.6001 -0.7991 -0.035
vn -0.6001 -0.7992 -0.035
vn -0.6001 -0.7991 -0.0351
vn -0.7679 -0.6236 -0.1465
vn -0.7679 -0.6236 -0.1464
vn -0.8717 -0.4077 -0.2718
vn -0.8941 -0.4013 -0.1989
vn -0.1635 -0.984 0.0714
vn -0.3772 -0.926 0.0151
vn -0.3773 -0.926 0.0151
vn -0.5894 -0.8035 -0.084
vn -0.0719 -0.9955 0.062
vn -0.073 -0.9954 0.0616
vn -0.0711 -0.9955 0.0624
vn -0.0756 -0.9953 0.0604
vn -0.0647 -0.9973 0.0361
vn -0.0597 -0.9974 0.0397
vn -0.0623 -0.9973 0.0378
vn -0.0581 -0.9975 0.0406
vn -0.0586 -0.998 0.0223
vn -0.2331 -0.9467 -0.2222
vn -0.2331 -0.9467 -0.2224
vn -0.3296 -0.835 -0.4407
vn -0.3296 -0.8349 -0.4407
vn -0.3295 -0.8347 -0.4413
vn -0.3727 -0.6671 -0.6451
vn -0.4294 -0.6642 -0.6119
vn -0.4293 -0.6641 -0.6121
vn -0.4294 -0.6641 -0.612
vn -0.4293 -0.6642 -0.612
vn -0.4998 -0.4486 -0.7409
vn -0.4999 -0.4486 -0.7409
vn -0.4999 -0.4486 -0.7408
vn -0.434 -0.452 -0.7793
vn -0.0483 -0.9983 0.0329
vn -0.0991 -0.9942 -0.0427
vn -0.2072 -0.9484 -0.2402
vn -0.2072 -0.9483 -0.2402
vn -0.2072 -0.9483 -0.2405
vn -0.2861 -0.8369 -0.4667
vn -0.3295 -0.8347 -0.4414
vn -0.05 -0.9987 0.0094
vn -0.0266 -0.9994 0.0219
vn -0.0083 -0.9997 -0.0218
vn -0.0033 -0.9998 0.0183
vn 0.0103 -0.9996 -0.0281
vn 0.0657 -0.9532 -0.295
vn 0.0657 -0.9532 -0.2951
vn 0.0657 -0.9532 -0.2953
vn 0.1537 -0.8411 -0.5186
vn 0.1537 -0.8412 -0.5184
vn 0.1537 -0.8416 -0.5177
vn 0.2632 -0.6715 -0.6927
vn 0.2003 -0.6732 -0.7118
vn 0.2002 -0.6731 -0.7119
vn 0.2003 -0.6733 -0.7117
vn 0.2002 -0.673 -0.712
vn 0.2332 -0.4589 -0.8573
vn 0.2331 -0.4589 -0.8574
vn 0.3065 -0.4573 -0.8348
vn 0.0083 -0.9998 0.0193
vn 0.024 -0.9984 -0.0511
vn 0.0966 -0.9527 -0.2883
vn 0.0966 -0.9526 -0.2884
vn 0.0966 -0.9524 -0.2893
vn 0.2017 -0.8396 -0.5043
vn 0.1536 -0.8418 -0.5175
vn 0.0302 -0.9991 -0.0303
vn 0.1269 -0.9517 -0.2794
vn 0.0965 -0.9523 -0.2895
vn 0.0303 -0.9992 0.0261
vn 0.0954 -0.9953 -0.0153
vn 0.049 -0.998 0.0397
vn 0.1154 -0.9933 -0.0021
vn 0.322 -0.9383 -0.1259
vn 0.322 -0.9383 -0.1258
vn 0.3221 -0.9383 -0.1259
vn 0.5377 -0.815 -0.216
vn 0.5378 -0.815 -0.2159
vn 0.5377 -0.815 -0.2159
vn 0.7289 -0.6335 -0.2595
vn 0.7005 -0.6387 -0.3183
vn 0.7006 -0.6387 -0.3183
vn 0.7005 -0.6387 -0.3184
vn 0.7006 -0.6386 -0.3182
vn 0.8157 -0.4187 -0.399
vn 0.8157 -0.4188 -0.399
vn 0.8488 -0.4127 -0.3305
vn 0.0568 -0.9972 0.0483
vn 0.0918 -0.9954 0.0278
vn 0.3381 -0.936 -0.0985
vn 0.338 -0.936 -0.0986
vn 0.5595 -0.811 -0.1707
vn 0.5378 -0.815 -0.2158
vn 0.133 -0.991 0.0156
vn 0.338 -0.9359 -0.0987
vn 0.068 -0.9953 0.0689
vn 0.1628 -0.9828 0.0871
vn 0.0725 -0.993 0.0927
vn 0.1628 -0.98 0.1142
vn 0.3705 -0.9118 0.1768
vn 0.3706 -0.9118 0.1768
vn 0.5747 -0.7725 0.2702
vn 0.5747 -0.7724 0.2703
vn 0.5747 -0.7725 0.2703
vn 0.7488 -0.5832 0.315
vn 0.8717 -0.3543 0.3384
vn 0.8718 -0.3543 0.3384
vn 0.072 -0.9918 0.1052
vn 0.0735 -0.9917 0.1056
vn 0.0772 -0.9913 0.1068
vn 0.0799 -0.991 0.1076
vn 0.3613 -0.9092 0.2069
vn 0.3614 -0.9092 0.2069
vn 0.556 -0.7684 0.3168
vn 0.1571 -0.9775 0.1409
vn 0.3496 -0.9066 0.2363
vn 0.0667 -0.9891 0.1309
vn 0.0643 -0.9895 0.1296
vn 0.0653 -0.9893 0.1303
vn 0.0624 -0.9897 0.1286
vn 0.062 -0.9875 0.1446
vn 0.0547 -0.9888 0.1391
vn 0.0585 -0.9882 0.1416
vn 0.2574 -0.8955 0.363
vn 0.3703 -0.7478 0.5511
vn 0.3707 -0.7479 0.5507
vn 0.4293 -0.548 0.7179
vn 0.4293 -0.5479 0.718
vn 0.434 -0.3099 0.8459
vn 0.4341 -0.3098 0.8459
vn 0.4341 -0.3099 0.8459
vn 0.5 -0.3132 0.8074
vn 0.4998 -0.3132 0.8075
vn 0.4998 -0.3133 0.8075
vn 0.5624 -0.3171 0.7637
vn 0.5624 -0.3171 0.7636
vn 0.5624 -0.317 0.7637
vn 0.5334 -0.555 0.6383
vn 0.5334 -0.555 0.6384
vn 0.5333 -0.555 0.6384
vn 0.4452 -0.7538 0.4832
vn 0.4452 -0.7538 0.4833
vn 0.3005 -0.8996 0.317
vn 0.3005 -0.8995 0.317
vn 0.1303 -0.9734 0.1883
vn 0.0534 -0.9891 0.1372
vn 0.1104 -0.9721 0.2068
vn 0.2331 -0.8937 0.3834
vn 0.2331 -0.8937 0.3832
vn 0.2331 -0.8938 0.3832
vn 0.3296 -0.7456 0.5792
vn 0.3296 -0.7455 0.5793
vn 0.3728 -0.5451 0.7509
vn 0.3727 -0.545 0.751
vn 0.3728 -0.545 0.751
vn 0.3652 -0.307 0.8789
vn 0.0546 -0.986 0.1578
vn 0.2072 -0.8921 0.4015
vn 0.2072 -0.8921 0.4014
vn 0.2861 -0.7432 0.6048
vn 0.2862 -0.7433 0.6047
vn 0.2861 -0.7433 0.6047
vn 0.3137 -0.5428 0.7791
vn 0.0322 -0.9882 0.1497
vn 0.0623 -0.9712 0.2301
vn 0.0208 -0.988 0.1533
vn 0.0167 -0.9814 0.1913
vn 0.0091 -0.9879 0.1551
vn -0.0008 -0.9801 0.1983
vn -0.0343 -0.8871 0.4604
vn -0.0343 -0.887 0.4604
vn -0.0343 -0.887 0.4605
vn -0.1044 -0.7378 0.6669
vn -0.1045 -0.7378 0.6669
vn -0.2003 -0.5393 0.8179
vn -0.1361 -0.5379 0.8319
vn -0.0711 -0.5373 0.8404
vn -0.0711 -0.5372 0.8404
vn -0.0043 -0.737 0.6758
vn -0.0043 -0.737 0.6759
vn 0.0285 -0.8868 0.4613
vn 0.0285 -0.8868 0.4612
vn 0.0289 -0.887 0.4608
vn 0.0112 -0.9723 0.2335
vn -0.0026 -0.9879 0.1551
vn -0.0128 -0.9737 0.2275
vn -0.0657 -0.8875 0.4562
vn -0.0657 -0.8875 0.4561
vn -0.1537 -0.7388 0.6561
vn -0.1045 -0.7377 0.667
vn -0.0203 -0.979 0.2029
vn -0.025 -0.9884 0.1499
vn 0.4454 -0.4514 -0.7732
vn 0.4456 -0.4514 -0.7731
vn 0.377 -0.4542 -0.8072
vn 0.3774 -0.4547 -0.8067
vn 0.3769 -0.4542 -0.8073
vn 0.3774 -0.4548 -0.8067
vn 0.3826 -0.6667 -0.6397
vn 0.3826 -0.6668 -0.6395
vn 0.3825 -0.6666 -0.6398
vn 0.5106 -0.4479 -0.734
vn 0.5108 -0.4479 -0.7338
vn 0.5107 -0.4479 -0.7339
vn 0.6146 -0.1978 -0.7636
vn 0.5174 0.5532 -0.6529
vn 0.3826 -0.6667 -0.6396
vn 0.4387 -0.6639 -0.6056
vn 0.5107 -0.4479 -0.7338
vn 0.5725 -0.444 -0.6893
vn 0.3242 -0.6694 -0.6684
vn 0.324 -0.6694 -0.6686
vn 0.3241 -0.6695 -0.6684
vn 0.324 -0.6694 -0.6685
vn 0.2487 -0.8388 -0.4844
vn 0.2485 -0.8384 -0.4852
vn 0.2485 -0.8383 -0.4853
vn 0.1563 -0.9506 -0.268
vn 0.2487 -0.8387 -0.4845
vn 0.0196 -0.9996 0.0221
vn 0.0443 -0.9982 -0.0392
vn 0.0828 -0.4612 -0.8834
vn 0.0828 -0.4611 -0.8835
vn 0.0711 -0.6748 -0.7345
vn 0.0056 -0.6752 -0.7376
vn 0.0056 -0.6754 -0.7374
vn -0.1456 -0.4606 -0.8756
vn -0.2204 -0.459 -0.8607
vn -0.2206 -0.4594 -0.8604
vn -0.2203 -0.459 -0.8607
vn -0.2937 -0.4571 -0.8395
vn -0.294 -0.4575 -0.8392
vn -0.2937 -0.4569 -0.8396
vn -0.3652 -0.4549 -0.8122
vn -0.3651 -0.455 -0.8122
vn -0.3653 -0.4548 -0.8122
vn -0.3135 -0.6696 -0.6733
vn -0.3136 -0.6696 -0.6733
vn -0.3135 -0.6695 -0.6734
vn -0.3136 -0.6695 -0.6734
vn -0.2524 -0.6715 -0.6967
vn -0.2524 -0.6716 -0.6966
vn -0.1893 -0.6732 -0.7148
vn -0.0378 -0.9989 0.0266
vn -0.0749 -0.9957 -0.0542
vn -0.6211 -0.4406 -0.6481
vn -0.6209 -0.4405 -0.6484
vn -0.6211 -0.4406 -0.6482
vn -0.5333 -0.6573 -0.5325
vn -0.58 -0.6534 -0.4864
vn -0.5801 -0.6534 -0.4864
vn -0.6753 -0.4358 -0.595
vn -0.7699 -0.4254 -0.4757
vn -0.8262 -0.1775 -0.5347
vn -0.6429 0.565 -0.5171
vn -0.0799 -0.9941 0.0732
vn -0.0773 -0.9943 0.0738
vn -0.0836 -0.9939 0.0724
vn -0.3706 -0.9287 -0.0158
vn -0.7935 0.608 -0.0259
vn -0.0891 -0.9839 0.1548
vn -0.3221 -0.9022 0.287
vn -0.5377 -0.7653 0.354
vn -0.5122 -0.7615 0.3972
vn -0.2614 -0.8958 0.3595
vn -0.6842 -0.3267 0.652
vn -0.5108 -0.3138 0.8003
vn -0.5106 -0.3138 0.8005
vn -0.5109 -0.3138 0.8003
vn -0.4388 -0.5484 0.7119
vn -0.014 -0.9881 0.1534
vn -0.0345 -0.9754 0.2178
vn -0.0384 0.675 0.7368
vn 0.0432 -0.9886 0.1444
vn 0.0873 -0.9713 0.2211
vn 0.1798 -0.8906 0.4177
vn 0.1799 -0.8907 0.4175
vn 0.2407 -0.7412 0.6266
vn 0.2862 -0.7433 0.6046
vn 0.6754 -0.3259 0.6615
vn 0.7251 -0.331 0.6038
vn 0.7251 -0.3311 0.6038
vn 0.7699 -0.3364 0.5423
vn 0.7699 -0.3364 0.5422
vn 0.8095 -0.3422 0.4771
vn 0.8095 -0.3421 0.4772
vn 0.8095 -0.3421 0.4771
vn 0.6953 -0.5727 0.4342
vn 0.6953 -0.5728 0.4342
vn 0.6952 -0.5728 0.4342
vn 0.6613 -0.5679 0.49
vn 0.6614 -0.5679 0.49
vn 0.6229 -0.5632 0.543
vn 0.7251 -0.3311 0.6039
vn 0.0696 -0.9906 0.1179
vn 0.0704 -0.9905 0.1182
vn 0.0703 -0.9905 0.1182
vn 0.0711 -0.9904 0.1185
vn 0.3706 -0.9118 0.1767
vn 0.9103 -0.3672 0.1912
vn 0.9103 -0.3671 0.1912
vn 0.7819 -0.5942 0.1889
vn 0.7904 -0.6 0.1239
vn 0.0869 -0.9917 0.0946
vn 0.3814 -0.9173 0.1147
vn 0.9203 -0.3738 0.1158
vn 0.9213 -0.3872 -0.0362
vn 0.9124 -0.3936 -0.1118
vn 0.9124 -0.3936 -0.1117
vn 0.9125 -0.3935 -0.1118
vn 0.8973 -0.4002 -0.1863
vn 0.876 -0.4066 -0.2594
vn 0.8761 -0.4065 -0.2593
vn 0.7524 -0.6281 -0.1983
vn 0.7524 -0.6281 -0.1984
vn 0.7707 -0.6226 -0.1356
vn 0.7837 -0.6171 -0.0716
vn 0.9124 -0.3937 -0.1117
vn 0.0632 -0.9963 0.0582
vn 0.0949 -0.9944 0.0459
vn 0.3221 -0.9383 -0.1258
vn 0.7771 -0.4245 -0.4646
vn 0.7332 -0.43 -0.5269
vn 0.7332 -0.4299 -0.5269
vn 0.7331 -0.4301 -0.5268
vn 0.6297 -0.6482 -0.4281
vn 0.5877 -0.6526 -0.4783
vn 0.5876 -0.6526 -0.4785
vn 0.5877 -0.6527 -0.4781
vn 0.0854 -0.9963 0.0093
vn 0.2836 -0.9427 -0.1759
vn 0.2836 -0.9427 -0.176
vn 0.2836 -0.9427 -0.1758
vn 0.5483 -0.202 -0.8115
vn -0.3062 -0.305 0.9018
vn -0.3062 -0.3049 0.9018
vn -0.263 -0.5408 0.799
vn -0.263 -0.5409 0.7989
vn -0.263 -0.5409 0.799
vn -0.2018 -0.74 0.6416
vn -0.1269 -0.8887 0.4405
vn -0.3238 -0.5429 0.7748
vn -0.3827 -0.5455 0.7456
vn -0.2629 -0.5408 0.799
vn -0.0826 -0.3007 0.9501
vn -0.0711 -0.5372 0.8405
vn -0.0056 -0.5368 0.8437
vn -0.0546 -0.7372 0.6735
vn -0.0343 -0.8868 0.4608
vn -0.0027 -0.8869 0.462
vn -0.0027 -0.8869 0.4619
vn 0.046 -0.737 0.6743
vn 0.096 -0.7376 0.6684
vn 0.1454 -0.7385 0.6584
vn 0.1453 -0.7385 0.6584
vn 0.1453 -0.7384 0.6585
vn 0.1937 -0.7398 0.6444
vn 0.1937 -0.7397 0.6444
vn 0.1937 -0.7397 0.6445
vn 0.1218 -0.8887 0.442
vn 0.1218 -0.8886 0.4421
vn 0.1218 -0.8886 0.4423
vn 0.0914 -0.8878 0.451
vn 0.1454 -0.7386 0.6583
vn 0.0289 -0.887 0.4609
vn 0.2205 -0.3027 0.9272
vn 0.1799 -0.8908 0.4172
vn 0.0446 -0.9843 0.1705
vn 0.4294 -0.5478 0.718
vn 0.3296 -0.7454 0.5794
vn 0.483 -0.5512 0.6803
vn 0.483 -0.5513 0.6803
vn 0.2072 -0.8922 0.4014
vn 0.3707 -0.748 0.5505
vn 0.2331 -0.8938 0.3831
vn 0.6209 -0.3213 0.715
vn 0.5333 -0.5549 0.6385
vn 0.5801 -0.5589 0.5926
vn 0.4093 -0.7507 0.5185
vn 0.4094 -0.7507 0.5185
vn 0.2799 -0.8975 0.3407
vn 0.2799 -0.8975 0.3408
vn 0.2799 -0.8975 0.3409
vn 0.7781 -0.0764 0.6235
vn 0.7248 -0.0709 0.6853
vn 0.5575 0.6549 0.5102
vn 0.6615 -0.5679 0.4897
vn 0.4779 -0.7571 0.4454
vn 0.5336 -0.7644 0.3618
vn 0.3356 -0.9041 0.2644
vn 0.3006 -0.8995 0.3171
vn 0.8718 -0.3542 0.3384
vn 0.5894 -0.7767 0.2222
vn 0.5894 -0.7767 0.2223
vn 0.7679 -0.5886 0.2526
vn 0.7679 -0.5887 0.2526
vn 0.7679 -0.5887 0.2525
vn 0.6001 -0.781 0.1732
vn 0.6 -0.781 0.1732
vn 0.6001 -0.7809 0.1732
vn 0.3773 -0.9145 0.146
vn 0.6091 -0.7897 0.0734
vn 0.3819 -0.9228 0.0517
vn 0.9594 -0.1081 0.2606
vn 0.6074 -0.7941 0.0233
vn 0.9791 -0.1435 -0.1443
vn 0.9886 -0.1364 -0.0632
vn 0.7935 0.6032 -0.0801
vn 0.7706 -0.6227 -0.1356
vn 0.8973 -0.4001 -0.1863
vn 0.6016 -0.7984 -0.0262
vn 0.5775 -0.807 -0.1238
vn 0.5775 -0.8069 -0.1238
vn 0.3631 -0.9309 -0.0407
vn 0.8157 -0.4189 -0.399
vn 0.5123 -0.8188 -0.2592
vn 0.5123 -0.8187 -0.2593
vn 0.5122 -0.8188 -0.2592
vn 0.6674 -0.6435 -0.3747
vn 0.6674 -0.6435 -0.3748
vn 0.6675 -0.6435 -0.3747
vn 0.6675 -0.6435 -0.3746
vn 0.4833 -0.8224 -0.3002
vn 0.483 -0.8225 -0.3004
vn 0.4833 -0.8223 -0.3003
vn 0.3039 -0.9405 -0.1517
vn 0.3039 -0.9406 -0.1516
vn 0.3039 -0.9406 -0.1515
vn 0.4157 -0.829 -0.3741
vn 0.4157 -0.8289 -0.3743
vn 0.4158 -0.8291 -0.3739
vn 0.4157 -0.8289 -0.3745
vn 0.2613 -0.9447 -0.1982
vn 0.2373 -0.9465 -0.2187
vn 0.2373 -0.9465 -0.2188
vn 0.2374 -0.9465 -0.2187
vn 0.8339 -0.1767 -0.5229
vn 0.6307 -0.4398 -0.6394
vn 0.5416 -0.6567 -0.5248
vn 0.3776 -0.832 -0.4065
vn 0.4457 -0.4515 -0.773
vn 0.3368 -0.8344 -0.4363
vn 0.1045 -0.8423 -0.5288
vn 0.1045 -0.8425 -0.5285
vn 0.1045 -0.8425 -0.5284
vn 0.1361 -0.6743 -0.7258
vn 0.1361 -0.6741 -0.726
vn 0.1362 -0.6743 -0.7258
vn 0.1362 -0.6745 -0.7256
vn 0.1045 -0.8423 -0.5287
vn 0.0545 -0.8432 -0.5349
vn 0.0546 -0.8429 -0.5353
vn 0.0545 -0.8433 -0.5347
vn 0.0546 -0.8428 -0.5355
vn 0.0343 -0.9534 -0.2998
vn 0.0343 -0.9534 -0.2996
vn 0.0343 -0.9536 -0.2992
vn 0.0027 -0.9535 -0.3012
vn 0.0027 -0.9537 -0.3008
vn 0.0027 -0.9535 -0.3013
vn 0.0027 -0.9537 -0.3007
vn 0.0657 -0.9531 -0.2953
vn -0.046 -0.8431 -0.5357
vn -0.046 -0.8429 -0.5361
vn -0.046 -0.8431 -0.5358
vn -0.0289 -0.9536 -0.2998
vn -0.0604 -0.9532 -0.2962
vn -0.0603 -0.9533 -0.2959
vn -0.0604 -0.9532 -0.2963
vn -0.0604 -0.9533 -0.2958
vn 0.0343 -0.9536 -0.2991
vn 0.001 -0.9983 -0.0578
vn 0.1701 -0.215 -0.9617
vn -0.1247 -0.6742 -0.728
vn -0.096 -0.8426 -0.5298
vn -0.2367 -0.214 -0.9477
vn -0.1563 -0.2153 -0.9639
vn -0.1564 -0.2153 -0.9639
vn -0.0926 0.5368 -0.8386
vn -0.294 -0.4577 -0.8391
vn -0.1454 -0.8419 -0.5196
vn -0.1938 -0.8408 -0.5054
vn -0.2408 -0.839 -0.4879
vn -0.2408 -0.8389 -0.4882
vn -0.2408 -0.839 -0.488
vn -0.1515 -0.9508 -0.2702
vn -0.3707 -0.8322 -0.4123
vn -0.3706 -0.8323 -0.4123
vn -0.3707 -0.8323 -0.4121
vn -0.483 -0.661 -0.5743
vn -0.4828 -0.6608 -0.5747
vn -0.4829 -0.6609 -0.5745
vn -0.483 -0.6611 -0.5741
vn -0.3708 -0.8322 -0.4122
vn -0.4093 -0.8293 -0.3803
vn -0.4094 -0.8295 -0.38
vn -0.4093 -0.8294 -0.3802
vn -0.4094 -0.8294 -0.3801
vn -0.2575 -0.9449 -0.2021
vn -0.2574 -0.9449 -0.2023
vn -0.2574 -0.945 -0.2019
vn -0.28 -0.943 -0.1798
vn -0.2799 -0.943 -0.1799
vn -0.28 -0.943 -0.1797
vn -0.4452 -0.8263 -0.3451
vn -0.4779 -0.823 -0.307
vn -0.478 -0.823 -0.307
vn -0.4779 -0.8231 -0.3068
vn -0.478 -0.8229 -0.3072
vn -0.3191 -0.9387 -0.1304
vn -0.3191 -0.9387 -0.1303
vn -0.3191 -0.9387 -0.1305
vn -0.2574 -0.945 -0.202
vn -0.1207 -0.9923 -0.0263
vn -0.6035 -0.1986 -0.7722
vn -0.7252 -0.4307 -0.5373
vn -0.6228 -0.649 -0.4369
vn -0.5076 -0.8194 -0.2665
vn -0.5336 -0.8156 -0.2235
vn -0.3614 -0.9313 -0.0459
vn -0.1606 -0.986 0.0442
vn -0.5999 -0.7993 -0.035
vn -0.7905 -0.6122 -0.0178
vn -0.7904 -0.6123 -0.0178
vn -0.7904 -0.6124 -0.0178
vn -0.3774 -0.9259 0.0151
vn -0.3813 -0.9233 0.0463
vn -0.0725 -0.9946 0.0749
vn -0.609 -0.7905 0.0648
vn -0.6091 -0.7904 0.0649
vn -0.609 -0.7905 0.0649
vn -0.3819 -0.9177 0.1093
vn -0.382 -0.9177 0.1093
vn -0.6014 -0.7818 0.1646
vn -0.5915 -0.7774 0.2138
vn -0.5775 -0.7732 0.2621
vn -0.5595 -0.7691 0.3089
vn -0.5595 -0.7691 0.309
vn -0.5596 -0.7691 0.3089
vn -0.3518 -0.907 0.2314
vn -0.3518 -0.9071 0.2314
vn -0.3517 -0.9071 0.2313
vn -0.363 -0.9097 0.2017
vn -0.5775 -0.7732 0.2622
vn -0.3783 -0.9149 0.1407
vn -0.8761 -0.3553 0.326
vn -0.3221 -0.9022 0.2869
vn -0.1246 -0.9782 0.166
vn -0.6297 -0.5642 0.5341
vn -0.4832 -0.7579 0.4384
vn -0.5876 -0.5595 0.5845
vn -0.5877 -0.5595 0.5844
vn -0.5878 -0.5596 0.5843
vn -0.3038 -0.9 0.3126
vn -0.451 -0.7544 0.4769
vn -0.2836 -0.8979 0.3367
vn -0.0531 -0.9901 0.1302
vn -0.6304 -0.3221 0.7063
vn -0.4918 -0.5518 0.6735
vn -0.4156 -0.7512 0.5128
vn -0.4157 -0.7512 0.5127
vn -0.4156 -0.7513 0.5127
vn -0.4157 -0.7513 0.5126
vn -0.3772 -0.7484 0.5455
vn -0.2374 -0.8941 0.3798
vn -0.5482 -0.0579 0.8344
vn -0.6145 -0.0622 0.7864
vn -0.6145 -0.0622 0.7865
vn -0.5174 0.6582 0.5469
vn -0.3368 -0.7459 0.5746
vn -0.2118 -0.8925 0.3983
vn -0.0414 -0.9872 0.1539
vn -0.0422 -0.987 0.155
vn -0.0403 -0.9876 0.152
vn -0.0436 -0.9866 0.1571
vn -0.1038 -0.9695 0.222
vn -0.0493 -0.9887 0.1416
vn -0.0617 -0.9862 0.1537
vn -0.2845 -0.8979 0.3359
vn -0.2845 -0.8978 0.3362
vn -0.4886 -0.7583 0.4316
vn -0.4885 -0.7584 0.4315
vn -0.6781 -0.5702 0.4638
vn -0.6781 -0.5701 0.4638
vn -0.831 -0.3457 0.4358
vn -0.831 -0.3456 0.4358
vn -0.9048 -0.2269 0.3604
vn -0.9637 -0.0305 0.2653
vn -0.9105 -0.3672 0.1901
vn -0.9105 -0.3671 0.1902
vn -0.9105 -0.3672 0.1902
vn -0.7821 -0.5942 0.1877
vn -0.6003 -0.7809 0.1726
vn -0.6004 -0.7809 0.1722
vn -0.3774 -0.9145 0.1455
vn -0.1378 -0.9843 0.1101
vn -0.068 -0.9931 0.0952
vn -0.1288 -0.9875 0.0903
vn -0.1287 -0.9875 0.0907
vn -0.1321 -0.9865 0.0966
vn -0.1288 -0.9881 0.0843
vn -0.0685 -0.9942 0.083
vn -0.1425 -0.9873 0.0706
vn -0.3751 -0.927 0.0033
vn -0.3752 -0.9269 0.0032
vn -0.5824 -0.8056 -0.1088
vn -0.5824 -0.8056 -0.1089
vn -0.7337 -0.6324 -0.2487
vn -0.7337 -0.6324 -0.2486
vn -0.8174 -0.4185 -0.3959
vn -0.8174 -0.4184 -0.3959
vn -0.8176 0.1676 -0.5509
vn -0.7345 -0.393 -0.5532
vn -0.6656 -0.4369 -0.6051
vn -0.5717 -0.654 -0.4955
vn -0.5717 -0.6539 -0.4955
vn -0.4387 -0.8269 -0.3519
vn -0.4388 -0.8268 -0.352
vn -0.4388 -0.8268 -0.3519
vn -0.2759 -0.9434 -0.1841
vn -0.2759 -0.9434 -0.184
vn -0.0638 -0.9976 0.0274
vn -0.0637 -0.9976 0.0258
vn -0.0569 -0.9979 0.0317
vn -0.0533 -0.998 0.0347
vn -0.1126 -0.9927 -0.0441
vn -0.0458 -0.9987 0.0224
vn -0.0458 -0.9987 0.0225
vn -0.0464 -0.9987 0.0217
vn -0.0451 -0.9987 0.0234
vn -0.0864 -0.9942 -0.0632
vn -0.1594 -0.9507 -0.2662
vn -0.1594 -0.9507 -0.2661
vn -0.1594 -0.9506 -0.2662
vn -0.2005 -0.84 -0.5043
vn -0.2005 -0.8399 -0.5044
vn -0.1898 -0.6731 -0.7148
vn -0.1898 -0.673 -0.7149
vn -0.1359 -0.4601 -0.8774
vn -0.1361 -0.4606 -0.8771
vn -0.0618 0.5193 -0.8523
vn -0.1393 -0.4071 -0.9027
vn -0.2313 0.1742 -0.9572
vn -0.2095 0.4917 -0.8452
vn -0.3083 -0.4252 -0.851
vn -0.3846 -0.4542 -0.8036
vn -0.3846 -0.4543 -0.8036
vn -0.3842 -0.4538 -0.804
vn -0.3963 -0.6659 -0.6321
vn -0.3963 -0.6658 -0.6322
vn -0.3523 -0.8334 -0.4258
vn -0.3523 -0.8334 -0.4259
vn -0.2498 -0.9455 -0.2087
vn -0.2498 -0.9455 -0.2089
vn -0.2498 -0.9455 -0.2088
vn -0.2215 -0.9475 -0.2308
vn -0.2216 -0.9474 -0.2308
vn -0.191 -0.9491 -0.2503
vn -0.1913 -0.9491 -0.2502
vn -0.2535 -0.8384 -0.4826
vn -0.2534 -0.8383 -0.4827
vn -0.2534 -0.8382 -0.4829
vn -0.2612 -0.6713 -0.6936
vn -0.2612 -0.6715 -0.6935
vn -0.2612 -0.6716 -0.6933
vn -0.2209 -0.4589 -0.8606
vn -0.221 -0.4589 -0.8606
vn -0.2211 -0.4593 -0.8603
vn -0.3042 -0.4568 -0.8359
vn -0.3039 -0.4567 -0.8361
vn -0.3042 -0.4571 -0.8358
vn -0.3039 -0.4566 -0.8361
vn -0.1239 -0.9725 0.1971
vn -0.3073 -0.9002 0.3085
vn -0.3072 -0.9003 0.3084
vn -0.3073 -0.9003 0.3084
vn -0.5205 -0.7624 0.3845
vn -0.5205 -0.7624 0.3844
vn -0.7138 -0.5758 0.3987
vn -0.7137 -0.5758 0.3988
vn -0.7136 -0.576 0.3989
vn -0.8651 -0.3527 0.3566
vn -0.8652 -0.3526 0.3566
vn -0.8652 -0.3527 0.3566
vn -0.8311 -0.3456 0.4358
vn -0.062 -0.9909 0.1191
vn -0.0996 -0.9858 0.1349
vn -0.1407 -0.9803 0.1387
vn -0.0661 -0.992 0.1074
vn -0.1173 -0.986 0.1182
vn -0.3696 -0.9115 0.1805
vn -0.3696 -0.9115 0.1804
vn -0.5879 -0.7761 0.228
vn -0.588 -0.7761 0.2281
vn -0.5879 -0.7761 0.2281
vn -0.588 -0.776 0.2282
vn -0.5704 -0.7713 0.2822
vn -0.5703 -0.7714 0.2823
vn -0.5479 -0.7668 0.3345
vn -0.5479 -0.7668 0.3344
vn -0.3273 -0.9028 0.2789
vn -0.3273 -0.9029 0.2788
vn -0.3072 -0.9003 0.3083
vn -0.0808 -0.9859 0.1465
vn -0.1363 -0.9762 0.1686
vn -0.3273 -0.9029 0.2787
vn -0.3446 -0.9056 0.2474
vn -0.3445 -0.9056 0.2473
vn -0.3444 -0.9056 0.2476
vn -0.3445 -0.9056 0.2474
vn -0.3585 -0.9085 0.2145
vn -0.3586 -0.9085 0.2145
vn -0.5705 -0.7713 0.2822
vn -0.1154 -0.9913 0.0627
vn -0.3662 -0.93 -0.0314
vn -0.3663 -0.93 -0.0315
vn -0.563 -0.8103 -0.1624
vn -0.5631 -0.8103 -0.1624
vn -0.702 -0.6383 -0.3157
vn -0.7021 -0.6383 -0.3157
vn -0.7734 -0.4249 -0.4704
vn -0.7734 -0.425 -0.4704
vn -0.8174 -0.4183 -0.396
vn -0.0644 -0.9962 0.0585
vn -0.1435 -0.9896 0.0108
vn -0.0816 -0.9961 0.0338
vn -0.0597 -0.9971 0.0465
vn -0.132 -0.9911 -0.0189
vn -0.2995 -0.941 -0.1573
vn -0.2995 -0.941 -0.1574
vn -0.2995 -0.9411 -0.1572
vn -0.2996 -0.941 -0.1575
vn -0.4765 -0.8231 -0.3089
vn -0.4765 -0.8231 -0.3091
vn -0.4764 -0.8231 -0.309
vn -0.4764 -0.8231 -0.3092
vn -0.5099 -0.8191 -0.2629
vn -0.5098 -0.8191 -0.2629
vn -0.5389 -0.8148 -0.2139
vn -0.5389 -0.8147 -0.214
vn -0.3542 -0.9329 -0.065
vn -0.3542 -0.9329 -0.0651
vn -0.3541 -0.9329 -0.0651
vn -0.3662 -0.93 -0.0315
vn -0.1468 -0.9883 0.0414
vn -0.0992 -0.994 0.0458
vn -0.3541 -0.9329 -0.0652
vn -0.3388 -0.9358 -0.0975
vn -0.3388 -0.9358 -0.0974
vn -0.3206 -0.9385 -0.1284
vn -0.3206 -0.9385 -0.1283
vn -0.5099 -0.8191 -0.2628
vn -0.032 -0.9993 0.0184
vn -0.0329 -0.9993 0.0163
vn -0.0344 -0.9993 0.0125
vn -0.0356 -0.9993 0.0093
vn -0.1261 -0.9517 -0.2799
vn -0.1261 -0.9518 -0.2794
vn -0.1261 -0.9519 -0.2792
vn -0.1459 -0.8417 -0.5198
vn -0.1458 -0.8417 -0.5199
vn -0.1457 -0.8413 -0.5205
vn -0.1166 -0.6746 -0.7289
vn -0.1169 -0.6745 -0.729
vn -0.0499 -0.4613 -0.8858
vn -0.0499 -0.4612 -0.8859
vn -0.0501 -0.4616 -0.8857
vn 0.038 -0.3723 -0.9273
vn 0.1331 -0.0702 -0.9886
vn 0.2082 -0.459 -0.8637
vn 0.2084 -0.4595 -0.8634
vn 0.2083 -0.4595 -0.8634
vn 0.1789 -0.6735 -0.7172
vn 0.1789 -0.6734 -0.7173
vn 0.1372 -0.8417 -0.5222
vn 0.1373 -0.8421 -0.5216
vn 0.1373 -0.842 -0.5217
vn 0.0863 -0.9528 -0.2912
vn 0.0864 -0.9528 -0.2911
vn 0.0864 -0.9527 -0.2912
vn 0.0331 -0.9979 -0.0565
vn 0.0191 -0.9996 0.0214
vn 0.0395 -0.9987 -0.032
vn 0.0548 -0.9978 -0.0377
vn 0.0304 -0.9992 0.026
vn 0.0664 -0.9973 -0.0319
vn 0.217 -0.9477 -0.2341
vn 0.2171 -0.9477 -0.234
vn 0.217 -0.9477 -0.2339
vn 0.3907 -0.8308 -0.3964
vn 0.5638 -0.6546 -0.5036
vn 0.7144 -0.4318 -0.5507
vn 0.7143 -0.4319 -0.5506
vn 0.8219 0.0836 -0.5635
vn 0.8298 -0.3648 -0.4224
vn 0.849 -0.4126 -0.33
vn 0.7292 -0.6334 -0.259
vn 0.7292 -0.6334 -0.2591
vn 0.5598 -0.811 -0.1704
vn 0.5597 -0.811 -0.1703
vn 0.5598 -0.8109 -0.1704
vn 0.3519 -0.9334 -0.0701
vn 0.0867 -0.995 0.0497
vn 0.0675 -0.996 0.0592
vn 0.1621 -0.9862 0.0339
vn 0.0776 -0.9945 0.0701
vn 0.0825 -0.9943 0.0682
vn 0.0834 -0.9942 0.0684
vn 0.074 -0.9947 0.0711
vn 0.1717 -0.983 0.0644
vn 0.3828 -0.9213 0.0688
vn 0.3828 -0.9212 0.0689
vn 0.3829 -0.9212 0.0689
vn 0.608 -0.7866 0.1074
vn 0.7839 -0.5952 0.1767
vn 0.8951 -0.3609 0.2618
vn 0.8951 -0.3608 0.2617
vn 0.8951 -0.3609 0.2617
vn 0.7754 0.5948 0.2121
vn 0.9099 -0.3216 0.262
vn 0.9287 0.3521 0.1167
vn 0.8336 0.547 0.0766
vn 0.932 -0.3511 0.0899
vn 0.9236 -0.3834 0.0052
vn 0.9236 -0.3833 0.0052
vn 0.7875 -0.6146 -0.045
vn 0.7875 -0.6146 -0.0451
vn 0.5947 -0.8015 -0.0621
vn 0.3646 -0.9304 -0.0367
vn 0.3646 -0.9305 -0.0367
vn 0.374 -0.9274 -0.0021
vn 0.3802 -0.9243 0.0333
vn 0.3801 -0.9243 0.0331
vn 0.609 -0.7915 0.0505
vn 0.6089 -0.7916 0.0506
vn 0.609 -0.7916 0.0506
vn 0.7921 -0.6017 0.103
vn 0.9126 -0.3683 0.1773
vn 0.9127 -0.3683 0.1772
vn 0.9221 -0.3759 0.0915
vn 0.9222 -0.3758 0.0915
vn -0.056 -0.9956 -0.075
vn -0.0916 -0.9528 -0.2896
vn -0.0916 -0.9527 -0.2898
vn -0.0916 -0.9527 -0.2897
vn -0.0897 -0.8427 -0.5309
vn -0.0897 -0.8427 -0.5308
vn -0.0897 -0.8423 -0.5315
vn -0.0428 -0.675 -0.7366
vn 0.0367 -0.461 -0.8867
vn 0.0367 -0.4611 -0.8866
vn 0.0367 -0.4616 -0.8863
vn -0.0499 -0.4615 -0.8857
vn -0.0054 -0.9998 0.0167
vn -0.0057 -0.9998 -0.0169
vn 0.0062 -0.9975 -0.0698
vn 0.0071 -0.9998 0.0181
vn 0.0152 -0.9995 -0.0265
vn 0.051 -0.9533 -0.2976
vn 0.051 -0.9534 -0.2974
vn 0.051 -0.9534 -0.2975
vn 0.0811 -0.8422 -0.533
vn 0.0811 -0.8423 -0.5329
vn 0.0811 -0.8429 -0.5319
vn 0.0811 -0.8431 -0.5316
vn 0.0241 -0.8431 -0.5372
vn 0.0242 -0.8428 -0.5377
vn -0.0329 -0.8434 -0.5363
vn -0.0329 -0.8428 -0.5373
vn -0.0329 -0.8433 -0.5364
vn -0.0897 -0.8424 -0.5314
vn -0.0564 -0.9533 -0.2969
vn -0.0564 -0.9533 -0.2968
vn -0.0564 -0.9533 -0.2966
vn -0.0916 -0.9526 -0.29
vn -0.0226 -0.9997 -0.0047
vn -0.0243 -0.9967 -0.0769
vn -0.0207 -0.9536 -0.3004
vn -0.0207 -0.9535 -0.3005
vn -0.0207 -0.9537 -0.3002
vn 0.0152 -0.9538 -0.3002
vn 0.0152 -0.9537 -0.3002
vn 0.0152 -0.9536 -0.3007
vn 0.0242 -0.8427 -0.5378
vn 0.071 -0.9973 -0.0166
vn 0.2456 -0.9458 -0.2125
vn 0.2456 -0.9458 -0.2123
vn 0.2456 -0.9458 -0.2124
vn 0.4328 -0.8274 -0.3578
vn 0.4328 -0.8274 -0.358
vn 0.4328 -0.8274 -0.3579
vn 0.6137 -0.6499 -0.4484
vn 0.6136 -0.6499 -0.4484
vn 0.7662 -0.4259 -0.4813
vn 0.7662 -0.4259 -0.4812
vn 0.7143 -0.432 -0.5506
vn 0.0506 -0.9979 0.0394
vn 0.1211 -0.9926 -0.0126
vn 0.0862 -0.9959 0.0288
vn 0.0597 -0.997 0.0489
vn 0.1447 -0.9894 0.0072
vn 0.1447 -0.9895 0.0072
vn 0.3362 -0.9362 -0.1022
vn 0.3363 -0.9362 -0.1023
vn 0.3363 -0.9362 -0.1022
vn 0.3362 -0.9362 -0.1023
vn 0.5348 -0.8154 -0.2215
vn 0.5051 -0.8197 -0.2702
vn 0.471 -0.8236 -0.3159
vn 0.471 -0.8237 -0.3157
vn 0.4327 -0.8274 -0.3581
vn 0.2721 -0.9437 -0.1881
vn 0.2457 -0.9458 -0.2122
vn 0.0942 -0.9952 -0.026
vn 0.0812 -0.9967 0.0062
vn 0.2961 -0.9414 -0.1614
vn 0.2961 -0.9414 -0.1615
vn 0.2961 -0.9414 -0.1613
vn 0.2961 -0.9414 -0.1616
vn 0.3175 -0.9389 -0.1328
vn 0.3176 -0.9389 -0.1328
vn 0.5051 -0.8197 -0.2701
vn 0.0781 -0.9934 0.0844
vn 0.0789 -0.9933 0.0844
vn 0.0792 -0.9933 0.0843
vn 0.0799 -0.9932 0.0844
vn 0.3823 -0.9181 0.1045
vn 0.3824 -0.9181 0.1044
vn 0.3823 -0.9181 0.1046
vn 0.6017 -0.7817 0.164
vn 0.7688 -0.5889 0.2492
vn 0.8697 -0.3536 0.3442
vn 0.8697 -0.3536 0.3443
vn 0.8697 -0.3537 0.3443
vn 0.859 -0.2797 0.4288
vn 0.8581 0.1361 0.4952
vn 0.7488 -0.3337 0.5726
vn 0.7488 -0.3337 0.5727
vn 0.6432 -0.5655 0.5162
vn 0.6432 -0.5655 0.5163
vn 0.4937 -0.7589 0.4247
vn 0.4937 -0.7589 0.4246
vn 0.3104 -0.9007 0.304
vn 0.1244 -0.9766 0.1755
vn 0.0536 -0.99 0.1307
vn 0.0886 -0.9825 0.164
vn 0.0985 -0.9768 0.1901
vn 0.0445 -0.9893 0.139
vn 0.0793 -0.9791 0.1874
vn 0.0745 -0.9788 0.1906
vn 0.0741 -0.9788 0.1908
vn 0.2066 -0.8921 0.4019
vn 0.2067 -0.892 0.402
vn 0.2792 -0.743 0.6083
vn 0.2792 -0.7429 0.6084
vn 0.2791 -0.7429 0.6084
vn 0.296 -0.5419 0.7866
vn 0.296 -0.5418 0.7866
vn 0.2629 -0.3037 0.9158
vn 0.2628 -0.3037 0.9158
vn 0.1932 0.1388 0.9713
vn 0.096 -0.2201 0.9707
vn 0.0066 -0.3004 0.9538
vn 0.0066 -0.3003 0.9538
vn 0.0056 -0.5369 0.8436
vn 0.0057 -0.5368 0.8437
vn 0.0058 -0.5369 0.8436
vn 0.0043 -0.7369 0.676
vn 0.0027 -0.8869 0.462
vn 0.0029 -0.8869 0.462
vn 0.0007 -0.9823 0.1871
vn -0.0009 -0.9874 0.1583
vn -0.0144 -0.9678 0.2515
vn -0.0164 -0.9843 0.176
vn -0.0141 -0.9871 0.1592
vn -0.0465 -0.967 0.2503
vn -0.1378 -0.8891 0.4364
vn -0.1378 -0.8891 0.4365
vn -0.2714 -0.7425 0.6124
vn -0.4186 -0.5473 0.7247
vn -0.4186 -0.5473 0.7248
vn -0.5586 -0.3167 0.7666
vn -0.5569 0.6034 0.5708
vn -0.5655 -0.288 0.7729
vn -0.478 0.4872 0.7309
vn -0.4515 0.5694 0.687
vn -0.4156 -0.2862 0.8634
vn -0.3324 -0.3057 0.8922
vn -0.2149 -0.5394 0.8142
vn -0.2149 -0.5395 0.8141
vn -0.2149 -0.5394 0.8141
vn -0.1093 -0.7378 0.6661
vn -0.0332 -0.8869 0.4607
vn -0.0332 -0.8869 0.4608
vn -0.0331 -0.8869 0.4607
vn -0.0687 -0.8874 0.4559
vn -0.0687 -0.8873 0.456
vn -0.0687 -0.8874 0.4558
vn -0.1037 -0.8881 0.4477
vn -0.1037 -0.8881 0.4479
vn -0.1037 -0.888 0.4479
vn -0.2191 -0.7405 0.6353
vn -0.2191 -0.7405 0.6354
vn -0.2191 -0.7404 0.6354
vn -0.3536 -0.5441 0.7609
vn -0.3535 -0.544 0.7609
vn -0.4878 -0.3124 0.8151
vn -0.4874 -0.3124 0.8154
vn -0.4117 -0.3087 0.8574
vn -0.4117 -0.3088 0.8574
vn -0.4117 -0.3087 0.8575
vn 0.1721 -0.9803 0.0967
vn 0.3784 -0.915 0.1401
vn 0.5902 -0.7768 0.2197
vn 0.747 -0.5826 0.3201
vn 0.747 -0.5827 0.32
vn 0.747 -0.5827 0.3201
vn 0.8367 -0.3467 0.4239
vn 0.8367 -0.3467 0.424
vn 0.0684 -0.9916 0.1101
vn 0.0917 -0.9886 0.1196
vn 0.1469 -0.977 0.1545
vn 0.0616 -0.9907 0.1209
vn 0.0925 -0.9857 0.1411
vn 0.3301 -0.9033 0.2741
vn 0.3299 -0.9033 0.2741
vn 0.3301 -0.9033 0.274
vn 0.3302 -0.9031 0.2744
vn 0.525 -0.7631 0.3769
vn 0.525 -0.7631 0.377
vn 0.5249 -0.7631 0.377
vn 0.5516 -0.7675 0.3266
vn 0.5735 -0.772 0.2741
vn 0.5734 -0.772 0.2742
vn 0.3711 -0.9119 0.1752
vn 0.3784 -0.915 0.1402
vn 0.0874 -0.9911 0.1006
vn 0.082 -0.9917 0.0995
vn 0.0757 -0.9924 0.0967
vn 0.1636 -0.9782 0.1277
vn 0.371 -0.912 0.1752
vn 0.3606 -0.9089 0.2094
vn 0.3605 -0.9089 0.2094
vn 0.3469 -0.906 0.2424
vn 0.3469 -0.906 0.2425
vn 0.347 -0.9059 0.2426
vn 0.0715 -0.9778 0.1971
vn 0.1756 -0.8905 0.4198
vn 0.1755 -0.8905 0.4198
vn 0.2273 -0.7407 0.6322
vn 0.2272 -0.7408 0.6321
vn 0.2259 -0.5399 0.8109
vn 0.2258 -0.5397 0.811
vn 0.1787 -0.3018 0.9365
vn 0.1788 -0.3019 0.9364
vn 0.1788 -0.3018 0.9364
vn 0.2628 -0.3036 0.9158
vn 0.0234 -0.9882 0.1516
vn 0.0427 -0.9723 0.2296
vn 0.0214 -0.9806 0.1948
vn 0.0116 -0.9878 0.1555
vn 0.0161 -0.9696 0.2443
vn 0.0386 -0.887 0.4601
vn 0.0387 -0.8868 0.4606
vn 0.0386 -0.8871 0.46
vn 0.0613 -0.7371 0.673
vn 0.0613 -0.7371 0.6729
vn 0.0613 -0.7372 0.6729
vn 0.0614 -0.7372 0.6729
vn 0.1179 -0.7379 0.6645
vn 0.1733 -0.7391 0.6509
vn 0.1733 -0.7391 0.651
vn 0.1429 -0.8892 0.4346
vn 0.1429 -0.8893 0.4345
vn 0.064 -0.9756 0.21
vn 0.0453 -0.979 0.1987
vn 0.1429 -0.8893 0.4344
vn 0.109 -0.8882 0.4464
vn 0.109 -0.8882 0.4463
vn 0.109 -0.8883 0.4462
vn 0.109 -0.8881 0.4465
vn 0.0741 -0.8874 0.4551
vn 0.0741 -0.8874 0.455
vn 0.1178 -0.7379 0.6645
vn -0.0298 -0.986 0.1638
vn -0.029 -0.9865 0.1613
vn -0.0296 -0.9863 0.1624
vn -0.1706 -0.8903 0.4223
vn -0.1706 -0.8903 0.4222
vn -0.3213 -0.745 0.5846
vn -0.3212 -0.7449 0.5847
vn -0.3213 -0.7449 0.5847
vn -0.48 -0.5509 0.6827
vn -0.48 -0.551 0.6827
vn -0.6251 -0.3214 0.7113
vn -0.6252 -0.3215 0.7112
vn -0.6251 -0.3215 0.7112
vn -0.6994 -0.2795 0.6578
vn -0.7898 0.2241 0.5709
vn -0.7895 -0.339 0.5116
vn -0.7895 -0.3389 0.5117
vn -0.7896 -0.339 0.5115
vn -0.3132 0.5752 0.7557
vn -0.3262 0.494 0.806
vn -0.2502 -0.3033 0.9194
vn -0.2502 -0.3033 0.9195
vn -0.1424 -0.5379 0.8309
vn -0.0527 -0.7371 0.6738
vn -0.0527 -0.7371 0.6737
vn 0.0028 -0.8867 0.4623
vn -0.0332 -0.8868 0.4609
vn -0.2533 -0.2745 0.9276
vn -0.1658 -0.3017 0.9389
vn -0.1658 -0.3016 0.9389
vn -0.0687 -0.5371 0.8407
vn -0.0687 -0.5372 0.8407
vn -0.0105 0.652 0.7581
vn 0.007 0.2585 0.966
vn 0.1319 0.6717 0.729
vn 0.2749 -0.1758 0.9453
vn 0.2664 0.6811 0.682
vn 0.4494 -0.1186 0.8854
vn 0.4986 -0.3131 0.8083
vn 0.4985 -0.3131 0.8084
vn 0.4985 -0.3131 0.8083
vn 0.4889 -0.5516 0.6758
vn 0.4888 -0.5515 0.676
vn 0.4185 -0.7514 0.5102
vn 0.4185 -0.7514 0.5101
vn 0.2881 -0.8981 0.3322
vn 0.2881 -0.8982 0.332
vn 0.288 -0.8982 0.332
vn 0.2632 -0.896 0.3576
vn 0.2632 -0.896 0.3577
vn 0.2359 -0.8938 0.3814
vn 0.2359 -0.8939 0.3811
vn 0.236 -0.8939 0.3812
vn 0.3286 -0.7454 0.58
vn 0.3286 -0.7453 0.5801
vn 0.3635 -0.5444 0.756
vn 0.3637 -0.5446 0.7558
vn 0.3636 -0.5445 0.7558
vn 0.3447 -0.3061 0.8874
vn 0.3447 -0.3062 0.8874
vn 0.3725 0.0276 0.9276
vn 0.3916 0.6815 0.6182
vn 0.5339 -0.0711 0.8426
vn 0.5692 -0.3176 0.7584
vn 0.5692 -0.3173 0.7585
vn 0.5691 -0.3174 0.7585
vn 0.5453 -0.5558 0.6275
vn 0.4582 -0.755 0.4691
vn 0.4581 -0.755 0.4691
vn 0.3104 -0.9007 0.3041
vn 0.288 -0.8983 0.3318
vn 0.6118 -0.0473 0.7896
vn 0.6349 -0.3224 0.7021
vn 0.5969 -0.5604 0.5742
vn 0.5968 -0.5604 0.5742
vn 0.4937 -0.7588 0.4248
vn 0.6098 0.6566 0.4439
vn 0.7793 -0.2245 0.5851
vn 0.7 0.6307 0.3349
vn 0.9192 0.2428 0.31
vn 0.887 0.4568 -0.0672
vn 0.917 -0.3907 -0.0809
vn 0.9169 -0.3909 -0.0809
vn 0.7748 -0.621 -0.1182
vn 0.7748 -0.621 -0.1181
vn 0.5798 -0.8063 -0.117
vn 0.5798 -0.8063 -0.1171
vn 0.3644 -0.9305 -0.0365
vn 0.833 0.506 -0.2238
vn 0.9024 0.3628 -0.2325
vn 0.8917 -0.3732 -0.256
vn 0.7639 0.5338 -0.3627
vn 0.888 0.2226 -0.4023
vn 0.6784 0.5516 -0.4852
vn 0.7399 -0.342 -0.5793
vn 0.5792 0.5615 -0.5909
vn 0.6228 -0.3027 -0.7214
vn 0.5235 -0.4472 -0.7252
vn 0.5236 -0.4473 -0.7251
vn 0.5236 -0.4472 -0.7251
vn 0.3864 -0.6664 -0.6377
vn 0.3865 -0.6664 -0.6376
vn 0.3865 -0.6665 -0.6375
vn 0.2457 -0.8388 -0.4859
vn 0.2455 -0.8384 -0.4866
vn 0.1209 -0.9518 -0.2819
vn 0.1209 -0.9518 -0.2818
vn 0.1209 -0.9519 -0.2815
vn 0.1544 -0.9507 -0.2689
vn 0.1544 -0.9508 -0.2687
vn 0.1544 -0.9507 -0.269
vn 0.1545 -0.9508 -0.2685
vn 0.1865 -0.9494 -0.2527
vn 0.3452 -0.8337 -0.431
vn 0.509 -0.659 -0.5537
vn 0.509 -0.6591 -0.5537
vn 0.6564 -0.4377 -0.6145
vn 0.6564 -0.4376 -0.6145
vn 0.7103 -0.0451 -0.7025
vn 0.4685 0.5649 -0.6793
vn 0.5646 -0.1568 -0.8103
vn 0.4501 -0.4513 -0.7706
vn 0.4501 -0.4512 -0.7706
vn 0.4499 -0.4511 -0.7708
vn 0.3199 -0.6692 -0.6707
vn 0.3199 -0.6694 -0.6705
vn 0.3199 -0.6695 -0.6704
vn 0.1923 -0.8404 -0.5068
vn 0.1922 -0.8404 -0.5067
vn 0.0863 -0.9527 -0.2913
vn 0.121 -0.9519 -0.2814
vn 0.4799 -0.2451 -0.8424
vn 0.3724 -0.4544 -0.8092
vn 0.3724 -0.4545 -0.8092
vn 0.3726 -0.4547 -0.8089
vn 0.2504 -0.6717 -0.6972
vn 0.2505 -0.6718 -0.6971
vn 0.1372 -0.8417 -0.5223
vn 0.218 0.5538 -0.8036
vn 0.2188 -0.3202 -0.9217
vn 0.0812 0.5401 -0.8377
vn -0.0535 0.0456 -0.9975
vn -0.3848 0.3072 -0.8704
vn -0.4614 -0.4506 -0.7642
vn -0.4615 -0.4507 -0.7641
vn -0.4591 -0.6623 -0.5921
vn -0.459 -0.6624 -0.592
vn -0.3973 -0.8303 -0.3908
vn -0.3973 -0.8303 -0.3909
vn -0.276 -0.9434 -0.1841
vn -0.2498 -0.9455 -0.209
vn -0.5035 0.4255 -0.752
vn -0.5132 0.396 -0.7614
vn -0.6092 -0.4181 -0.6739
vn -0.6015 0.4846 -0.6351
vn -0.6772 0.2826 -0.6793
vn -0.6774 0.5317 -0.5083
vn -0.8392 -0.3534 -0.4134
vn -0.732 0.5686 -0.3753
vn -0.9193 -0.2982 -0.2569
vn -0.9049 -0.3972 -0.153
vn -0.9049 -0.3971 -0.1531
vn -0.789 -0.6135 -0.0339
vn -0.7889 -0.6136 -0.0338
vn -0.7889 -0.6136 -0.0339
vn -0.6091 -0.7909 0.0592
vn -0.609 -0.7909 0.0592
vn -0.3819 -0.9176 0.11
vn -0.383 -0.9207 0.0743
vn -0.3832 -0.9207 0.0744
vn -0.383 -0.9208 0.0743
vn -0.3807 -0.9239 0.0386
vn -0.5966 -0.8008 -0.0538
vn -0.5965 -0.8008 -0.0538
vn -0.7588 -0.6263 -0.1789
vn -0.8542 -0.4115 -0.3179
vn -0.8542 -0.4116 -0.3178
vn -0.8542 -0.4116 -0.3179
vn -0.9204 0.0589 -0.3865
vn -0.7661 0.5969 -0.2383
vn -0.9791 -0.037 -0.1999
vn -0.9184 -0.3897 -0.0678
vn -0.9185 -0.3897 -0.0678
vn -0.7936 -0.6071 0.0401
vn -0.6073 -0.7859 0.1161
vn -0.6074 -0.7859 0.1161
vn -0.97 -0.2266 -0.0878
vn -0.9239 -0.3822 0.0183
vn -0.7913 -0.6007 0.1142
vn -0.7914 -0.6006 0.1142
vn -0.7749 0.6309 0.0399
vn -0.9664 -0.1799 0.1836
vn -0.7501 0.637 0.1779
vn -0.898 0.0916 0.4304
vn -0.7056 0.6353 0.3138
vn -0.8141 -0.2595 0.5196
vn -0.6415 0.6246 0.4454
vn -0.6457 0.359 0.6739
vn 0.2456 -0.8384 -0.4866
vn 0.1865 -0.9494 -0.2528
vn 0.32 -0.6696 -0.6702
vn 0.2967 -0.8362 -0.4612
vn 0.2967 -0.8363 -0.4611
vn 0.2967 -0.8364 -0.4608
vn 0.2967 -0.8365 -0.4607
vn -0.0185 -0.9997 0.0166
vn -0.3597 0.4542 -0.815
vn -0.466 -0.4287 -0.774
vn -0.5344 -0.4467 -0.7176
vn -0.5343 -0.4465 -0.7177
vn -0.5343 -0.4466 -0.7177
vn -0.5176 -0.6586 -0.5462
vn -0.5176 -0.6585 -0.5463
vn -0.4387 -0.8269 -0.3518
vn -0.3971 -0.8303 -0.3911
vn -0.5343 -0.4464 -0.7178
vn -0.6026 -0.4418 -0.6646
vn -0.6027 -0.4418 -0.6645
vn -0.6657 -0.4368 -0.6051
vn -0.0673 -0.9952 0.0707
vn -0.9932 -0.1167 -0.006
vn -0.9212 -0.3747 0.1045
vn -0.9212 -0.3748 0.1046
vn -0.9212 -0.3747 0.1046
vn -0.7821 -0.5942 0.1878
vn -0.7914 -0.6005 0.1142
vn -0.0565 -0.9898 0.1306
vn -0.0279 -0.987 0.1582
vn -0.0772 -0.9676 0.2406
vn -0.202 -0.892 0.4045
vn -0.2021 -0.8919 0.4046
vn -0.202 -0.8919 0.4045
vn -0.3683 -0.7478 0.5524
vn -0.3683 -0.7478 0.5525
vn -0.537 -0.5551 0.6352
vn -0.5371 -0.555 0.6352
vn -0.5371 -0.5551 0.6352
vn -0.6862 -0.3269 0.6499
vn -0.6861 -0.3269 0.6499
vn -0.6252 -0.3216 0.7111
vn -0.1713 0.3796 0.9092
vn -0.08 -0.3006 0.9504
vn 0.0057 -0.5369 0.8436
vn -0.0686 -0.5373 0.8406
vn 0.236 -0.894 0.3809
vn 0.5065 0.6733 0.5387
vn 0.6705 -0.1552 0.7255
vn 0.6949 -0.3278 0.64
vn 0.6949 -0.3277 0.6401
vn 0.6949 -0.3278 0.6401
vn 0.6433 -0.5655 0.5161
vn 0.5968 -0.5604 0.5743
vn 0.752 0.0381 0.6581
vn 0.7489 -0.3337 0.5725
vn 0.6948 -0.3277 0.6402
vn 0.0739 -0.9925 0.0978
vn 0.8716 0.4852 -0.0704
vn 0.9259 -0.3683 -0.084
vn 0.9021 -0.3984 -0.1659
vn 0.9021 -0.3983 -0.1659
vn 0.7554 -0.6272 -0.1897
vn 0.7554 -0.6272 -0.1896
vn 0.5798 -0.8063 -0.1172
vn 0.8795 -0.4056 -0.2492
vn 0.8795 -0.4055 -0.2492
vn 0.0411 -0.9986 0.0322
vn 0.5237 -0.4473 -0.7251
vn -0.1706 -0.8903 0.4221
vn -0.2716 -0.7425 0.6124
vn -0.3212 -0.7449 0.5848
vn -0.4873 -0.3124 0.8155
vn -0.2856 -0.5415 0.7907
vn -0.2855 -0.5415 0.7907
vn -0.2191 -0.7404 0.6355
vn -0.2316 -0.8936 0.3844
vn -0.2592 -0.8956 0.3615
vn -0.2591 -0.8957 0.3614
vn -0.2592 -0.8957 0.3613
vn -0.2317 -0.8936 0.3844
vn -0.4799 -0.551 0.6827
vn -0.4121 -0.7509 0.516
vn -0.4122 -0.7509 0.5161
vn -0.5893 -0.5598 0.5825
vn -0.7411 -0.3328 0.5831
vn -0.7411 -0.3327 0.5832
vn -0.6861 -0.3268 0.6499
vn -0.3683 -0.7477 0.5525
vn -0.2844 -0.8977 0.3364
vn -0.4524 -0.7544 0.4756
vn -0.4524 -0.7543 0.4757
vn -0.4524 -0.7544 0.4757
vn -0.4524 -0.7543 0.4759
vn -0.4122 -0.7508 0.5161
vn -0.6366 -0.5648 0.5252
vn -0.6365 -0.5647 0.5253
vn -0.7411 -0.3326 0.5832
vn -0.6365 -0.5646 0.5254
vn -0.5479 -0.7667 0.3345
vn -0.7137 -0.5758 0.3989
vn -0.7431 -0.5817 0.3306
vn -0.7432 -0.5818 0.3304
vn -0.7659 -0.588 0.2601
vn -0.7659 -0.5879 0.2601
vn -0.8918 -0.3598 0.2743
vn -0.8918 -0.3598 0.2744
vn -0.8652 -0.3526 0.3565
vn -0.7431 -0.5819 0.3304
vn -0.9105 -0.3673 0.1901
vn -0.9866 -0.137 0.0889
vn -0.9239 -0.3823 0.0183
vn -0.7802 0.6176 -0.0994
vn -0.6054 -0.7959 0.0024
vn -0.6055 -0.7958 0.0024
vn -0.6056 -0.7958 0.0025
vn -0.7888 -0.6137 -0.0338
vn -0.7772 -0.6201 -0.107
vn -0.7772 -0.62 -0.107
vn -0.7773 -0.62 -0.1071
vn -0.5823 -0.8056 -0.1089
vn -0.8834 -0.4045 -0.2367
vn -0.8834 -0.4044 -0.2367
vn -0.8541 -0.4118 -0.3178
vn -0.5388 -0.8148 -0.2138
vn -0.6644 -0.6438 -0.3797
vn -0.6644 -0.6438 -0.3796
vn -0.7227 -0.4311 -0.5402
vn -0.7227 -0.4311 -0.5403
vn -0.7733 -0.4251 -0.4704
vn -0.6643 -0.6439 -0.3796
vn -0.6207 -0.6491 -0.4397
vn -0.6207 -0.6492 -0.4396
vn -0.7227 -0.431 -0.5403
vn -0.5717 -0.654 -0.4954
vn -0.5177 -0.6584 -0.5464
vn -0.6025 -0.4419 -0.6646
vn -0.3523 -0.8333 -0.426
vn -0.459 -0.6626 -0.5919
vn -0.1913 -0.9491 -0.2503
vn -0.3042 -0.8362 -0.4563
vn -0.3042 -0.8361 -0.4564
vn -0.3042 -0.836 -0.4568
vn -0.3042 -0.8359 -0.4569
vn -0.2534 -0.8382 -0.483
vn -0.3963 -0.6657 -0.6323
vn -0.4618 -0.4507 -0.7639
vn -0.3302 -0.6689 -0.666
vn -0.3302 -0.669 -0.6659
vn -0.3302 -0.6688 -0.666
vn -0.3303 -0.6689 -0.6659
vn -0.3843 -0.4539 -0.8039
vn -0.1261 -0.952 -0.2788
vn -0.1457 -0.8413 -0.5206
vn -0.2612 -0.6717 -0.6933
vn -0.1898 -0.673 -0.7148
vn -0.2212 -0.4593 -0.8603
vn -0.0329 -0.8428 -0.5372
vn -0.1169 -0.6744 -0.729
vn 0.0315 -0.675 -0.7372
vn 0.0315 -0.6749 -0.7373
vn 0.0315 -0.675 -0.7371
vn 0.1057 -0.6745 -0.7306
vn 0.1057 -0.6744 -0.7307
vn 0.1057 -0.6746 -0.7306
vn 0.1057 -0.6743 -0.7308
vn 0.123 -0.4607 -0.879
vn 0.123 -0.4606 -0.879
vn 0.0367 -0.4617 -0.8863
vn 0.0152 -0.9536 -0.3008
vn 0.2505 -0.6717 -0.6972
vn 0.3478 0.5623 -0.7503
vn 0.397 -0.2485 -0.8835
vn 0.3143 -0.1675 -0.9344
vn 0.2915 -0.4571 -0.8403
vn 0.2918 -0.4575 -0.8399
vn 0.2918 -0.4575 -0.84
vn 0.2914 -0.4571 -0.8403
vn 0.2081 -0.459 -0.8637
vn 0.2171 -0.9477 -0.2338
vn 0.4497 -0.6631 -0.5984
vn 0.4498 -0.6631 -0.5983
vn 0.4497 -0.663 -0.5985
vn 0.3907 -0.8308 -0.3963
vn 0.5638 -0.6547 -0.5036
vn 0.5926 -0.4426 -0.673
vn 0.5927 -0.4427 -0.6729
vn 0.471 -0.8236 -0.3162
vn 0.6136 -0.6499 -0.4485
vn 0.658 -0.6447 -0.389
vn 0.8111 -0.4194 -0.4076
vn 0.8112 -0.4194 -0.4076
vn 0.6967 -0.6392 -0.3256
vn 0.6967 -0.6392 -0.3257
vn 0.7554 -0.6273 -0.1895
vn 0.8795 -0.4056 -0.2491
vn 0.5948 -0.8015 -0.0623
vn 0.7749 -0.621 -0.1181
vn 0.38 -0.9244 0.0331
vn 0.6045 -0.7966 -0.0062
vn 0.6045 -0.7965 -0.0062
vn 0.6046 -0.7965 -0.0062
vn 0.9168 -0.391 -0.0808
vn 0.7933 -0.6082 0.0288
vn 0.7933 -0.6082 0.0289
vn 0.7932 -0.6083 0.0289
vn 0.9235 -0.3834 0.0052
vn 0.608 -0.7866 0.1075
vn 0.6016 -0.7818 0.164
vn 0.7839 -0.5952 0.1766
vn 0.5735 -0.772 0.274
vn 0.7186 -0.5767 0.3886
vn 0.7186 -0.5767 0.3887
vn 0.6839 -0.5709 0.4541
vn 0.6839 -0.571 0.4541
vn 0.684 -0.5709 0.4542
vn 0.7963 -0.34 0.5003
vn 0.7963 -0.34 0.5004
vn 0.7961 -0.34 0.5006
vn 0.8366 -0.3467 0.4241
vn 0.7187 -0.5767 0.3886
vn 0.8952 -0.3608 0.2617
vn 0.3471 -0.9058 0.2429
vn 0.4185 -0.7515 0.51
vn 0.3752 -0.7483 0.5471
vn 0.3752 -0.7482 0.5472
vn 0.3752 -0.7481 0.5473
vn 0.6349 -0.3223 0.7022
vn 0.4887 -0.5514 0.6761
vn 0.5691 -0.3173 0.7585
vn 0.2068 -0.892 0.4019
vn 0.3286 -0.7452 0.5802
vn 0.2791 -0.7428 0.6085
vn 0.4281 -0.5476 0.719
vn 0.4281 -0.5477 0.7188
vn 0.4282 -0.5477 0.7188
vn 0.4284 -0.5478 0.7186
vn 0.4983 -0.313 0.8085
vn 0.4235 -0.3093 0.8515
vn 0.0344 -0.9887 0.1462
vn 0.296 -0.5418 0.7867
vn 0.1733 -0.7392 0.6508
vn 0.2257 -0.5396 0.8111
vn 0.1535 -0.5381 0.8288
vn 0.1535 -0.5382 0.8287
vn 0.093 -0.3006 0.9492
vn 0.0931 -0.3007 0.9492
vn 0.093 -0.3007 0.9492
vn 0.1536 -0.5383 0.8287
vn 0.08 -0.5372 0.8397
vn 0.0799 -0.5372 0.8397
vn 0.08 -0.5373 0.8396
vn 0.0799 -0.5371 0.8397
vn 0.0931 -0.3008 0.9491
vn -0.0815 -0.2526 0.9641
vn -0.1092 -0.7378 0.6661
vn -0.1657 -0.3016 0.9389
vn -0.1596 0.6207 0.7676
vn -0.1037 -0.8879 0.4481
vn -0.165 -0.7389 0.6533
vn -0.165 -0.7389 0.6534
vn -0.1649 -0.7389 0.6533
vn -0.1649 -0.7388 0.6534
vn -0.3634 0.0812 0.9281
vn -0.3633 0.0811 0.9281
vn -0.3639 0.0813 0.9279
vn -0.3634 0.0811 0.9281
vn -0.1913 0.0853 0.9778
vn -0.0131 0.0869 0.9961
vn 0.1654 0.086 0.9825
vn 0.1658 0.0859 0.9824
vn 0.1659 0.0858 0.9824
vn 0.3392 0.082 0.9371
vn 0.3391 0.082 0.9372
vn 0.5016 0.0755 0.8618
vn 0.5018 0.0754 0.8617
vn 0.5016 0.0754 0.8618
vn 0.6482 0.0664 0.7586
vn 0.6482 0.0666 0.7585
vn 0.6479 0.0663 0.7589
vn 0.7736 0.0552 0.6313
vn 0.7736 0.0552 0.6312
vn 0.8744 0.0424 0.4834
vn 0.947 0.028 0.3201
vn 0.947 0.028 0.3202
vn 0.947 0.028 0.32
vn 0.9892 0.0128 0.1463
vn 0.9995 -0.0028 -0.0318
vn 0.9995 -0.0027 -0.0315
vn 0.9777 -0.0183 -0.2092
vn 0.9244 -0.0333 -0.3799
vn 0.9245 -0.0331 -0.3796
vn 0.9245 -0.0332 -0.3797
vn 0.8416 -0.0472 -0.538
vn 0.7318 -0.0595 -0.6789
vn 0.5982 -0.07 -0.7983
vn 0.4458 -0.0779 -0.8917
vn 0.4455 -0.078 -0.8919
vn 0.4454 -0.0781 -0.8919
vn 0.2784 -0.0838 -0.9568
vn 0.2784 -0.0837 -0.9568
vn 0.2785 -0.0837 -0.9568
vn 0.1026 -0.0868 -0.9909
vn -0.0767 -0.0871 -0.9932
vn -0.0767 -0.0869 -0.9933
vn -0.2537 -0.0843 -0.9636
vn -0.2534 -0.0842 -0.9637
vn -0.2533 -0.0842 -0.9637
vn -0.4221 -0.0789 -0.9031
vn -0.4226 -0.0791 -0.9028
vn -0.4222 -0.079 -0.9031
vn -0.5771 -0.0712 -0.8136
vn -0.5771 -0.0712 -0.8135
vn -0.714 -0.0611 -0.6975
vn -0.7138 -0.061 -0.6977
vn -0.8273 -0.0489 -0.5596
vn -0.8273 -0.049 -0.5596
vn -0.8275 -0.049 -0.5593
vn -0.9143 -0.0353 -0.4035
vn -0.9143 -0.0353 -0.4034
vn -0.972 -0.0205 -0.2342
vn -0.9983 -0.005 -0.0575
vn -0.9983 -0.005 -0.0574
vn -0.9926 0.0106 0.1213
vn -0.9926 0.0106 0.1211
vn -0.9926 0.0106 0.1214
vn -0.955 0.0258 0.2955
vn -0.9551 0.0259 0.2953
vn -0.955 0.0259 0.2953
vn -0.8868 0.0402 0.4604
vn -0.7898 0.0535 0.611
vn -0.7899 0.0535 0.611
vn -0.7899 0.0535 0.6109
vn -0.6677 0.0649 0.7416
vn -0.6679 0.065 0.7414
vn -0.5239 0.0742 0.8486
vn -0.5237 0.074 0.8487
vn -0.5239 0.0741 0.8485
vn -0.5239 0.0742 0.8485
vn 0.1657 0.0859 0.9824
vn 0.6481 0.0664 0.7586
vn 0.9995 -0.0028 -0.032
vn 0.9778 -0.0184 -0.2089
vn 0.4456 -0.078 -0.8918
vn -0.2539 -0.0844 -0.9635
vn -0.4219 -0.0788 -0.9032
vn -0.5772 -0.0713 -0.8135
vn -0.8273 -0.0488 -0.5597
vn -0.9142 -0.0354 -0.4037
vn -0.6676 0.0649 0.7417
vn 0.0001 -0.9962 0.0867
vn 0.0001 -0.9962 0.087
vn 0.0003 -0.9962 0.087
vn -0.0004 -0.9962 0.0869
vn 0.0001 -0.9962 0.0873
vn -0.0001 -0.9962 0.0875
vn -0.0003 -0.9962 0.0872
vn -0.0003 -0.9962 0.0873
vn 0.0003 -0.9962 0.0873
vn 0.0001 -0.9962 0.0875
vn 0.0004 -0.9962 0.0873
vn 0.0004 -0.9962 0.0874
vn 0.0001 -0.9962 0.0874
vn 0.0003 -0.9962 0.0872
vn -0.0823 -0.0869 -0.9928
vn -0.0977 -0.0873 -0.9914
vn -0.245 -0.084 -0.9659
vn -0.4011 -0.0791 -0.9126
vn -0.4293 -0.0787 -0.8997
vn -0.4712 -0.078 -0.8786
vn -0.5578 -0.0712 -0.8269
vn -0.6343 -0.0686 -0.77
vn -0.7072 -0.0605 -0.7044
vn -0.83 -0.0475 -0.5557
vn -0.9031 -0.0374 -0.4278
vn -0.9163 -0.0342 -0.3991
vn -0.9569 -0.0263 -0.2894
vn -0.9695 -0.0209 -0.2442
vn -0.9952 -0.0091 -0.0978
vn -0.9966 -0.0072 -0.0819
vn -0.2905 -0.0843 -0.9532
vn -0.7731 -0.0565 -0.6318
vn -0.8819 -0.0423 -0.4695
vn -0.0823 0.0869 0.9928
vn -0.0984 0.0861 0.9914
vn -0.2904 0.0825 0.9533
vn -0.4296 0.0787 0.8996
vn -0.4008 0.0806 0.9126
vn -0.245 0.085 0.9658
vn -0.4715 0.0757 0.8786
vn -0.5578 0.0735 0.8267
vn -0.6346 0.0662 0.77
vn -0.7731 0.0541 0.632
vn -0.8819 0.0399 0.4697
vn -0.9569 0.0244 0.2895
vn -0.9952 0.008 0.0976
vn -0.9966 0.0072 0.0822
vn -0.707 0.0628 0.7044
vn -0.83 0.0497 0.5556
vn -0.9157 0.0346 0.4003
vn -0.9155 0.0358 0.4007
vn -0.9156 0.0354 0.4006
vn -0.9161 0.0349 0.3995
vn -0.9695 0.0218 0.2441
vn 0.9937 -0.0112 -0.1114
vn 0.9606 -0.0244 -0.2767
vn 0.9602 -0.026 -0.2782
vn 0.9439 -0.0279 -0.3291
vn 0.8607 -0.0456 -0.5071
vn 0.8607 -0.0444 -0.5072
vn 0.8467 -0.046 -0.5301
vn 0.7071 -0.0616 -0.7044
vn 0.7069 -0.0621 -0.7045
vn 0.707 -0.0621 -0.7045
vn 0.5321 -0.0734 -0.8435
vn 0.3304 -0.0813 -0.9404
vn 0.1119 -0.0852 -0.9901
vn 0.0784 -0.0869 -0.9931
vn 0.112 -0.088 -0.9898
vn 0.279 -0.0837 -0.9566
vn 0.279 -0.0821 -0.9568
vn 0.279 -0.0853 -0.9565
vn 0.9969 -0.0069 -0.0783
vn 0.9937 -0.0084 -0.1118
vn 0.707 -0.0617 -0.7045
vn 0.5321 -0.0742 -0.8434
vn 0.707 -0.0612 -0.7045
vn 0.707 -0.0612 -0.7046
vn 0.8467 -0.0467 -0.5301
vn 0.9439 -0.0297 -0.3289
vn 0.9603 -0.0227 -0.2781
vn 0.5094 -0.075 -0.8572
vn 0.509 -0.0761 -0.8574
vn 0.5095 -0.075 -0.8572
vn 0.3302 -0.0833 -0.9402
vn 0.5088 -0.0739 -0.8577
vn 0.8607 -0.0432 -0.5073
vn 0.112 0.0852 0.99
vn 0.2776 0.0838 0.957
vn 0.2776 0.0838 0.9571
vn 0.2791 0.0821 0.9567
vn 0.3302 0.0833 0.9402
vn 0.5092 0.0739 0.8575
vn 0.5083 0.075 0.8579
vn 0.5082 0.075 0.8579
vn 0.5321 0.0742 0.8434
vn 0.7071 0.0616 0.7044
vn 0.7069 0.0612 0.7046
vn 0.8467 0.0467 0.5301
vn 0.9439 0.0298 0.329
vn 0.9937 0.0112 0.1114
vn 0.9969 0.0067 0.078
vn 0.9937 0.0084 0.1117
vn 0.9603 0.0243 0.278
vn 0.9603 0.026 0.2778
vn 0.9603 0.0226 0.2781
vn 0.0784 0.0869 0.9931
vn 0.1121 0.088 0.9898
vn 0.8465 0.046 0.5305
vn 0.707 0.062 0.7045
vn 0.5321 0.0734 0.8435
vn 0.3302 0.0813 0.9404
vn 0.2788 0.0853 0.9566
vn 0.8607 0.0444 0.5072
vn 0.8607 0.0432 0.5073
vn 0.9439 0.0278 0.3291
vn 0.8607 0.0455 0.5071
vn 0.509 0.0761 0.8574
vn 0 0.0874 0.9962
vn 0 1 0
vn 0 0.9962 0.0871
vn -0.0001 0.9962 0.0872
vn 0 0.9962 0.0874
vn -0.0001 0.9962 0.0871
vn 0 0.9962 0.0873
vn 0 0.0873 -0.9962
vn 0 0.0873 0.9962
vn 0 -0.9962 -0.0873
vn 0 -0.9962 -0.0871
vn 0.0001 -0.9962 -0.0873
vn -0.0001 -0.9962 -0.0871
vn -0.0001 -0.9962 -0.0872
vn 0 -0.9962 -0.087
vn -0.0001 -0.9962 -0.0873
vn -0.0002 -0.9962 -0.0872
vn 0.0001 -0.9962 -0.0872
vn 0.0003 -0.9962 -0.0872
vn 0.0002 -0.9962 -0.0873
vn 0.0983 0.0866 -0.9914
vn 0.2901 0.0834 -0.9533
vn 0.2901 0.0836 -0.9533
vn 0.2903 0.0834 -0.9533
vn 0.4712 0.077 -0.8787
vn 0.4713 0.0769 -0.8786
vn 0.6341 0.0675 -0.7703
vn 0.6344 0.0674 -0.77
vn 0.6346 0.0673 -0.7699
vn 0.7731 0.0553 -0.6319
vn 0.8819 0.041 -0.4696
vn 0.9568 0.0253 -0.2895
vn 0.9569 0.0253 -0.2892
vn 0.9568 0.0254 -0.2897
vn 0.9952 0.0086 -0.0976
vn 0.9952 0.0085 -0.0976
vn 0.9952 0.0085 -0.0975
vn 0.2905 0.0833 -0.9532
vn 0.6342 0.0675 -0.7702
vn 0.7731 0.0553 -0.6318
vn 0.9569 0.0253 -0.2894
vn 0.0001 -0.9962 -0.0871
vn -0.0002 -0.9962 -0.0871
vn 0.0004 -0.9962 -0.0873
vn 0.9952 -0.0086 0.0975
vn 0.9569 -0.0253 0.2893
vn 0.9569 -0.0253 0.2892
vn 0.9569 -0.0253 0.2894
vn 0.8819 -0.041 0.4696
vn 0.7731 -0.0553 0.6318
vn 0.7731 -0.0553 0.6319
vn 0.6343 -0.0674 0.7701
vn 0.6344 -0.0674 0.7701
vn 0.4715 -0.0768 0.8785
vn 0.4711 -0.077 0.8787
vn 0.4713 -0.077 0.8786
vn 0.2903 -0.0834 0.9533
vn 0.2904 -0.0834 0.9533
vn 0.0981 -0.0867 0.9914
vn 0.0975 -0.0869 0.9914
vn 0.0979 -0.0867 0.9914
vn 0.0983 -0.0866 0.9914
vn 0.4717 -0.0768 0.8784
vn 0.2899 -0.0836 0.9534
vn 0.0001 0.9962 0.0871
vn 0.0002 0.9962 0.0871
vn -0.0002 0.9962 0.0872
vn 0.0003 0.9962 0.087
vn -0.0004 0.9962 0.0873
vn -0.0002 0.9962 0.0873
vn -0.0001 0.9962 0.0873
vn 0.0003 0.9962 0.0871
vn -0.0003 0.9962 0.0872
vn 0.0002 0.9962 0.0873
vn -0.0001 -0.9962 -0.087
vn 0.0003 -0.9962 -0.0871
vn 0.0002 -0.9962 -0.087
vn 0.0002 -0.9962 -0.0871
vn -0.0002 -0.9962 -0.0873
vn -0.0002 -0.9962 -0.0874
vn 0.0002 -0.9962 -0.0872
vn 0.0001 -0.9962 -0.087
vn 0.0002 -0.9962 -0.0869
vn -0.0002 -0.9962 -0.0869
vn 0 -0.9962 -0.0874
vn -0.2311 0.0849 -0.9692
vn -0.2311 0.0848 -0.9692
vn -0.0369 0.0871 -0.9955
vn -0.0369 0.087 -0.9955
vn -0.0369 0.0872 -0.9955
vn 0.1588 0.086 -0.9836
vn 0.1588 0.0861 -0.9835
vn 0.3484 0.0816 -0.9338
vn 0.3484 0.0819 -0.9337
vn 0.3484 0.0817 -0.9338
vn 0.5245 0.0742 -0.8482
vn 0.5245 0.0741 -0.8482
vn 0.6805 0.0641 -0.7299
vn 0.6807 0.0635 -0.7298
vn 0.6806 0.064 -0.7299
vn 0.8104 0.0511 -0.5837
vn 0.8104 0.0511 -0.5836
vn 0.8104 0.051 -0.5836
vn 0.9092 0.0364 -0.4149
vn 0.9091 0.0364 -0.415
vn 0.9091 0.0362 -0.4149
vn 0.9729 0.0201 -0.2302
vn 0.9729 0.0201 -0.2301
vn 0.9993 0.0032 -0.0367
vn 0.9993 0.0032 -0.0368
vn 0.9873 -0.014 0.1585
vn 0.9375 -0.0306 0.3467
vn 0.8513 -0.0456 0.5226
vn 0.8514 -0.0457 0.5225
vn 0.7326 -0.0595 0.678
vn 0.7328 -0.0589 0.6779
vn 0.7327 -0.0594 0.678
vn 0.5859 -0.0706 0.8073
vn 0.5859 -0.0707 0.8073
vn 0.4165 -0.0791 0.9057
vn 0.4166 -0.0791 0.9057
vn 0.4165 -0.0792 0.9057
vn 0.2311 -0.0848 0.9692
vn 0.0369 -0.0871 0.9955
vn -0.1588 -0.086 0.9836
vn -0.1588 -0.0858 0.9836
vn -0.3485 -0.0818 0.9337
vn -0.3484 -0.0815 0.9338
vn -0.3484 -0.0817 0.9338
vn -0.5245 -0.0741 0.8482
vn -0.5245 -0.0743 0.8482
vn -0.6805 -0.0637 0.7299
vn -0.6808 -0.064 0.7297
vn -0.6806 -0.0639 0.7299
vn -0.8102 -0.0512 0.5839
vn -0.8104 -0.0511 0.5837
vn -0.8104 -0.0511 0.5836
vn -0.9091 -0.0361 0.4149
vn -0.9092 -0.0364 0.4147
vn -0.9091 -0.0363 0.4149
vn -0.9729 -0.0201 0.2301
vn -0.9729 -0.0201 0.2302
vn -0.9993 -0.0032 0.0367
vn -0.9993 -0.0032 0.0366
vn -0.9873 0.0137 -0.1586
vn -0.9375 0.0299 -0.3468
vn -0.9374 0.0304 -0.347
vn -0.9374 0.0302 -0.3469
vn -0.8513 0.0457 -0.5226
vn -0.8514 0.0457 -0.5225
vn -0.7327 0.059 -0.678
vn -0.7329 0.0595 -0.6778
vn -0.7326 0.0591 -0.678
vn -0.5859 0.0706 -0.8073
vn -0.4165 0.0795 -0.9057
vn -0.4165 0.0792 -0.9057
vn 0.6806 0.0638 -0.7299
vn 0.9091 0.0363 -0.4149
vn 0.9873 -0.0138 0.1582
vn 0.9374 -0.0304 0.347
vn 0.8514 -0.0458 0.5226
vn 0.7327 -0.0593 0.678
vn -0.1588 -0.0861 0.9836
vn -0.5245 -0.0744 0.8481
vn -0.6807 -0.0641 0.7298
vn -0.9091 -0.0362 0.415
vn -0.973 -0.0201 0.2301
vn -0.9993 -0.0032 0.0369
vn -0.7327 0.0594 -0.6779
vn -0.2524 0.0842 -0.9639
vn -0.2521 0.0843 -0.964
vn -0.2524 0.0842 -0.964
vn -0.2525 0.0842 -0.9639
vn -0.1013 0.0867 -0.9911
vn -0.1011 0.0869 -0.9911
vn -0.1014 0.0867 -0.9911
vn 0.0519 0.0871 -0.9948
vn 0.0522 0.0872 -0.9948
vn 0.2033 0.0852 -0.9754
vn 0.3505 0.0817 -0.933
vn 0.3504 0.0817 -0.933
vn 0.3507 0.0815 -0.9329
vn 0.4894 0.0759 -0.8688
vn 0.6169 0.0687 -0.7841
vn 0.6168 0.0686 -0.7841
vn 0.6167 0.0686 -0.7842
vn 0.7295 0.0596 -0.6814
vn 0.7298 0.0594 -0.6811
vn 0.7296 0.0597 -0.6812
vn 0.8256 0.0496 -0.5621
vn 0.8256 0.0491 -0.5622
vn 0.8255 0.0496 -0.5622
vn 0.902 0.0376 -0.4301
vn 0.902 0.0376 -0.43
vn 0.9573 0.0251 -0.2879
vn 0.9574 0.0253 -0.2875
vn 0.9902 0.0121 -0.1391
vn 0.9902 0.0122 -0.1391
vn 0.9999 -0.0011 0.013
vn 0.9999 -0.0012 0.0133
vn 0.9861 -0.0145 0.1654
vn 0.9861 -0.0145 0.1653
vn 0.9492 -0.0274 0.3136
vn 0.9493 -0.0274 0.3133
vn 0.9492 -0.0274 0.3135
vn 0.8902 -0.0396 0.4539
vn 0.8102 -0.0511 0.5839
vn 0.81 -0.051 0.5842
vn 0.8102 -0.0512 0.5839
vn 0.7113 -0.0612 0.7002
vn 0.7113 -0.0611 0.7003
vn 0.7113 -0.0611 0.7002
vn 0.5955 -0.0702 0.8003
vn 0.5952 -0.0699 0.8005
vn 0.5954 -0.0701 0.8004
vn 0.4657 -0.0771 0.8816
vn 0.466 -0.0772 0.8814
vn 0.4659 -0.0773 0.8814
vn 0.3254 -0.0823 0.942
vn 0.3254 -0.0822 0.942
vn 0.1771 -0.0856 0.9805
vn 0.1773 -0.0859 0.9804
vn 0.0249 -0.0871 0.9959
vn 0.0246 -0.087 0.9959
vn 0.0249 -0.0872 0.9959
vn -0.128 -0.0865 0.988
vn -0.128 -0.0863 0.988
vn -0.2778 -0.084 0.957
vn -0.2779 -0.0838 0.957
vn -0.2777 -0.0841 0.957
vn -0.4212 -0.0793 0.9035
vn -0.4213 -0.079 0.9035
vn -0.5548 -0.0723 0.8288
vn -0.5548 -0.0728 0.8288
vn -0.6752 -0.0642 0.7348
vn -0.6753 -0.0643 0.7347
vn -0.7798 -0.0546 0.6237
vn -0.7798 -0.0546 0.6236
vn -0.7797 -0.0547 0.6238
vn -0.8664 -0.0435 0.4975
vn -0.8663 -0.0435 0.4976
vn -0.8666 -0.0434 0.4971
vn -0.9323 -0.0315 0.3602
vn -0.9324 -0.0314 0.3602
vn -0.9325 -0.0315 0.3599
vn -0.9767 -0.0188 0.214
vn -0.9767 -0.0187 0.2139
vn -0.998 -0.0055 0.063
vn -0.998 -0.0055 0.0626
vn -0.996 0.0078 -0.0895
vn -0.9706 0.021 -0.2399
vn -0.9706 0.0209 -0.2398
vn -0.9706 0.021 -0.2398
vn -0.9224 0.0337 -0.3847
vn -0.9224 0.0338 -0.3849
vn -0.9224 0.0337 -0.3848
vn -0.8525 0.0455 -0.5207
vn -0.7629 0.0562 -0.6441
vn -0.7629 0.0563 -0.6441
vn -0.6553 0.0655 -0.7525
vn -0.6552 0.0658 -0.7526
vn -0.6551 0.0658 -0.7527
vn -0.5324 0.0738 -0.8433
vn -0.532 0.0741 -0.8435
vn -0.5322 0.0739 -0.8434
vn -0.3968 0.0799 -0.9144
vn -0.3968 0.0802 -0.9144
vn -0.3968 0.0798 -0.9144
vn 0.0517 0.0869 -0.9949
vn 0.4896 0.0761 -0.8686
vn 0.617 0.0689 -0.7839
vn 0.7297 0.0596 -0.6812
vn 0.8256 0.0494 -0.5621
vn 0.9021 0.0376 -0.43
vn 0.9573 0.0252 -0.2879
vn 0.9861 -0.0145 0.1655
vn 0.9493 -0.0274 0.3132
vn 0.7111 -0.0614 0.7004
vn 0.5955 -0.0699 0.8003
vn 0.4658 -0.0771 0.8815
vn -0.128 -0.0868 0.988
vn -0.7799 -0.0545 0.6236
vn -0.9766 -0.0188 0.214
vn -0.998 -0.0055 0.0631
vn -0.9706 0.0211 -0.24
vn -0.9225 0.0336 -0.3846
vn -0.6554 0.0657 -0.7525
vn -0.5322 0.0738 -0.8434
vn 0.0896 -0.0761 0.9931
vn 0.1783 -0.0959 0.9793
vn 0.2659 -0.0732 0.9612
vn 0.3515 -0.092 0.9317
vn 0.434 -0.0679 0.8984
vn 0.5875 -0.06 0.807
vn 0.7227 -0.0498 0.6894
vn 0.8345 -0.0376 0.5498
vn 0.9195 -0.0238 0.3924
vn 0.9748 -0.0089 0.2228
vn 0.999 0.0065 0.0453
vn 0.9909 0.0222 -0.1328
vn 0.951 0.0374 -0.307
vn 0.8806 0.0517 -0.4711
vn 0.7818 0.0648 -0.6202
vn 0.6579 0.0761 -0.7492
vn 0.5129 0.0851 -0.8542
vn 0.3518 0.0918 -0.9316
vn 0.1785 0.0962 -0.9792
vn 0 0.0974 -0.9952
vn -0.1785 0.0962 -0.9792
vn -0.3518 0.0918 -0.9316
vn -0.5129 0.0851 -0.8542
vn -0.6579 0.0761 -0.7492
vn -0.7818 0.0648 -0.6202
vn -0.8806 0.0517 -0.4711
vn -0.951 0.0374 -0.307
vn -0.9909 0.0222 -0.1328
vn -0.999 0.0065 0.0453
vn -0.9748 -0.0089 0.2228
vn -0.9195 -0.0238 0.3924
vn -0.8345 -0.0376 0.5498
vn -0.7227 -0.0498 0.6894
vn -0.5875 -0.06 0.807
vn -0.434 -0.0679 0.8984
vn -0.2659 -0.0732 0.9612
vn -0.0896 -0.0761 0.9931
vn 0 -0.0977 0.9952
vn 0.5129 -0.0851 0.8542
vn 0.6579 -0.0761 0.7492
vn 0.7818 -0.0649 0.6202
vn 0.8805 -0.0521 0.4711
vn 0.9508 -0.0372 0.3075
vn 0.9909 -0.0222 0.1329
vn 0.999 -0.0065 -0.0453
vn 0.9748 0.0089 -0.2228
vn 0.9195 0.0238 -0.3923
vn 0.8343 0.0378 -0.5501
vn 0.7227 0.0498 -0.6894
vn 0.5875 0.06 -0.807
vn 0.434 0.0679 -0.8984
vn 0.2659 0.0732 -0.9612
vn 0.0896 0.0761 -0.9931
vn -0.0896 0.0761 -0.9931
vn -0.2659 0.0732 -0.9612
vn -0.434 0.0679 -0.8984
vn -0.5875 0.06 -0.807
vn -0.7227 0.0498 -0.6894
vn -0.8343 0.0378 -0.5501
vn -0.9195 0.0238 -0.3923
vn -0.9748 0.0089 -0.2228
vn -0.999 -0.0065 -0.0453
vn -0.9909 -0.0222 0.1329
vn -0.9508 -0.0372 0.3075
vn -0.8805 -0.0521 0.4711
vn -0.7818 -0.0649 0.6202
vn -0.6579 -0.0761 0.7492
vn -0.5129 -0.0851 0.8542
vn -0.3518 -0.0918 0.9316
vn -0.1785 -0.0962 0.9792
vn 0.0001 0.9962 0.0872
vn 0.0004 0.9962 0.0871
vn 0.0002 0.9962 0.0872
vn -0.0002 0.9962 0.0871
vn -0.0002 0.9962 0.087
vn 0 0.9962 0.0869
vn 0.0001 0.9962 0.0873
vn 0 0.9962 0.087
vn -0.0002 0.9962 0.0869
vn 0.0001 0.9962 0.087
vn 0.0072 0.9862 0.1654
vn 0.0074 0.986 0.1667
vn 0.0069 0.9866 0.1632
vn 0.0078 0.9856 0.1689
vn 0.032 0.9667 0.2538
vn 0.0196 0.9873 0.1578
vn 0.0253 0.9844 0.1742
vn 0.1403 0.8892 0.4355
vn 0.1403 0.8892 0.4354
vn 0.2753 0.7427 0.6104
vn 0.2753 0.7427 0.6105
vn 0.4234 0.5475 0.7218
vn 0.5639 0.3171 0.7625
vn 0.564 0.3171 0.7625
vn 0.6588 0.1949 0.7266
vn 0.7463 -0.0046 0.6656
vn 0.745 0.3332 0.5779
vn 0.6399 0.5651 0.5208
vn 0.4912 0.7586 0.4281
vn 0.3088 0.9005 0.3062
vn 0.1127 0.9792 0.1687
vn 0.0573 0.9906 0.1246
vn 0.1156 0.9822 0.1482
vn 0.1155 0.9822 0.1483
vn 0.1137 0.9815 0.1542
vn 0.1162 0.9831 0.1417
vn 0.0631 0.9915 0.1138
vn 0.1346 0.9816 0.1355
vn 0.3704 0.9117 0.1778
vn 0.6009 0.7814 0.1683
vn 0.601 0.7813 0.1683
vn 0.7917 0.6012 0.1086
vn 0.9238 0.3828 0.0117
vn 0.9238 0.3827 0.0117
vn 0.9699 -0.2042 -0.1325
vn 0.9184 0.3591 -0.166
vn 0.8814 0.405 -0.2429
vn 0.8815 0.405 -0.2429
vn 0.8814 0.4051 -0.2429
vn 0.7571 0.6268 -0.1842
vn 0.5811 0.8059 -0.113
vn 0.3654 0.9302 -0.034
vn 0.0792 0.9949 0.0618
vn 0.0843 0.9946 0.0604
vn 0.0767 0.9951 0.0624
vn 0.0711 0.9954 0.0639
vn 0.159 0.9871 0.0192
vn 0.07 0.9963 0.0491
vn 0.0697 0.9963 0.0496
vn 0.0706 0.9963 0.0492
vn 0.0688 0.9964 0.05
vn 0.1442 0.9895 -0.0095
vn 0.2979 0.9412 -0.1594
vn 0.4358 0.8271 -0.3549
vn 0.5133 0.6588 -0.55
vn 0.529 0.4468 -0.7214
vn 0.529 0.4469 -0.7214
vn 0.4134 -0.5293 -0.7409
vn 0.5411 0.3929 -0.7435
vn 0.6251 -0.1915 -0.7567
vn 0.5436 -0.507 -0.6689
vn 0.6702 0.4052 -0.6218
vn 0.7185 0.4315 -0.5454
vn 0.7185 0.4317 -0.5453
vn 0.7186 0.4315 -0.5454
vn 0.6612 0.6443 -0.3843
vn 0.5368 0.8151 -0.2177
vn 0.353 0.9332 -0.0676
vn 0.3375 0.936 -0.0999
vn 0.3376 0.936 -0.0999
vn 0.3377 0.9359 -0.0999
vn 0.3191 0.9387 -0.1306
vn 0.319 0.9387 -0.1306
vn 0.4737 0.8234 -0.3124
vn 0.5678 0.6543 -0.4995
vn 0.5976 0.4423 -0.6688
vn 0.5976 0.4423 -0.6687
vn 0.661 0.4372 -0.6099
vn 0.661 0.4371 -0.6099
vn 0.0611 0.9687 0.2406
vn 0.1731 0.8904 0.4209
vn 0.325 0.7451 0.5824
vn 0.3249 0.7452 0.5824
vn 0.4844 0.5512 0.6794
vn 0.4844 0.5512 0.6793
vn 0.63 0.3219 0.7067
vn 0.0411 0.9888 0.1433
vn 0.0676 0.9824 0.174
vn 0.1025 0.9753 0.1957
vn 0.0498 0.9897 0.1344
vn 0.0908 0.9818 0.167
vn 0.2862 0.8981 0.334
vn 0.2862 0.898 0.3341
vn 0.4553 0.7547 0.4724
vn 0.4153 0.7512 0.5131
vn 0.3718 0.748 0.5498
vn 0.2043 0.892 0.4032
vn 0.2043 0.892 0.4033
vn 0.0455 0.9833 0.1762
vn 0.0851 0.9717 0.2205
vn 0.2042 0.892 0.4034
vn 0.2338 0.8938 0.3828
vn 0.2338 0.8937 0.3828
vn 0.2337 0.8938 0.3828
vn 0.2612 0.8958 0.3596
vn 0.2611 0.8958 0.3596
vn 0.2612 0.8958 0.3597
vn 0.114 0.9866 0.1165
vn 0.3779 0.9148 0.1428
vn 0.6077 0.7863 0.1118
vn 0.6076 0.7863 0.1118
vn 0.7934 0.6077 0.0345
vn 0.7935 0.6076 0.0345
vn 0.9177 0.3902 -0.0743
vn 0.9238 0.3826 0.0117
vn 0.0703 0.9934 0.0901
vn 0.1622 0.9833 0.0822
vn 0.0968 0.9924 0.0754
vn 0.0716 0.9944 0.0773
vn 0.165 0.985 0.0507
vn 0.3745 0.9272 0.0006
vn 0.5957 0.8011 -0.058
vn 0.605 0.7962 -0.0019
vn 0.609 0.7913 0.0549
vn 0.3821 0.9179 0.1073
vn 0.3821 0.9179 0.1072
vn 0.3779 0.9147 0.1429
vn 0.1514 0.9822 0.1111
vn 0.1071 0.9898 0.0942
vn 0.3821 0.9179 0.1074
vn 0.3829 0.921 0.0716
vn 0.3804 0.9241 0.0359
vn 0.0592 0.9975 0.0398
vn 0.0617 0.9974 0.0373
vn 0.0641 0.9974 0.034
vn 0.0665 0.9972 0.0333
vn 0.274 0.9435 -0.1861
vn 0.394 0.8305 -0.3937
vn 0.4544 0.6627 -0.5952
vn 0.4544 0.6627 -0.5953
vn 0.4557 0.4509 -0.7675
vn 0.4558 0.4509 -0.7675
vn 0.392 0.3651 -0.8444
vn 0.3223 0.0662 -0.9443
vn 0.2146 0.4591 -0.862
vn 0.2146 0.4592 -0.862
vn 0.2147 0.4591 -0.862
vn 0.1844 0.6733 -0.716
vn 0.1415 0.8417 -0.5211
vn 0.1414 0.8416 -0.5212
vn 0.089 0.9527 -0.2906
vn 0.0341 0.9978 -0.0561
vn 0.0123 0.9997 0.0195
vn 0.0175 0.9992 -0.037
vn 0.0064 0.9988 -0.0491
vn 0 0.9998 0.0188
vn -0.0064 0.9988 -0.0491
vn -0.0537 0.9533 -0.2973
vn -0.1415 0.8417 -0.5211
vn -0.1415 0.8416 -0.5212
vn -0.1415 0.8417 -0.5212
vn -0.2558 0.6715 -0.6954
vn -0.3785 0.4543 -0.8064
vn -0.3785 0.4543 -0.8065
vn -0.4889 -0.0567 -0.8705
vn -0.5411 0.3929 -0.7435
vn -0.5976 0.4423 -0.6688
vn -0.5133 0.6588 -0.55
vn -0.394 0.8305 -0.3937
vn -0.2477 0.9457 -0.2105
vn -0.061 0.998 0.0151
vn -0.048 0.9983 0.0322
vn -0.1219 0.992 -0.0327
vn -0.0617 0.9974 0.0373
vn -0.0641 0.9974 0.0339
vn -0.0665 0.9972 0.0333
vn -0.0592 0.9975 0.0398
vn -0.1442 0.9895 -0.0095
vn -0.3377 0.9359 -0.0999
vn -0.3376 0.936 -0.0999
vn -0.5615 0.8106 -0.1664
vn -0.5614 0.8106 -0.1664
vn -0.7571 0.6268 -0.1842
vn -0.7571 0.6268 -0.1843
vn -0.9035 0.3978 -0.1595
vn -0.8115 -0.5622 -0.1595
vn -0.9184 0.3591 -0.166
vn -0.8969 -0.3146 -0.3108
vn -0.8015 -0.5135 -0.3064
vn -0.8607 0.3877 -0.33
vn -0.8143 0.419 -0.4018
vn -0.6612 0.6443 -0.3843
vn -0.4737 0.8234 -0.3124
vn -0.274 0.9435 -0.1861
vn -0.2979 0.9412 -0.1594
vn -0.3191 0.9387 -0.1305
vn -0.3191 0.9387 -0.1306
vn -0.5368 0.8151 -0.2177
vn -0.7315 0.6329 -0.2538
vn -0.8814 0.405 -0.2429
vn -0.8814 0.4051 -0.2429
vn -0.8516 0.4121 -0.3239
vn -0.8515 0.4122 -0.324
vn 0.1219 0.992 -0.0327
vn 0.2477 0.9457 -0.2105
vn 0.3488 0.8336 -0.4284
vn 0.3487 0.8336 -0.4284
vn 0.3915 0.6662 -0.6348
vn 0.3914 0.6662 -0.6348
vn 0.3785 0.4543 -0.8065
vn 0.3785 0.4543 -0.8064
vn 0.4558 0.4508 -0.7675
vn 0.0364 0.999 0.0263
vn 0.0513 0.9987 -0.0034
vn 0.0642 0.9964 -0.0563
vn 0.0244 0.9995 0.0221
vn 0.0368 0.9991 -0.0212
vn 0.1236 0.9518 -0.2807
vn 0.1235 0.9518 -0.2807
vn 0.1964 0.8402 -0.5054
vn 0.1964 0.8403 -0.5053
vn 0.1964 0.8403 -0.5054
vn 0.2495 0.8384 -0.4845
vn 0.3004 0.8362 -0.4588
vn 0.2193 0.9476 -0.2323
vn 0.061 0.998 0.0151
vn 0.0943 0.9944 -0.0486
vn 0.1889 0.9493 -0.2514
vn 0.1569 0.9507 -0.2676
vn 0.1569 0.9506 -0.2677
vn -0.0175 0.9992 -0.037
vn -0.0889 0.9527 -0.2906
vn -0.089 0.9527 -0.2906
vn -0.1964 0.8402 -0.5055
vn -0.1964 0.8402 -0.5054
vn -0.3251 0.6691 -0.6683
vn -0.3251 0.6692 -0.6682
vn -0.4558 0.4509 -0.7675
vn -0.4557 0.4509 -0.7674
vn -0.0244 0.9995 0.0221
vn -0.0642 0.9964 -0.0563
vn -0.0513 0.9987 -0.0034
vn -0.0364 0.999 0.0263
vn -0.0943 0.9944 -0.0486
vn -0.2193 0.9476 -0.2324
vn -0.219 0.9476 -0.2325
vn -0.3487 0.8335 -0.4285
vn -0.3488 0.8336 -0.4284
vn -0.3005 0.8362 -0.4587
vn -0.3005 0.8362 -0.4588
vn -0.2495 0.8384 -0.4845
vn -0.1964 0.8403 -0.5054
vn -0.1236 0.9518 -0.2807
vn -0.1235 0.9518 -0.2807
vn -0.089 0.9527 -0.2907
vn -0.0341 0.9978 -0.0561
vn -0.0368 0.9991 -0.0212
vn -0.1235 0.9518 -0.2808
vn -0.1569 0.9507 -0.2675
vn -0.1569 0.9507 -0.2676
vn -0.1889 0.9493 -0.2514
vn -0.3004 0.8362 -0.4587
vn -0.0688 0.9964 0.05
vn -0.07 0.9963 0.0492
vn -0.0697 0.9963 0.0496
vn -0.0706 0.9963 0.0492
vn -0.353 0.9332 -0.0676
vn -0.5811 0.8059 -0.113
vn -0.5811 0.806 -0.113
vn -0.7761 0.6204 -0.1126
vn -0.7761 0.6205 -0.1126
vn -0.9177 0.3903 -0.0743
vn -0.9485 0.3167 0.0054
vn -0.9933 -0.0982 0.0616
vn -0.9116 0.3677 0.1837
vn -0.783 0.5947 0.1822
vn -0.783 0.5948 0.1822
vn -0.7829 0.5948 0.1822
vn -0.6009 0.7814 0.1683
vn -0.601 0.7813 0.1683
vn -0.3779 0.9148 0.1428
vn -0.1514 0.9822 0.1111
vn -0.0675 0.9925 0.1023
vn -0.114 0.9866 0.1165
vn -0.1346 0.9816 0.1354
vn -0.0631 0.9915 0.1138
vn -0.1162 0.9831 0.1417
vn -0.1156 0.9822 0.1482
vn -0.1155 0.9822 0.1483
vn -0.3287 0.9031 0.2765
vn -0.3285 0.9031 0.2766
vn -0.3287 0.9031 0.2764
vn -0.4912 0.7586 0.4281
vn -0.5932 0.5601 0.5783
vn -0.5931 0.5601 0.5784
vn -0.63 0.3219 0.7067
vn -0.6094 -0.1225 0.7833
vn -0.5082 0.2324 0.8293
vn -0.4176 0.309 0.8545
vn -0.4176 0.3091 0.8545
vn -0.3587 0.5443 0.7584
vn -0.3587 0.5443 0.7583
vn -0.2753 0.7427 0.6104
vn -0.2753 0.7427 0.6105
vn -0.1731 0.8904 0.4209
vn -0.1731 0.8905 0.4209
vn -0.0455 0.9833 0.1762
vn -0.031 0.988 0.1512
vn -0.0611 0.9687 0.2406
vn -0.0253 0.9844 0.1742
vn -0.0196 0.9873 0.1578
vn -0.032 0.9667 0.2538
vn -0.0359 0.887 0.4604
vn 0 0.7369 0.676
vn 0.0743 0.5372 0.8402
vn 0.0743 0.5371 0.8402
vn 0.1723 0.3018 0.9377
vn 0.1723 0.3017 0.9377
vn 0.2219 -0.6194 0.753
vn 0.1744 0.2728 0.9461
vn 0.0849 -0.4989 0.8625
vn 0.0772 -0.5802 0.8108
vn 0 0.2777 0.9607
vn -0.0865 0.3007 0.9498
vn -0.148 0.5381 0.8298
vn -0.1691 0.739 0.6521
vn -0.1403 0.8892 0.4356
vn -0.1403 0.8892 0.4355
vn -0.1063 0.8882 0.4471
vn -0.1063 0.8881 0.4471
vn -0.1064 0.8881 0.4471
vn -0.0714 0.8874 0.4554
vn -0.0714 0.8875 0.4553
vn -0.0571 0.7372 0.6733
vn -0.057 0.7372 0.6733
vn 0 0.5369 0.8437
vn 0.0865 0.3007 0.9498
vn 0.0865 0.3008 0.9498
vn 0 0.3004 0.9538
vn 0 0.3003 0.9538
vn -0.159 0.9871 0.0192
vn -0.3654 0.9302 -0.034
vn -0.5957 0.8011 -0.058
vn -0.7883 0.6141 -0.0395
vn -0.7882 0.6141 -0.0395
vn -0.7882 0.6141 -0.0394
vn -0.9238 0.3827 0.0117
vn -0.9237 0.3828 0.0117
vn -0.0716 0.9944 0.0773
vn -0.0968 0.9924 0.0754
vn -0.1622 0.9833 0.0822
vn -0.0703 0.9934 0.0901
vn -0.1071 0.9898 0.0942
vn -0.3821 0.9179 0.1073
vn -0.3821 0.9179 0.1072
vn -0.3821 0.9179 0.1074
vn -0.6077 0.7863 0.1118
vn -0.6077 0.7862 0.1118
vn -0.609 0.7913 0.0549
vn -0.605 0.7962 -0.0019
vn -0.3745 0.9272 0.0006
vn -0.0843 0.9946 0.0604
vn -0.0792 0.9949 0.0618
vn -0.0767 0.9951 0.0624
vn -0.165 0.985 0.0507
vn -0.3746 0.9272 0.0006
vn -0.3804 0.9241 0.0359
vn -0.3829 0.921 0.0716
vn -0.609 0.7912 0.0549
vn -0.1137 0.9815 0.1542
vn -0.3088 0.9005 0.3062
vn -0.4552 0.7547 0.4724
vn -0.4553 0.7547 0.4724
vn -0.5412 0.5554 0.6314
vn -0.5411 0.5554 0.6314
vn -0.5639 0.3171 0.7625
vn -0.0498 0.9897 0.1344
vn -0.1025 0.9753 0.1957
vn -0.0676 0.9824 0.174
vn -0.0411 0.9888 0.1433
vn -0.0851 0.9717 0.2205
vn -0.2043 0.892 0.4033
vn -0.2043 0.892 0.4032
vn -0.325 0.7451 0.5824
vn -0.3249 0.7451 0.5824
vn -0.3249 0.7452 0.5823
vn -0.3718 0.7479 0.5499
vn -0.3718 0.748 0.5498
vn -0.4153 0.7512 0.513
vn -0.4153 0.7512 0.5131
vn -0.2862 0.898 0.3341
vn -0.2862 0.8981 0.334
vn -0.1127 0.9792 0.1687
vn -0.0908 0.9818 0.167
vn -0.2611 0.8958 0.3596
vn -0.2611 0.8958 0.3597
vn -0.2609 0.8958 0.3599
vn -0.2338 0.8938 0.3828
vn -0.3717 0.748 0.5498
vn -0.0078 0.9856 0.1689
vn -0.0072 0.9862 0.1654
vn -0.0074 0.986 0.1667
vn 0 0.8868 0.4621
vn 0.0571 0.7371 0.6733
vn 0.148 0.538 0.8298
vn 0.148 0.5381 0.8298
vn 0.2565 0.3035 0.9177
vn 0.2565 0.3036 0.9176
vn 0.3451 0.258 0.9024
vn 0.4451 -0.2493 0.8601
vn 0.4929 0.3128 0.8119
vn 0.4929 0.3127 0.8119
vn -0.0772 -0.5802 0.8108
vn -0.0849 -0.4989 0.8625
vn -0.1723 0.3018 0.9377
vn -0.1723 0.3017 0.9377
vn -0.2204 0.5396 0.8126
vn -0.2204 0.5395 0.8126
vn -0.2203 0.5396 0.8126
vn -0.2232 0.7406 0.6338
vn -0.1744 0.2728 0.9461
vn -0.2566 0.3035 0.9176
vn -0.2566 0.3036 0.9176
vn -0.2908 0.5416 0.7887
vn -0.3524 -0.645 0.6781
vn -0.4451 -0.2493 0.8601
vn -0.4678 -0.6593 0.5886
vn -0.6588 0.1949 0.7266
vn -0.5676 -0.664 0.4867
vn -0.7907 0.1439 0.595
vn -0.7929 0.3395 0.506
vn -0.7162 0.5763 0.3937
vn -0.5719 0.7717 0.2782
vn -0.3704 0.9117 0.1778
vn -0.3596 0.9087 0.212
vn -0.3596 0.9087 0.2119
vn -0.3457 0.9058 0.2449
vn -0.5228 0.7627 0.3807
vn -0.6399 0.5651 0.5208
vn -0.6399 0.5651 0.5207
vn -0.6906 0.3273 0.645
vn -0.6905 0.3273 0.645
vn -0.7463 -0.0046 0.6656
vn -0.6514 -0.6602 0.3739
vn -0.8491 0.0995 0.5188
vn -0.8339 0.3461 0.4299
vn -0.7451 0.5822 0.3254
vn -0.589 0.7765 0.2239
vn -0.3779 0.9148 0.1429
vn -0.8963 0.0783 0.4364
vn -0.8675 0.3531 0.3504
vn -0.7674 0.5884 0.2547
vn -0.589 0.7765 0.2238
vn -0.7684 -0.6284 0.1211
vn -0.9486 0.2599 0.1804
vn -0.7998 -0.6 -0.0164
vn -0.9699 -0.2042 -0.1325
vn -0.782 -0.4226 -0.4581
vn -0.7698 0.4254 -0.4758
vn -0.6172 0.6495 -0.4441
vn -0.4359 0.8271 -0.3548
vn -0.4358 0.8271 -0.3549
vn -0.6661 -0.4752 -0.5748
vn -0.7188 -0.3296 -0.6122
vn -0.6702 0.4052 -0.6218
vn -0.5436 -0.507 -0.6689
vn -0.6251 -0.1915 -0.7567
vn -0.4134 -0.5293 -0.7409
vn -0.392 0.3651 -0.8444
vn -0.2782 -0.544 -0.7916
vn -0.2256 0.32 -0.9202
vn -0.1295 0.4605 -0.8782
vn -0.1295 0.4605 -0.8781
vn -0.0372 0.6752 -0.7367
vn -0.0372 0.6751 -0.7367
vn 0.0286 0.843 -0.5371
vn 0.0285 0.843 -0.5371
vn 0.0537 0.9533 -0.2973
vn 0.0537 0.9533 -0.2974
vn 0.018 0.9536 -0.3007
vn -0.018 0.9536 -0.3007
vn -0.018 0.9535 -0.3007
vn -0.0854 0.8426 -0.5318
vn -0.1844 0.6733 -0.716
vn -0.2979 0.4571 -0.838
vn -0.3223 0.0662 -0.9443
vn -0.1398 -0.5523 -0.8218
vn -0.1397 0.1713 -0.9753
vn -0.0433 0.4613 -0.8862
vn 0.0372 0.6751 -0.7368
vn 0.0372 0.6751 -0.7367
vn 0.0854 0.8426 -0.5318
vn -0.0462 0.2559 -0.9656
vn 0.0433 0.4613 -0.8862
vn 0.0433 0.4614 -0.8862
vn 0.111 0.6745 -0.7298
vn 0.1113 0.6745 -0.7298
vn 0.1398 -0.5523 -0.8218
vn 0.2256 0.32 -0.9202
vn 0.2782 -0.544 -0.7916
vn 0.4889 -0.0567 -0.8705
vn 0.7188 -0.3296 -0.6122
vn 0.7698 0.4254 -0.4759
vn 0.7698 0.4254 -0.4758
vn 0.6994 0.6387 -0.3207
vn 0.5614 0.8106 -0.1664
vn 0.7679 -0.4516 -0.4543
vn 0.782 -0.4226 -0.4581
vn 0.8607 0.3878 -0.3299
vn 0.8015 -0.5135 -0.3064
vn 0.8969 -0.3146 -0.3108
vn 0.8115 -0.5622 -0.1595
vn 0.9485 0.3167 0.0054
vn 0.7998 -0.6 -0.0164
vn 0.9486 0.2599 0.1804
vn 0.8935 0.3603 0.2681
vn 0.7451 0.5822 0.3254
vn 0.5497 0.7672 0.3306
vn 0.5496 0.7672 0.3306
vn 0.3286 0.9031 0.2765
vn 0.3287 0.9031 0.2764
vn 0.3455 0.9059 0.2449
vn 0.3457 0.9058 0.2449
vn 0.3457 0.9058 0.245
vn 0.3596 0.9087 0.212
vn 0.3596 0.9087 0.2119
vn 0.589 0.7765 0.2239
vn 0.7829 0.5948 0.1822
vn 0.783 0.5948 0.1822
vn 0.783 0.5947 0.1822
vn 0.9217 0.3752 0.098
vn 0.9933 -0.0982 0.0616
vn 0.7684 -0.6284 0.1211
vn 0.9667 -0.0029 0.2557
vn 0.8675 0.3531 0.3504
vn 0.7162 0.5762 0.3937
vn 0.7162 0.5763 0.3937
vn 0.5226 0.7628 0.3809
vn 0.5228 0.7627 0.3808
vn 0.9162 0.1878 0.3539
vn 0.8339 0.3461 0.4299
vn 0.8339 0.3461 0.43
vn 0.6811 0.5705 0.459
vn 0.681 0.5705 0.459
vn 0.5228 0.7627 0.3807
vn 0.6514 -0.6602 0.3739
vn 0.7907 0.1439 0.595
vn 0.5676 -0.664 0.4867
vn 0.6094 -0.1225 0.7833
vn 0.4678 -0.6594 0.5886
vn 0.5083 0.2324 0.8293
vn 0.3524 -0.645 0.6781
vn 0.2649 -0.3777 0.8872
vn 0.0372 0.6752 -0.7367
vn -0.0286 0.843 -0.5371
vn -0.0289 0.843 -0.5371
vn -0.0289 0.8433 -0.5367
vn -0.0372 0.6751 -0.7368
vn 0.048 0.9983 0.0322
vn 0.6661 -0.4752 -0.5748
vn 0.7774 0.4032 -0.4828
vn 0.8143 0.4189 -0.4018
vn 0.8143 0.419 -0.4018
vn 0.7315 0.6328 -0.2538
vn 0.7315 0.6329 -0.2538
vn 0.8516 0.4122 -0.3239
vn 0.8516 0.4121 -0.3239
vn 0.0675 0.9925 0.1023
vn 0.8963 0.0783 0.4364
vn 0.7929 0.3394 0.506
vn 0.7929 0.3395 0.506
vn 0.031 0.988 0.1512
vn -0.0069 0.9866 0.1632
vn 0 0.966 0.2585
vn 0.0359 0.887 0.4604
vn 0.1136 0.7379 0.6653
vn 0.2204 0.5396 0.8126
vn 0.2204 0.5395 0.8126
vn 0.3385 0.306 0.8898
vn 0.2566 0.3036 0.9176
vn -0.2649 -0.3777 0.8872
vn -0.3385 0.306 0.8898
vn -0.3385 0.3059 0.8898
vn -0.2906 0.5416 0.7888
vn -0.7186 -0.6483 0.2516
vn -0.9162 0.1877 0.3539
vn -0.8935 0.3604 0.2681
vn -0.8935 0.3603 0.2681
vn -0.9667 -0.0029 0.2557
vn -0.0711 0.9954 0.0639
vn -0.3375 0.936 -0.0999
vn -0.7679 -0.4516 -0.4543
vn -0.7774 0.4032 -0.4828
vn -0.7186 0.4314 -0.5454
vn -0.7186 0.4315 -0.5454
vn -0.5678 0.6543 -0.4995
vn -0.7186 0.4317 -0.5453
vn -0.661 0.4371 -0.6099
vn -0.661 0.4372 -0.6099
vn -0.0123 0.9997 0.0195
vn -0.1296 0.4606 -0.8781
vn 0.057 0.7372 0.6733
vn -0.0743 0.5372 0.8402
vn -0.0743 0.5371 0.8402
vn -0.057 0.7371 0.6733
vn 0.0714 0.8874 0.4554
vn 0.0714 0.8875 0.4553
vn 0.1064 0.8881 0.4471
vn 0.1063 0.8882 0.447
vn 0.1062 0.8883 0.4469
vn 0.1691 0.739 0.6521
vn 0.2908 0.5416 0.7887
vn 0.4176 0.309 0.8545
vn 0.1403 0.8891 0.4356
vn 0.2232 0.7406 0.6338
vn 0.2753 0.7426 0.6105
vn 0.3587 0.5442 0.7584
vn 0.4176 0.3091 0.8544
vn 0.359 0.5441 0.7583
vn 0.3718 0.7479 0.5499
vn 0.4844 0.5513 0.6793
vn 0.5411 0.5554 0.6314
vn 0.5412 0.5554 0.6314
vn 0.5931 0.5601 0.5784
vn 0.6905 0.3273 0.645
vn 0.6906 0.3273 0.645
vn 0.2611 0.8958 0.3597
vn 0.7451 0.3333 0.5777
vn 0.7929 0.3396 0.506
vn 0.8491 0.0995 0.5187
vn 0.7186 -0.6483 0.2516
vn 0.5719 0.7717 0.2782
vn 0.7674 0.5884 0.2547
vn 0.9116 0.3677 0.1837
vn 0.7882 0.6141 -0.0395
vn 0.7882 0.6141 -0.0394
vn 0.9035 0.3977 -0.1595
vn 0.9035 0.3978 -0.1595
vn 0.7761 0.6205 -0.1126
vn 0.7761 0.6204 -0.1126
vn 0.7571 0.6268 -0.1843
vn 0.6995 0.6387 -0.3207
vn 0.5075 0.8194 -0.2666
vn 0.6172 0.6495 -0.4441
vn 0.274 0.9436 -0.1861
vn 0.4358 0.8271 -0.355
vn 0.5977 0.4422 -0.6688
vn 0.3005 0.8362 -0.4588
vn 0.3251 0.6691 -0.6683
vn 0.3251 0.6692 -0.6683
vn 0.2559 0.6715 -0.6954
vn 0.2558 0.6715 -0.6954
vn 0.2979 0.4571 -0.838
vn 0.157 0.9506 -0.2677
vn 0 -0.555 -0.8318
vn 0.0462 0.2559 -0.9656
vn 0.1397 0.1713 -0.9753
vn 0.1296 0.4605 -0.8781
vn 0.1298 0.4605 -0.8781
vn 0.1296 0.4606 -0.8781
vn 0.2147 0.4591 -0.8621
vn -0.0537 0.9533 -0.2972
vn -0.1113 0.6745 -0.7298
vn -0.1416 0.8416 -0.5212
vn -0.215 0.4591 -0.862
vn -0.2147 0.4591 -0.862
vn -0.2147 0.4592 -0.862
vn -0.2495 0.8385 -0.4845
vn -0.3915 0.6662 -0.6347
vn -0.3915 0.6662 -0.6348
vn -0.5287 0.4469 -0.7216
vn -0.529 0.4469 -0.7214
vn -0.4544 0.6627 -0.5952
vn -0.5075 0.8194 -0.2666
vn -0.6994 0.6387 -0.3207
vn -0.5811 0.8059 -0.1129
vn -0.7882 0.6142 -0.0394
vn -0.7935 0.6076 0.0345
vn -0.7917 0.6011 0.1086
vn -0.7917 0.6012 0.1086
vn -0.7918 0.6011 0.1086
vn -0.9217 0.3752 0.098
vn -0.9238 0.3828 0.0117
vn -0.9035 0.3977 -0.1595
vn -0.5497 0.7672 0.3306
vn -0.5496 0.7672 0.3306
vn -0.5497 0.7671 0.3306
vn -0.5497 0.7671 0.3307
vn -0.7162 0.5762 0.3937
vn -0.5227 0.7627 0.3808
vn -0.4911 0.7586 0.4281
vn -0.681 0.5706 0.459
vn -0.681 0.5705 0.459
vn -0.6811 0.5705 0.459
vn -0.7932 0.3395 0.5055
vn -0.7449 0.3332 0.578
vn -0.745 0.3332 0.5779
vn -0.745 0.3333 0.5779
vn -0.0573 0.9906 0.1246
vn -0.4154 0.7512 0.513
vn -0.4844 0.5512 0.6793
vn -0.4844 0.5512 0.6794
vn -0.4928 0.3128 0.812
vn -0.4929 0.3128 0.8119
vn -0.564 0.3172 0.7625
vn -0.4234 0.5474 0.7218
vn -0.4234 0.5475 0.7218
vn -0.4176 0.3091 0.8544
vn -0.3451 0.258 0.9024
vn -0.1693 0.739 0.6521
vn -0.2203 0.5395 0.8126
vn -0.2565 0.3036 0.9176
vn -0.2219 -0.6194 0.753
vn -0.0714 0.8874 0.4553
vn -0.1136 0.7379 0.6653
vn -0.0002 -0.9962 -0.087
vn -0.0002 -0.9962 -0.0875
vn 0.0001 -0.9962 -0.0869
vn 0.0004 -0.9962 -0.0871
vn 0.0003 -0.9962 -0.087
vn -0.0004 -0.9962 -0.0871
vn -0.0001 -0.9962 -0.0869
vn -0.0001 0.9962 0.087
vn 0 0.0874 -0.9962
vn -0.1121 0.0866 -0.9899
vn -0.1119 0.0866 -0.9899
vn -0.3304 0.0823 -0.9403
vn -0.3302 0.0823 -0.9403
vn -0.5321 0.0738 -0.8435
vn -0.7073 0.0615 -0.7042
vn -0.7072 0.0616 -0.7044
vn -0.8465 0.0464 -0.5304
vn -0.9439 0.0288 -0.3291
vn -0.9439 0.0288 -0.329
vn -0.9937 0.0098 -0.1116
vn -0.9937 0.0099 -0.1118
vn -0.9937 0.0097 -0.1112
vn -0.9937 0.0099 -0.1117
vn 0.9569 0.0253 -0.2895
vn 0.9569 0.0253 -0.2893
vn 0.8819 0.0411 -0.4696
vn 0.8821 0.041 -0.4692
vn 0.8819 0.0411 -0.4697
vn 0.6344 0.0674 -0.7701
vn 0.4712 0.0769 -0.8787
vn 0.0983 0.0867 -0.9914
vn 0.0978 0.0867 -0.9914
vn 0.957 0.0253 -0.2891
vn 0.773 0.0553 -0.632
vn 0.0983 -0.0867 0.9914
vn 0.2902 -0.0834 0.9533
vn 0.4712 -0.0769 0.8786
vn 0.4714 -0.0769 0.8785
vn 0.6345 -0.0673 0.77
vn 0.6345 -0.0673 0.7699
vn 0.8819 -0.0411 0.4696
vn 0.9952 -0.0085 0.0975
vn -0.9937 -0.0098 0.1117
vn -0.9937 -0.0098 0.1116
vn -0.9937 -0.0097 0.1112
vn -0.9439 -0.0288 0.3291
vn -0.9439 -0.0288 0.3289
vn -0.9438 -0.0288 0.3292
vn -0.8467 -0.0464 0.5301
vn -0.8467 -0.0464 0.53
vn -0.7071 -0.0616 0.7045
vn -0.707 -0.0616 0.7046
vn -0.7071 -0.0616 0.7044
vn -0.9439 -0.0288 0.329
vn -0.7069 -0.0616 0.7046
vn -0.5319 -0.0738 0.8436
vn -0.5321 -0.0738 0.8435
vn -0.3302 -0.0822 0.9403
vn -0.3304 -0.0822 0.9403
vn -0.1121 -0.0866 0.9899
vn -0.1119 -0.0866 0.9899
vn -0.5322 -0.0738 0.8434
vn 0 -1 0
vn 0.098 0 -0.9952
vn 0.2903 0 -0.9569
vn 0.2907 0 -0.9568
vn 0.4711 0 -0.8821
vn 0.6344 0 -0.773
vn 0.6345 0 -0.7729
vn 0.773 0 -0.6344
vn 0.7729 0 -0.6345
vn 0.8821 0 -0.4711
vn 0.9568 0 -0.2907
vn 0.9952 0 -0.098
vn 0.9952 0 0.098
vn 0.9568 0 0.2907
vn 0.8821 0 0.4711
vn 0.773 0 0.6344
vn 0.7729 0 0.6345
vn 0.6344 0 0.773
vn 0.6345 0 0.7729
vn 0.4711 0 0.8821
vn 0.2903 0 0.9569
vn 0.2907 0 0.9568
vn 0.098 0 0.9952
vn -0.2305 0 -0.9731
vn -0.2308 0 -0.973
vn -0.0369 0 -0.9993
vn 0.1591 0 -0.9873
vn 0.3483 0 -0.9374
vn 0.3485 0 -0.9373
vn 0.3484 0 -0.9373
vn 0.5246 0 -0.8514
vn 0.6806 0 -0.7326
vn 0.8103 0 -0.586
vn 0.8104 0 -0.5859
vn 0.9092 0 -0.4163
vn 0.9731 0 -0.2305
vn 0.973 0 -0.231
vn 0.973 0 -0.2308
vn 0.9993 0 -0.0369
vn 0.9873 0 0.1591
vn 0.9373 0 0.3484
vn 0.9374 0 0.3483
vn 0.8514 0 0.5246
vn 0.7326 0 0.6806
vn 0.586 0 0.8103
vn 0.5859 0 0.8104
vn 0.4163 0 0.9092
vn 0.4168 0 0.909
vn 0.2308 0 0.973
vn 0.2305 0 0.9731
vn 0.0369 0 0.9993
vn -0.1591 0 0.9873
vn -0.3483 0 0.9374
vn -0.3485 0 0.9373
vn -0.3484 0 0.9373
vn -0.5246 0 0.8514
vn -0.6806 0 0.7326
vn -0.8103 0 0.586
vn -0.8104 0 0.5859
vn -0.9092 0 0.4163
vn -0.9731 0 0.2305
vn -0.973 0 0.231
vn -0.973 0 0.2308
vn -0.9993 0 0.0369
vn -0.9873 0 -0.1591
vn -0.9373 0 -0.3484
vn -0.9374 0 -0.3483
vn -0.8514 0 -0.5246
vn -0.7326 0 -0.6806
vn -0.586 0 -0.8103
vn -0.5859 0 -0.8104
vn -0.4163 0 -0.9092
vn -0.4168 0 -0.909
vn 0.5245 0 -0.8514
vn -0.5245 0 0.8514
vn -0.2516 0 -0.9678
vn -0.1017 0 -0.9948
vn -0.1015 0 -0.9948
vn -0.1014 0 -0.9948
vn 0.0518 0 -0.9987
vn 0.0519 0 -0.9987
vn 0.2033 0 -0.9791
vn 0.3503 0 -0.9366
vn 0.4898 0 -0.8718
vn 0.6166 0 -0.7873
vn 0.7296 0 -0.6839
vn 0.8256 0 -0.5643
vn 0.9021 0 -0.4316
vn 0.902 0 -0.4317
vn 0.9574 0 -0.2889
vn 0.9902 0 -0.1396
vn 0.9903 0 -0.1393
vn 0.9999 0 0.0134
vn 0.9999 0 0.0131
vn 0.9862 0 0.1659
vn 0.9861 0 0.1659
vn 0.9493 0 0.3143
vn 0.9492 0 0.3146
vn 0.8901 0 0.4557
vn 0.8101 0 0.5863
vn 0.7112 0 0.703
vn 0.5958 0 0.8031
vn 0.4657 0 0.8849
vn 0.3258 0 0.9455
vn 0.1772 0 0.9842
vn 0.0248 0 0.9997
vn 0.0245 0 0.9997
vn -0.128 0 0.9918
vn -0.1279 0 0.9918
vn -0.2783 0 0.9605
vn -0.4212 0 0.907
vn -0.5545 0 0.8322
vn -0.5548 0 0.832
vn -0.6751 0 0.7377
vn -0.6754 0 0.7375
vn -0.78 0 0.6258
vn -0.8663 0 0.4995
vn -0.8664 0 0.4993
vn -0.9324 0 0.3613
vn -0.9323 0 0.3617
vn -0.9767 0 0.2148
vn -0.998 0 0.0629
vn -0.996 0 -0.0898
vn -0.9706 0 -0.2408
vn -0.9224 0 -0.3861
vn -0.8526 0 -0.5226
vn -0.8527 0 -0.5224
vn -0.7627 0 -0.6467
vn -0.7629 0 -0.6465
vn -0.6556 0 -0.7552
vn -0.5323 0 -0.8466
vn -0.3969 0 -0.9179
vn 0.4658 0 0.8849
vn 0.0893 0.0105 0.996
vn 0.1785 -0.0106 0.9839
vn 0.2661 0.0105 0.9639
vn 0.3514 -0.0106 0.9362
vn 0.434 0.0105 0.9009
vn 0.5879 0.0106 0.8089
vn 0.7227 0.0105 0.6911
vn 0.8344 0.0102 0.551
vn 0.9195 0.0105 0.393
vn 0.9749 0.0105 0.2226
vn 0.9989 0.0104 0.0446
vn 0.9909 0.0105 -0.1343
vn 0.951 0.0105 -0.309
vn 0.8806 0.0105 -0.4738
vn 0.7818 0.0105 -0.6234
vn 0.6581 0.0105 -0.7529
vn 0.5128 0.0105 -0.8584
vn 0.3514 0.0103 -0.9362
vn 0.1785 0.0106 -0.9839
vn 0 0.0104 -0.9999
vn -0.1785 0.0106 -0.9839
vn -0.3514 0.0103 -0.9362
vn -0.5128 0.0105 -0.8584
vn -0.6581 0.0105 -0.7529
vn -0.7818 0.0105 -0.6234
vn -0.8806 0.0105 -0.4738
vn -0.951 0.0105 -0.309
vn -0.9909 0.0105 -0.1343
vn -0.9989 0.0104 0.0446
vn -0.9749 0.0105 0.2226
vn -0.9195 0.0105 0.393
vn -0.8344 0.0102 0.551
vn -0.7227 0.0105 0.6911
vn -0.5879 0.0106 0.8089
vn -0.434 0.0105 0.9009
vn -0.2661 0.0105 0.9639
vn -0.0896 0.0105 0.9959
vn 0 -0.0104 0.9999
vn 0.5128 -0.0105 0.8584
vn 0.6581 -0.0105 0.7529
vn 0.7818 -0.0105 0.6234
vn 0.8806 -0.0105 0.4738
vn 0.951 -0.0105 0.3091
vn 0.9909 -0.0105 0.1342
vn 0.9989 -0.0104 -0.0446
vn 0.9749 -0.0105 -0.2226
vn 0.9195 -0.0105 -0.393
vn 0.8344 -0.0102 -0.551
vn 0.7227 -0.0105 -0.6911
vn 0.5879 -0.0106 -0.8089
vn 0.4338 -0.0105 -0.9009
vn 0.2661 -0.0105 -0.9639
vn 0.0896 -0.0105 -0.9959
vn -0.0896 -0.0105 -0.9959
vn -0.2661 -0.0105 -0.9639
vn -0.4338 -0.0105 -0.9009
vn -0.5879 -0.0106 -0.8089
vn -0.7227 -0.0105 -0.6911
vn -0.8344 -0.0102 -0.551
vn -0.9195 -0.0105 -0.393
vn -0.9749 -0.0105 -0.2226
vn -0.9989 -0.0104 -0.0446
vn -0.9909 -0.0105 0.1342
vn -0.951 -0.0105 0.3091
vn -0.8806 -0.0105 0.4738
vn -0.7819 -0.0106 0.6233
vn -0.6581 -0.0105 0.7529
vn -0.5128 -0.0105 0.8584
vn -0.3514 -0.0106 0.9362
vn -0.1785 -0.0106 0.9839
vn 0.0073 0.9968 0.08
vn 0.0073 0.9968 0.0799
vn 0.0069 0.997 0.0766
vn 0.0077 0.9966 0.0824
vn 0.032 0.9852 0.1686
vn 0.0196 0.9973 0.0711
vn 0.0253 0.9958 0.0877
vn 0.1404 0.9237 0.3564
vn 0.1403 0.9237 0.3564
vn 0.1406 0.9237 0.3564
vn 0.2753 0.793 0.5434
vn 0.4234 0.6083 0.6714
vn 0.4234 0.6083 0.6713
vn 0.4234 0.6084 0.6713
vn 0.5639 0.3823 0.732
vn 0.6588 0.2575 0.7069
vn 0.7462 0.0535 0.6635
vn 0.745 0.3823 0.5466
vn 0.6399 0.6084 0.4695
vn 0.6399 0.6083 0.4695
vn 0.4912 0.793 0.3604
vn 0.3088 0.9237 0.2266
vn 0.3088 0.9238 0.2266
vn 0.1127 0.9902 0.0827
vn 0.0572 0.9977 0.0377
vn 0.1164 0.9912 0.0624
vn 0.1162 0.9913 0.0625
vn 0.1137 0.9912 0.068
vn 0.1163 0.9917 0.0555
vn 0.0631 0.9976 0.027
vn 0.1346 0.9897 0.0494
vn 0.3704 0.9237 0.0977
vn 0.601 0.793 0.0996
vn 0.601 0.793 0.0995
vn 0.7917 0.6083 0.0557
vn 0.7917 0.6084 0.0558
vn 0.9238 0.3823 -0.0217
vn 0.9699 -0.215 -0.1142
vn 0.9184 0.3433 -0.1967
vn 0.8814 0.3823 -0.2773
vn 0.7571 0.6084 -0.2382
vn 0.5811 0.793 -0.1828
vn 0.3654 0.9237 -0.1149
vn 0.3656 0.9237 -0.1149
vn 0.0791 0.9965 -0.0252
vn 0.0843 0.9961 -0.0265
vn 0.0803 0.9964 -0.0257
vn 0.0711 0.9972 -0.0231
vn 0.159 0.985 -0.067
vn 0.0698 0.9969 -0.0374
vn 0.0697 0.9969 -0.0374
vn 0.0706 0.9968 -0.0378
vn 0.0688 0.9969 -0.037
vn 0.1442 0.9849 -0.0957
vn 0.298 0.9237 -0.2407
vn 0.2979 0.9237 -0.2408
vn 0.4358 0.793 -0.4257
vn 0.5133 0.6084 -0.6053
vn 0.529 0.3823 -0.7576
vn 0.4134 -0.5918 -0.692
vn 0.5411 0.3266 -0.7749
vn 0.6251 -0.2569 -0.7371
vn 0.5436 -0.5634 -0.6222
vn 0.6702 0.3495 -0.6547
vn 0.7186 0.3823 -0.5809
vn 0.6612 0.6084 -0.439
vn 0.6612 0.6083 -0.439
vn 0.6613 0.6084 -0.4389
vn 0.5368 0.793 -0.288
vn 0.353 0.9237 -0.1487
vn 0.3375 0.9237 -0.1811
vn 0.3376 0.9237 -0.1811
vn 0.3188 0.9238 -0.2119
vn 0.319 0.9237 -0.212
vn 0.3191 0.9237 -0.2119
vn 0.4737 0.793 -0.383
vn 0.4737 0.7931 -0.383
vn 0.5678 0.6083 -0.5546
vn 0.5976 0.3823 -0.7047
vn 0.661 0.3823 -0.6457
vn 0.0611 0.986 0.1553
vn 0.1728 0.9239 0.3414
vn 0.1729 0.9238 0.3415
vn 0.325 0.793 0.5153
vn 0.4844 0.6083 0.6287
vn 0.4844 0.6084 0.6287
vn 0.6299 0.3827 0.6758
vn 0.63 0.3824 0.6759
vn 0.63 0.3823 0.676
vn 0.5639 0.3824 0.732
vn 0.0411 0.9976 0.0566
vn 0.0676 0.9938 0.0877
vn 0.0676 0.9939 0.0877
vn 0.1025 0.9886 0.1099
vn 0.0498 0.9976 0.0477
vn 0.0908 0.9926 0.0807
vn 0.2861 0.9238 0.2544
vn 0.2862 0.9237 0.2545
vn 0.2863 0.9237 0.2545
vn 0.2862 0.9238 0.2545
vn 0.4553 0.793 0.4048
vn 0.4153 0.793 0.4456
vn 0.4153 0.7931 0.4456
vn 0.3718 0.793 0.4827
vn 0.3718 0.793 0.4826
vn 0.2043 0.9237 0.324
vn 0.173 0.9238 0.3416
vn 0.0455 0.9949 0.0898
vn 0.0851 0.9872 0.1349
vn 0.2338 0.9237 0.3034
vn 0.2612 0.9237 0.2802
vn 0.2613 0.9237 0.2802
vn 0.114 0.993 0.0301
vn 0.3779 0.9237 0.0626
vn 0.6077 0.793 0.0428
vn 0.7934 0.6084 -0.0186
vn 0.7935 0.6083 -0.0186
vn 0.9177 0.3824 -0.1079
vn 0.9177 0.3824 -0.1081
vn 0.0703 0.9975 0.0032
vn 0.1622 0.9867 -0.0038
vn 0.0968 0.9952 -0.0114
vn 0.0716 0.9974 -0.0097
vn 0.165 0.9857 -0.0354
vn 0.3747 0.9237 -0.0802
vn 0.3746 0.9237 -0.0802
vn 0.5957 0.793 -0.1276
vn 0.605 0.7931 -0.0712
vn 0.605 0.793 -0.0712
vn 0.605 0.793 -0.0713
vn 0.609 0.793 -0.0143
vn 0.3821 0.9237 0.0269
vn 0.382 0.9238 0.0269
vn 0.1515 0.9881 0.0251
vn 0.1071 0.9942 0.0075
vn 0.383 0.9237 -0.009
vn 0.3831 0.9237 -0.009
vn 0.3805 0.9237 -0.0448
vn 0.3804 0.9237 -0.0448
vn 0.0592 0.9971 -0.0472
vn 0.0639 0.9966 -0.0513
vn 0.0635 0.9967 -0.051
vn 0.0665 0.9963 -0.0538
vn 0.274 0.9237 -0.2676
vn 0.274 0.9237 -0.2677
vn 0.394 0.793 -0.4646
vn 0.4545 0.6083 -0.6507
vn 0.4544 0.6083 -0.6507
vn 0.4557 0.3823 -0.8038
vn 0.392 0.2901 -0.8731
vn 0.3223 -0.0162 -0.9465
vn 0.2147 0.3823 -0.8988
vn 0.2147 0.3823 -0.8987
vn 0.1844 0.6083 -0.772
vn 0.1415 0.793 -0.5925
vn 0.1413 0.7933 -0.5922
vn 0.1413 0.7931 -0.5925
vn 0.089 0.9237 -0.3726
vn 0.089 0.9237 -0.3727
vn 0.0341 0.9892 -0.1429
vn 0.0123 0.9976 -0.0676
vn 0.0175 0.9921 -0.1239
vn 0.0064 0.9907 -0.136
vn 0 0.9977 -0.0685
vn -0.0064 0.9907 -0.136
vn -0.0537 0.9237 -0.3794
vn -0.0537 0.9237 -0.3793
vn -0.1416 0.793 -0.5925
vn -0.1415 0.793 -0.5925
vn -0.2559 0.6083 -0.7513
vn -0.3785 0.3823 -0.843
vn -0.4889 -0.1324 -0.8622
vn -0.5411 0.3266 -0.7749
vn -0.5976 0.3823 -0.7047
vn -0.5133 0.6084 -0.6053
vn -0.5134 0.6083 -0.6053
vn -0.394 0.793 -0.4646
vn -0.2477 0.9238 -0.2921
vn -0.2477 0.9237 -0.2921
vn -0.061 0.9955 -0.0719
vn -0.048 0.9973 -0.055
vn -0.1219 0.9854 -0.119
vn -0.0639 0.9966 -0.0512
vn -0.0635 0.9967 -0.051
vn -0.0665 0.9963 -0.0537
vn -0.0592 0.9971 -0.0472
vn -0.1442 0.9849 -0.0957
vn -0.3376 0.9237 -0.1812
vn -0.3375 0.9238 -0.181
vn -0.3375 0.9237 -0.1811
vn -0.5614 0.793 -0.2364
vn -0.5614 0.7931 -0.2364
vn -0.7571 0.6084 -0.2382
vn -0.7571 0.6083 -0.2382
vn -0.9035 0.3823 -0.1935
vn -0.8114 -0.574 -0.1099
vn -0.9184 0.3433 -0.1967
vn -0.8969 -0.3406 -0.2821
vn -0.8016 -0.5382 -0.2604
vn -0.8607 0.3577 -0.3624
vn -0.8143 0.3823 -0.4368
vn -0.6612 0.6083 -0.439
vn -0.6613 0.6084 -0.4389
vn -0.6612 0.6084 -0.439
vn -0.4737 0.793 -0.383
vn -0.274 0.9237 -0.2677
vn -0.2979 0.9237 -0.2408
vn -0.3191 0.9237 -0.2119
vn -0.3192 0.9237 -0.2117
vn -0.5368 0.793 -0.288
vn -0.5368 0.7931 -0.2879
vn -0.7314 0.6083 -0.3083
vn -0.7315 0.6083 -0.308
vn -0.8814 0.3823 -0.2773
vn -0.8516 0.3823 -0.3586
vn -0.8515 0.3823 -0.3588
vn 0.1219 0.9854 -0.119
vn 0.2477 0.9237 -0.2922
vn 0.3488 0.793 -0.4995
vn 0.3915 0.6083 -0.6904
vn 0.3785 0.3823 -0.843
vn 0.0364 0.9975 -0.0609
vn 0.0513 0.9946 -0.0904
vn 0.0642 0.9877 -0.1429
vn 0.0244 0.9976 -0.0651
vn 0.0368 0.9934 -0.1082
vn 0.1235 0.9237 -0.3627
vn 0.1235 0.9237 -0.3626
vn 0.1964 0.7929 -0.5768
vn 0.1964 0.793 -0.5767
vn 0.2495 0.793 -0.5557
vn 0.3005 0.793 -0.5299
vn 0.2193 0.9237 -0.3141
vn 0.2477 0.9237 -0.2921
vn 0.061 0.9955 -0.0719
vn 0.0943 0.9863 -0.135
vn 0.1889 0.9237 -0.3332
vn 0.1569 0.9237 -0.3494
vn -0.0175 0.9921 -0.1239
vn -0.089 0.9237 -0.3726
vn -0.1963 0.7931 -0.5766
vn -0.1964 0.793 -0.5767
vn -0.3251 0.6083 -0.724
vn -0.3251 0.6083 -0.7241
vn -0.4557 0.3823 -0.8038
vn -0.0244 0.9976 -0.0651
vn -0.0642 0.9877 -0.1429
vn -0.0513 0.9946 -0.0904
vn -0.0364 0.9975 -0.0609
vn -0.0943 0.9863 -0.135
vn -0.2193 0.9237 -0.3141
vn -0.2193 0.9237 -0.314
vn -0.3488 0.793 -0.4995
vn -0.3487 0.793 -0.4995
vn -0.3005 0.793 -0.5299
vn -0.2495 0.793 -0.5557
vn -0.2495 0.793 -0.5558
vn -0.1235 0.9237 -0.3626
vn -0.1235 0.9237 -0.3627
vn -0.0341 0.9892 -0.1429
vn -0.0368 0.9934 -0.1082
vn -0.1569 0.9237 -0.3494
vn -0.1889 0.9237 -0.3332
vn -0.0688 0.9969 -0.037
vn -0.0697 0.9969 -0.0375
vn -0.0706 0.9968 -0.0379
vn -0.353 0.9237 -0.1487
vn -0.5811 0.793 -0.1828
vn -0.7761 0.6083 -0.1662
vn -0.9177 0.3824 -0.1081
vn -0.9177 0.3824 -0.108
vn -0.9485 0.316 -0.0222
vn -0.9932 -0.0925 0.07
vn -0.9116 0.3823 0.151
vn -0.783 0.6083 0.1297
vn -0.7827 0.6087 0.13
vn -0.7829 0.6085 0.1298
vn -0.601 0.793 0.0995
vn -0.3779 0.9237 0.0626
vn -0.3778 0.9238 0.0626
vn -0.1515 0.9881 0.0251
vn -0.0675 0.9976 0.0154
vn -0.114 0.993 0.0301
vn -0.1346 0.9897 0.0494
vn -0.0631 0.9976 0.027
vn -0.1163 0.9917 0.0555
vn -0.1164 0.9912 0.0624
vn -0.1162 0.9913 0.0625
vn -0.3287 0.9237 0.1967
vn -0.4912 0.793 0.3604
vn -0.4912 0.793 0.3605
vn -0.4911 0.793 0.3604
vn -0.5931 0.6084 0.5274
vn -0.63 0.3823 0.6759
vn -0.63 0.3823 0.676
vn -0.6094 -0.0537 0.791
vn -0.5082 0.3038 0.8059
vn -0.4176 0.3823 0.8243
vn -0.3587 0.6083 0.708
vn -0.3586 0.6083 0.708
vn -0.2753 0.793 0.5434
vn -0.173 0.9238 0.3416
vn -0.0455 0.9949 0.0898
vn -0.031 0.9974 0.0645
vn -0.0611 0.986 0.1553
vn -0.0253 0.9958 0.0877
vn -0.0196 0.9973 0.0711
vn -0.032 0.9852 0.1686
vn -0.0359 0.9237 0.3813
vn -0.0359 0.9237 0.3814
vn -0.0359 0.9237 0.3815
vn 0 0.793 0.6092
vn 0.0743 0.6084 0.7901
vn 0.0743 0.6083 0.7902
vn 0.1723 0.3823 0.9078
vn 0.2219 -0.5515 0.8041
vn 0.1744 0.3543 0.9187
vn 0.0849 -0.4219 0.9027
vn 0.0772 -0.5073 0.8583
vn 0 0.3602 0.9329
vn -0.0865 0.3823 0.92
vn -0.148 0.6083 0.7798
vn -0.1691 0.793 0.5852
vn -0.1691 0.7931 0.5852
vn -0.1403 0.9237 0.3564
vn -0.1402 0.9237 0.3565
vn -0.1063 0.9237 0.368
vn -0.0714 0.9237 0.3763
vn -0.071 0.9238 0.3763
vn -0.057 0.793 0.6065
vn 0 0.6083 0.7937
vn 0.0865 0.3823 0.92
vn 0 0.3824 0.924
vn 0 0.3823 0.924
vn -0.159 0.985 -0.067
vn -0.3654 0.9237 -0.1149
vn -0.3655 0.9237 -0.115
vn -0.5957 0.793 -0.1276
vn -0.7882 0.6083 -0.0928
vn -0.7882 0.6084 -0.0928
vn -0.9238 0.3823 -0.0217
vn -0.0716 0.9974 -0.0097
vn -0.0968 0.9952 -0.0114
vn -0.1622 0.9867 -0.0038
vn -0.0703 0.9975 0.0032
vn -0.1071 0.9942 0.0075
vn -0.3822 0.9237 0.0269
vn -0.3821 0.9237 0.0269
vn -0.6077 0.793 0.0428
vn -0.609 0.793 -0.0143
vn -0.605 0.793 -0.0712
vn -0.3745 0.9237 -0.0802
vn -0.3746 0.9237 -0.0802
vn -0.3655 0.9237 -0.1149
vn -0.0843 0.9961 -0.0265
vn -0.0791 0.9965 -0.0252
vn -0.0802 0.9964 -0.0256
vn -0.165 0.9857 -0.0354
vn -0.3804 0.9237 -0.0448
vn -0.3805 0.9237 -0.0448
vn -0.3831 0.9237 -0.009
vn -0.383 0.9237 -0.009
vn -0.1137 0.9912 0.068
vn -0.3088 0.9237 0.2266
vn -0.4553 0.793 0.4048
vn -0.5411 0.6083 0.5806
vn -0.5639 0.3823 0.732
vn -0.0498 0.9976 0.0477
vn -0.1025 0.9886 0.1099
vn -0.0676 0.9939 0.0877
vn -0.0676 0.9938 0.0877
vn -0.0411 0.9976 0.0566
vn -0.0851 0.9872 0.1349
vn -0.2044 0.9237 0.324
vn -0.2043 0.9237 0.324
vn -0.325 0.793 0.5153
vn -0.3251 0.7929 0.5153
vn -0.3718 0.793 0.4826
vn -0.3718 0.793 0.4827
vn -0.4153 0.793 0.4456
vn -0.4153 0.7931 0.4456
vn -0.4153 0.793 0.4457
vn -0.2863 0.9237 0.2545
vn -0.2862 0.9238 0.2545
vn -0.3088 0.9238 0.2266
vn -0.1127 0.9902 0.0827
vn -0.0908 0.9926 0.0807
vn -0.2612 0.9237 0.2803
vn -0.2612 0.9237 0.2802
vn -0.2613 0.9237 0.2803
vn -0.2338 0.9237 0.3034
vn -0.0077 0.9966 0.0824
vn -0.0073 0.9968 0.08
vn -0.0073 0.9968 0.0799
vn 0 0.9237 0.3831
vn 0.057 0.793 0.6065
vn 0.1479 0.6083 0.7798
vn 0.148 0.6083 0.7798
vn 0.2565 0.3823 0.8877
vn 0.3451 0.3357 0.8765
vn 0.4451 -0.1733 0.8786
vn 0.4929 0.3823 0.7816
vn -0.0772 -0.5073 0.8583
vn -0.0849 -0.4219 0.9027
vn -0.1723 0.3823 0.9078
vn -0.2204 0.6083 0.7625
vn -0.2232 0.793 0.5668
vn -0.2232 0.7931 0.5668
vn -0.1731 0.9237 0.3417
vn -0.14 0.9238 0.3563
vn -0.1744 0.3543 0.9187
vn -0.2565 0.3823 0.8877
vn -0.2908 0.6083 0.7385
vn -0.3524 -0.5835 0.7317
vn -0.4451 -0.1733 0.8786
vn -0.4678 -0.6055 0.6438
vn -0.6588 0.2575 0.7069
vn -0.5676 -0.619 0.5428
vn -0.7907 0.1953 0.5802
vn -0.7929 0.3823 0.4745
vn -0.7165 0.608 0.3419
vn -0.7162 0.6083 0.342
vn -0.7162 0.6084 0.342
vn -0.5719 0.793 0.2098
vn -0.5717 0.7931 0.2101
vn -0.3704 0.9237 0.0977
vn -0.3596 0.9237 0.1319
vn -0.3457 0.9237 0.165
vn -0.5227 0.793 0.3128
vn -0.5228 0.793 0.3128
vn -0.6399 0.6083 0.4695
vn -0.6905 0.3823 0.614
vn -0.6905 0.3824 0.614
vn -0.7462 0.0535 0.6635
vn -0.6513 -0.6252 0.43
vn -0.8491 0.1443 0.5081
vn -0.8339 0.3823 0.3981
vn -0.7451 0.6084 0.2734
vn -0.7451 0.6083 0.2734
vn -0.589 0.7931 0.1553
vn -0.589 0.793 0.1554
vn -0.8963 0.116 0.428
vn -0.8675 0.3823 0.3183
vn -0.8675 0.3824 0.3183
vn -0.7674 0.6083 0.2024
vn -0.7675 0.6083 0.2024
vn -0.7684 -0.6154 0.1754
vn -0.9486 0.2746 0.1571
vn -0.7999 -0.5991 0.0359
vn -0.9699 -0.215 -0.1142
vn -0.7821 -0.4609 -0.4195
vn -0.7698 0.3823 -0.5111
vn -0.6172 0.6083 -0.499
vn -0.4358 0.793 -0.4257
vn -0.6661 -0.5235 -0.5312
vn -0.7188 -0.3817 -0.5811
vn -0.6702 0.3495 -0.6547
vn -0.5436 -0.5634 -0.6222
vn -0.6251 -0.2569 -0.7371
vn -0.4134 -0.5918 -0.692
vn -0.392 0.2901 -0.8731
vn -0.2782 -0.6109 -0.7412
vn -0.2256 0.2386 -0.9446
vn -0.1296 0.3823 -0.9149
vn -0.0372 0.6083 -0.7928
vn 0.0286 0.793 -0.6085
vn 0.0537 0.9237 -0.3793
vn 0.018 0.9237 -0.3827
vn 0.018 0.9237 -0.3826
vn 0.018 0.9236 -0.3828
vn -0.018 0.9237 -0.3826
vn -0.018 0.9237 -0.3827
vn -0.0855 0.793 -0.6032
vn -0.0854 0.793 -0.6032
vn -0.1844 0.6083 -0.772
vn -0.2979 0.3823 -0.8747
vn -0.3223 -0.0162 -0.9465
vn -0.1398 -0.6219 -0.7705
vn -0.1397 0.0857 -0.9865
vn -0.0433 0.3823 -0.923
vn 0.0372 0.6083 -0.7928
vn 0.0854 0.793 -0.6032
vn -0.0462 0.1708 -0.9842
vn 0.0433 0.3824 -0.923
vn 0.0433 0.3823 -0.923
vn 0.1112 0.6084 -0.7858
vn 0.1113 0.6084 -0.7858
vn 0.1398 -0.6219 -0.7705
vn 0.2256 0.2386 -0.9446
vn 0.2782 -0.6109 -0.7412
vn 0.4889 -0.1324 -0.8622
vn 0.7188 -0.3817 -0.5811
vn 0.7698 0.3823 -0.5111
vn 0.6994 0.6083 -0.3752
vn 0.6994 0.6083 -0.3753
vn 0.5615 0.793 -0.2364
vn 0.5614 0.7931 -0.2364
vn 0.5614 0.793 -0.2364
vn 0.7679 -0.4894 -0.4132
vn 0.7821 -0.4609 -0.4195
vn 0.8607 0.3576 -0.3624
vn 0.8016 -0.5382 -0.2604
vn 0.8969 -0.3406 -0.2821
vn 0.8114 -0.574 -0.1099
vn 0.9485 0.316 -0.0222
vn 0.7999 -0.5991 0.0359
vn 0.9486 0.2746 0.1571
vn 0.8935 0.3823 0.2357
vn 0.7451 0.6083 0.2734
vn 0.7451 0.6084 0.2734
vn 0.5497 0.793 0.2625
vn 0.3287 0.9237 0.1967
vn 0.3457 0.9237 0.165
vn 0.3596 0.9237 0.1319
vn 0.589 0.793 0.1554
vn 0.589 0.793 0.1555
vn 0.783 0.6084 0.1297
vn 0.7829 0.6084 0.1298
vn 0.9217 0.3823 0.0649
vn 0.9218 0.3823 0.0649
vn 0.9217 0.3824 0.0649
vn 0.9932 -0.0925 0.07
vn 0.7684 -0.6154 0.1754
vn 0.9667 0.0194 0.255
vn 0.8675 0.3823 0.3183
vn 0.7162 0.6084 0.342
vn 0.5228 0.793 0.3128
vn 0.5227 0.793 0.3128
vn 0.5229 0.7929 0.3129
vn 0.9163 0.2178 0.3362
vn 0.8339 0.3823 0.3981
vn 0.6811 0.6083 0.4075
vn 0.6513 -0.6252 0.43
vn 0.7907 0.1953 0.5802
vn 0.5676 -0.619 0.5428
vn 0.6094 -0.0537 0.791
vn 0.4678 -0.6055 0.6438
vn 0.5082 0.3038 0.8059
vn 0.3524 -0.5835 0.7317
vn 0.265 -0.2989 0.9168
vn 0.0287 0.793 -0.6085
vn -0.0286 0.793 -0.6085
vn -0.0286 0.793 -0.6086
vn -0.0372 0.6083 -0.7929
vn 0.048 0.9973 -0.055
vn 0.6661 -0.5235 -0.5312
vn 0.7774 0.3596 -0.5161
vn 0.8143 0.3824 -0.4368
vn 0.8143 0.3823 -0.4368
vn 0.7315 0.6083 -0.308
vn 0.7315 0.6084 -0.308
vn 0.8516 0.3823 -0.3586
vn 0.8814 0.3824 -0.2773
vn 0.0675 0.9976 0.0154
vn 0.8963 0.116 0.428
vn 0.7929 0.3823 0.4745
vn 0.031 0.9974 0.0645
vn -0.0069 0.997 0.0766
vn 0 0.9849 0.1733
vn 0.0359 0.9237 0.3814
vn 0.1136 0.793 0.5985
vn 0.2204 0.6083 0.7625
vn 0.3385 0.3823 0.8598
vn -0.265 -0.2989 0.9168
vn -0.3385 0.3823 0.8598
vn -0.2909 0.6084 0.7384
vn -0.7186 -0.6239 0.3072
vn -0.9163 0.2178 0.3362
vn -0.8935 0.3823 0.2357
vn -0.7674 0.6084 0.2024
vn -0.9667 0.0194 0.255
vn -0.0711 0.9972 -0.0231
vn -0.7679 -0.4894 -0.4132
vn -0.7774 0.3596 -0.5161
vn -0.7186 0.3823 -0.581
vn -0.7186 0.3823 -0.5809
vn -0.5678 0.6083 -0.5546
vn -0.7186 0.3824 -0.5809
vn -0.661 0.3823 -0.6457
vn -0.5978 0.3823 -0.7046
vn -0.0123 0.9976 -0.0676
vn 0 0.9237 0.383
vn -0.0743 0.6083 0.7902
vn -0.0743 0.6084 0.7902
vn -0.0744 0.6084 0.7902
vn 0.0714 0.9237 0.3763
vn 0.0714 0.9238 0.3763
vn 0.1063 0.9237 0.368
vn 0.0714 0.9239 0.376
vn 0.1691 0.793 0.5852
vn 0.2908 0.6083 0.7385
vn 0.4176 0.3823 0.8243
vn 0.1405 0.9238 0.3561
vn 0.2232 0.793 0.5668
vn 0.3587 0.6083 0.708
vn 0.3588 0.6082 0.7081
vn 0.3588 0.6085 0.7078
vn 0.5411 0.6083 0.5806
vn 0.5931 0.6083 0.5274
vn 0.5932 0.6083 0.5273
vn 0.6905 0.3823 0.614
vn 0.6905 0.3824 0.614
vn 0.8491 0.1443 0.5081
vn 0.7163 0.6083 0.342
vn 0.8339 0.3823 0.398
vn 0.7186 -0.6239 0.3072
vn 0.5719 0.793 0.2098
vn 0.5717 0.7931 0.2099
vn 0.5716 0.7932 0.2098
vn 0.7674 0.6083 0.2024
vn 0.7674 0.6083 0.2025
vn 0.783 0.6083 0.1297
vn 0.9116 0.3823 0.151
vn 0.7883 0.6083 -0.0928
vn 0.7882 0.6084 -0.0928
vn 0.9035 0.3823 -0.1935
vn 0.9177 0.3823 -0.1081
vn 0.7761 0.6083 -0.1662
vn 0.7571 0.6083 -0.2382
vn 0.7314 0.6084 -0.308
vn 0.5075 0.793 -0.337
vn 0.5074 0.7931 -0.3369
vn 0.6172 0.6083 -0.499
vn 0.5133 0.6083 -0.6053
vn 0.5976 0.3824 -0.7047
vn 0.3251 0.6083 -0.724
vn 0.2559 0.6083 -0.7513
vn 0.2558 0.6083 -0.7514
vn 0.2979 0.3823 -0.8747
vn 0.3782 0.3823 -0.8431
vn 0.1113 0.6083 -0.7858
vn 0 -0.6255 -0.7803
vn 0.0462 0.1708 -0.9842
vn 0.1397 0.0857 -0.9865
vn 0.1296 0.3823 -0.9149
vn 0.1293 0.3823 -0.9149
vn -0.1113 0.6084 -0.7858
vn -0.1112 0.6084 -0.7858
vn -0.1415 0.7931 -0.5925
vn -0.2147 0.3823 -0.8988
vn -0.3915 0.6083 -0.6904
vn -0.529 0.3823 -0.7576
vn -0.4544 0.6083 -0.6507
vn -0.5676 0.6083 -0.5547
vn -0.5076 0.793 -0.337
vn -0.5074 0.7931 -0.3369
vn -0.5075 0.793 -0.3369
vn -0.5075 0.7931 -0.3369
vn -0.6994 0.6083 -0.3752
vn -0.6995 0.6083 -0.3751
vn -0.8143 0.3824 -0.4368
vn -0.7935 0.6083 -0.0186
vn -0.7917 0.6084 0.0557
vn -0.7917 0.6083 0.0558
vn -0.7917 0.6084 0.0558
vn -0.9218 0.3823 0.0649
vn -0.9217 0.3823 0.0649
vn -0.9237 0.3824 -0.0217
vn -0.7934 0.6084 -0.0186
vn -0.5718 0.7931 0.2099
vn -0.5497 0.7931 0.2625
vn -0.5497 0.793 0.2625
vn -0.5498 0.793 0.2625
vn -0.4911 0.7931 0.3604
vn -0.681 0.6084 0.4075
vn -0.6811 0.6083 0.4075
vn -0.745 0.3823 0.5466
vn -0.0572 0.9977 0.0377
vn -0.5931 0.6083 0.5274
vn -0.4844 0.6084 0.6287
vn -0.4844 0.6083 0.6287
vn -0.4929 0.3823 0.7816
vn -0.4233 0.6083 0.6714
vn -0.4234 0.6083 0.6713
vn -0.4234 0.6083 0.6714
vn -0.3386 0.3823 0.8598
vn -0.3451 0.3357 0.8765
vn -0.2205 0.6083 0.7625
vn -0.2219 -0.5515 0.8041
vn -0.0712 0.9238 0.3762
vn -0.1136 0.793 0.5985
vn -0.1116 0 -0.9938
vn -0.1119 0 -0.9937
vn -0.3305 0 -0.9438
vn -0.3302 0 -0.9439
vn -0.33 0 -0.944
vn -0.532 0 -0.8468
vn -0.532 0 -0.8467
vn -0.7071 0 -0.7071
vn -0.8467 0 -0.532
vn -0.8468 0 -0.5319
vn -0.9439 0 -0.3302
vn -0.9937 0 -0.1119
vn -0.9938 0 -0.1116
vn 0.4714 0 -0.8819
vn 0.2904 0 -0.9569
vn 0.2904 0 0.9569
vn 0.4714 0 0.8819
vn -0.9938 0 0.1116
vn -0.9937 0 0.1119
vn -0.9439 0 0.3302
vn -0.8468 0 0.532
vn -0.8467 0 0.532
vn -0.7071 0 0.7071
vn -0.532 0 0.8468
vn -0.532 0 0.8467
vn -0.3305 0 0.9438
vn -0.3302 0 0.9439
vn -0.1116 0 0.9938
vn -0.1119 0 0.9937
vn -0.33 0 0.944
vn -0.0004 -0.9962 0.0871
vn -0.0002 -0.9962 0.0871
vn 0.0981 -0.0868 -0.9914
vn 0.0979 -0.0867 -0.9914
vn 0.0981 -0.0869 -0.9914
vn 0.2901 -0.0834 -0.9534
vn 0.2906 -0.0835 -0.9532
vn 0.2904 -0.0834 -0.9533
vn 0.4715 -0.077 -0.8785
vn 0.4711 -0.0769 -0.8787
vn 0.4713 -0.0769 -0.8786
vn 0.6343 -0.0674 -0.7701
vn 0.6339 -0.0673 -0.7704
vn 0.6345 -0.0674 -0.77
vn 0.7731 -0.0553 -0.6319
vn 0.773 -0.0553 -0.632
vn 0.8819 -0.041 -0.4696
vn 0.9569 -0.0253 -0.2892
vn 0.9568 -0.0254 -0.2895
vn 0.9569 -0.0254 -0.2894
vn 0.9952 -0.0086 -0.0975
vn 0.2899 -0.0833 -0.9534
vn 0.4717 -0.0771 -0.8784
vn 0.9569 -0.0253 -0.2893
vn 0.9952 0.0085 0.0976
vn 0.9952 0.0086 0.0976
vn 0.9952 0.0086 0.0975
vn 0.9569 0.0253 0.2892
vn 0.9569 0.0253 0.2894
vn 0.9569 0.0253 0.2893
vn 0.8819 0.041 0.4696
vn 0.7731 0.0553 0.6319
vn 0.6341 0.0674 0.7703
vn 0.6344 0.0675 0.77
vn 0.6346 0.0675 0.7699
vn 0.4713 0.0769 0.8786
vn 0.4712 0.077 0.8787
vn 0.2902 0.0833 0.9533
vn 0.2901 0.0834 0.9534
vn 0.2903 0.0834 0.9533
vn 0.0983 0.0866 0.9914
vn 0.9569 0.0254 0.2894
vn 0.7731 0.0553 0.6318
vn 0.6343 0.0674 0.7702
vn 0.0002 0.9962 -0.0873
vn -0.0004 0.9962 -0.0873
vn 0.0003 0.9962 -0.0872
vn 0.0004 0.9962 -0.0873
vn 0.0001 0.9962 -0.0873
vn 0.0003 -0.9962 0.0871
vn 0.0002 -0.9962 0.0873
vn 0.0001 -0.9962 0.0868
vn -0.2311 -0.0848 -0.9692
vn -0.0369 -0.0871 -0.9955
vn -0.0369 -0.087 -0.9955
vn 0.1588 -0.0861 -0.9836
vn 0.1588 -0.086 -0.9836
vn 0.1588 -0.0858 -0.9836
vn 0.3485 -0.0818 -0.9337
vn 0.3484 -0.0815 -0.9338
vn 0.3484 -0.0817 -0.9338
vn 0.5245 -0.0741 -0.8482
vn 0.5245 -0.0743 -0.8482
vn 0.6805 -0.0637 -0.7299
vn 0.6808 -0.064 -0.7297
vn 0.6806 -0.0639 -0.7299
vn 0.8102 -0.0512 -0.5839
vn 0.8104 -0.0511 -0.5837
vn 0.8104 -0.0511 -0.5836
vn 0.9091 -0.0361 -0.4149
vn 0.9092 -0.0364 -0.4147
vn 0.9091 -0.0363 -0.4149
vn 0.973 -0.0201 -0.2301
vn 0.9729 -0.0201 -0.2302
vn 0.9993 -0.0032 -0.0367
vn 0.9993 -0.0032 -0.0366
vn 0.9873 0.0137 0.1586
vn 0.9375 0.0299 0.3468
vn 0.9374 0.0304 0.347
vn 0.9374 0.0302 0.3469
vn 0.8513 0.0457 0.5226
vn 0.8514 0.0457 0.5225
vn 0.7327 0.059 0.678
vn 0.7329 0.0595 0.6778
vn 0.7326 0.0591 0.678
vn 0.5859 0.0706 0.8073
vn 0.4165 0.0795 0.9057
vn 0.4165 0.0792 0.9057
vn 0.2311 0.0848 0.9692
vn 0.2311 0.0849 0.9692
vn 0.0369 0.0872 0.9955
vn 0.0369 0.0871 0.9955
vn -0.1588 0.0861 0.9835
vn -0.3484 0.0816 0.9338
vn -0.3484 0.0819 0.9337
vn -0.3484 0.0817 0.9338
vn -0.5245 0.0742 0.8482
vn -0.5245 0.0741 0.8482
vn -0.6805 0.0641 0.7299
vn -0.6807 0.0635 0.7298
vn -0.6806 0.064 0.7299
vn -0.8104 0.0511 0.5837
vn -0.8104 0.0511 0.5836
vn -0.8104 0.051 0.5836
vn -0.9092 0.0364 0.4149
vn -0.9091 0.0364 0.415
vn -0.9091 0.0362 0.4149
vn -0.9729 0.0201 0.2302
vn -0.9729 0.0201 0.2301
vn -0.9993 0.0032 0.0367
vn -0.9993 0.0032 0.0368
vn -0.9873 -0.014 -0.1585
vn -0.9375 -0.0306 -0.3467
vn -0.8513 -0.0456 -0.5226
vn -0.8514 -0.0457 -0.5225
vn -0.7326 -0.0595 -0.678
vn -0.7328 -0.0589 -0.6779
vn -0.7327 -0.0594 -0.678
vn -0.5859 -0.0706 -0.8073
vn -0.5859 -0.0707 -0.8073
vn -0.4165 -0.0791 -0.9057
vn -0.4166 -0.0791 -0.9057
vn -0.4165 -0.0792 -0.9057
vn 0.5245 -0.0744 -0.8481
vn 0.6806 -0.0641 -0.7298
vn 0.9091 -0.0362 -0.415
vn 0.9993 -0.0032 -0.0369
vn 0.7327 0.0594 0.6779
vn -0.1588 0.086 0.9836
vn -0.6806 0.0638 0.7299
vn -0.9091 0.0363 0.4149
vn -0.9873 -0.0138 -0.1582
vn -0.9374 -0.0304 -0.347
vn -0.8514 -0.0458 -0.5226
vn -0.7327 -0.0593 -0.678
vn -0.2522 -0.0845 -0.964
vn -0.252 -0.0844 -0.9641
vn -0.2525 -0.0847 -0.9639
vn -0.2517 -0.0842 -0.9641
vn -0.1016 -0.0866 -0.9911
vn -0.1016 -0.0865 -0.9911
vn -0.1013 -0.0868 -0.9911
vn 0.0516 -0.0869 -0.9949
vn 0.0517 -0.0869 -0.9949
vn 0.2036 -0.0855 -0.9753
vn 0.2037 -0.0853 -0.9753
vn 0.2038 -0.0853 -0.9753
vn 0.3506 -0.0817 -0.933
vn 0.3505 -0.0815 -0.933
vn 0.4895 -0.076 -0.8687
vn 0.4894 -0.076 -0.8687
vn 0.4894 -0.0763 -0.8687
vn 0.6168 -0.0686 -0.7841
vn 0.6165 -0.0689 -0.7843
vn 0.6167 -0.0687 -0.7842
vn 0.7295 -0.0597 -0.6814
vn 0.7297 -0.0595 -0.6811
vn 0.7296 -0.0596 -0.6813
vn 0.8254 -0.0492 -0.5623
vn 0.8256 -0.0491 -0.5622
vn 0.8256 -0.0493 -0.562
vn 0.902 -0.0376 -0.4301
vn 0.9021 -0.0376 -0.43
vn 0.9573 -0.0253 -0.2879
vn 0.9574 -0.0251 -0.2877
vn 0.9902 -0.0122 -0.139
vn 0.9902 -0.0122 -0.1391
vn 0.9999 0.0012 0.0133
vn 0.9861 0.0145 0.1655
vn 0.9861 0.0145 0.1653
vn 0.9861 0.0145 0.1654
vn 0.9493 0.0274 0.3132
vn 0.9493 0.0273 0.3132
vn 0.8902 0.0396 0.4539
vn 0.8103 0.051 0.5838
vn 0.8101 0.0511 0.5841
vn 0.711 0.0614 0.7005
vn 0.7113 0.0612 0.7002
vn 0.7112 0.0613 0.7003
vn 0.5955 0.07 0.8003
vn 0.5952 0.0703 0.8005
vn 0.5954 0.0702 0.8004
vn 0.4657 0.0773 0.8815
vn 0.4661 0.077 0.8814
vn 0.4659 0.0771 0.8815
vn 0.3254 0.0824 0.942
vn 0.3254 0.0827 0.9419
vn 0.3254 0.0822 0.942
vn 0.1776 0.0858 0.9804
vn 0.1771 0.0861 0.9804
vn 0.1774 0.086 0.9804
vn 0.0251 0.0872 0.9959
vn 0.0246 0.087 0.9959
vn 0.0249 0.0871 0.9959
vn -0.128 0.0863 0.988
vn -0.2777 0.0836 0.957
vn -0.2778 0.0836 0.957
vn -0.4212 0.0789 0.9035
vn -0.5549 0.0724 0.8288
vn -0.5548 0.0724 0.8288
vn -0.6751 0.0644 0.7349
vn -0.6752 0.0643 0.7348
vn -0.7798 0.0547 0.6237
vn -0.7798 0.0545 0.6237
vn -0.7797 0.0546 0.6238
vn -0.8664 0.0435 0.4975
vn -0.8664 0.0436 0.4974
vn -0.9324 0.0315 0.3601
vn -0.9323 0.0316 0.3602
vn -0.9324 0.0315 0.36
vn -0.9767 0.0187 0.2139
vn -0.9767 0.0187 0.2138
vn -0.9766 0.0187 0.2142
vn -0.998 0.0055 0.063
vn -0.998 0.0055 0.0627
vn -0.998 0.0055 0.0626
vn -0.996 -0.0078 -0.0895
vn -0.996 -0.0079 -0.0894
vn -0.996 -0.0078 -0.0894
vn -0.9706 -0.021 -0.24
vn -0.9224 -0.0337 -0.3847
vn -0.9224 -0.0336 -0.3849
vn -0.9224 -0.0337 -0.3848
vn -0.8526 -0.0456 -0.5205
vn -0.8526 -0.0454 -0.5206
vn -0.8527 -0.0456 -0.5204
vn -0.7629 -0.0562 -0.644
vn -0.7629 -0.0563 -0.644
vn -0.763 -0.0562 -0.644
vn -0.6553 -0.0658 -0.7525
vn -0.6552 -0.0657 -0.7526
vn -0.6554 -0.066 -0.7524
vn -0.5322 -0.0737 -0.8434
vn -0.5324 -0.0738 -0.8433
vn -0.5322 -0.0738 -0.8434
vn -0.3968 -0.08 -0.9144
vn -0.3967 -0.0803 -0.9144
vn -0.3968 -0.0803 -0.9144
vn 0.2036 -0.0851 -0.9753
vn 0.617 -0.0685 -0.784
vn 0.7294 -0.0599 -0.6815
vn 0.8255 -0.0492 -0.5622
vn 0.9902 -0.0121 -0.139
vn 0.9862 0.0145 0.1652
vn 0.7109 0.0615 0.7006
vn 0.5957 0.0699 0.8001
vn 0.4658 0.0772 0.8815
vn 0.3254 0.0828 0.942
vn 0.1772 0.0858 0.9804
vn -0.4214 0.0791 0.9034
vn -0.7799 0.0548 0.6235
vn -0.998 0.0055 0.0629
vn -0.9225 -0.0338 -0.3846
vn -0.8525 -0.0455 -0.5207
vn -0.7628 -0.0559 -0.6442
vn -0.6551 -0.0657 -0.7527
vn 0.0896 0.0971 0.9912
vn 0.1783 0.0752 0.9811
vn 0.2659 0.0944 0.9594
vn 0.3518 0.0709 0.9334
vn 0.434 0.0887 0.8965
vn 0.5878 0.081 0.805
vn 0.7226 0.0707 0.6876
vn 0.8343 0.0583 0.5482
vn 0.9195 0.0447 0.3905
vn 0.9749 0.0299 0.2208
vn 0.9989 0.0143 0.0436
vn 0.9909 -0.0012 -0.1346
vn 0.951 -0.0165 -0.3088
vn 0.8805 -0.0305 -0.473
vn 0.7818 -0.0439 -0.622
vn 0.6579 -0.0552 -0.7511
vn 0.5128 -0.0644 -0.8561
vn 0.3518 -0.071 -0.9334
vn 0.1783 -0.0752 -0.9811
vn 0 -0.0768 -0.997
vn -0.1783 -0.0752 -0.9811
vn -0.3518 -0.071 -0.9334
vn -0.5128 -0.0644 -0.8561
vn -0.6579 -0.0552 -0.7511
vn -0.7818 -0.0439 -0.622
vn -0.8805 -0.0305 -0.473
vn -0.951 -0.0165 -0.3088
vn -0.9909 -0.0012 -0.1346
vn -0.9989 0.0143 0.0436
vn -0.9749 0.0299 0.2208
vn -0.9195 0.0447 0.3905
vn -0.8343 0.0583 0.5482
vn -0.7226 0.0707 0.6876
vn -0.5878 0.081 0.805
vn -0.434 0.0887 0.8965
vn -0.2659 0.0944 0.9594
vn -0.0896 0.0971 0.9912
vn 0 0.0765 0.9971
vn 0.5129 0.0644 0.8561
vn 0.6579 0.0552 0.7511
vn 0.7818 0.0439 0.622
vn 0.8805 0.0306 0.473
vn 0.9509 0.0166 0.309
vn 0.9909 0.0012 0.1343
vn 0.9989 -0.0143 -0.0436
vn 0.9749 -0.0299 -0.2208
vn 0.9194 -0.0447 -0.3907
vn 0.8345 -0.0582 -0.5479
vn 0.7227 -0.0707 -0.6875
vn 0.588 -0.0809 -0.8048
vn 0.4339 -0.0892 -0.8966
vn 0.2659 -0.0944 -0.9594
vn 0.0897 -0.0971 -0.9912
vn -0.0897 -0.0971 -0.9912
vn -0.2659 -0.0944 -0.9594
vn -0.4339 -0.0892 -0.8966
vn -0.588 -0.0809 -0.8048
vn -0.7227 -0.0707 -0.6875
vn -0.8345 -0.0582 -0.5479
vn -0.9194 -0.0447 -0.3907
vn -0.9748 -0.0301 -0.2212
vn -0.9989 -0.0143 -0.0436
vn -0.9909 0.0012 0.1343
vn -0.9509 0.0166 0.309
vn -0.8805 0.0306 0.473
vn -0.7818 0.0439 0.622
vn -0.6579 0.0552 0.7511
vn -0.5129 0.0644 0.8561
vn -0.3518 0.0709 0.9334
vn -0.1783 0.0752 0.9811
vn -0.0001 0.9962 -0.0874
vn 0.0003 0.9962 -0.0875
vn -0.0002 0.9962 -0.0875
vn 0.0004 0.9962 -0.0872
vn -0.0004 0.9962 -0.0871
vn -0.0002 0.9962 -0.0874
vn 0.0002 0.9962 -0.087
vn 0 0.9962 -0.0869
vn 0 0.9962 -0.0876
vn 0.005 1 -0.008
vn 0.0073 0.9999 -0.0074
vn 0.0069 0.9999 -0.0106
vn 0.0077 1 -0.0048
vn 0.0319 0.9961 0.0822
vn 0.0196 0.9997 -0.016
vn 0.0253 0.9997 0.0005
vn 0.1404 0.9513 0.2745
vn 0.1403 0.9513 0.2745
vn 0.2753 0.8374 0.4722
vn 0.4234 0.6645 0.6158
vn 0.564 0.4447 0.6958
vn 0.6588 0.3181 0.6817
vn 0.7463 0.1111 0.6563
vn 0.745 0.4285 0.5112
vn 0.6399 0.6469 0.4147
vn 0.64 0.6469 0.4146
vn 0.4911 0.8214 0.2899
vn 0.491 0.8215 0.2901
vn 0.4912 0.8214 0.2899
vn 0.3088 0.94 0.1452
vn 0.1127 0.9936 -0.0039
vn 0.0572 0.9971 -0.0493
vn 0.1129 0.9932 -0.0267
vn 0.1121 0.9934 -0.0257
vn 0.1137 0.9933 -0.0186
vn 0.1163 0.9927 -0.0311
vn 0.0631 0.9962 -0.0601
vn 0.1346 0.9902 -0.0371
vn 0.3704 0.9287 0.0168
vn 0.601 0.7987 0.03
vn 0.7917 0.6109 0.0025
vn 0.9238 0.379 -0.0549
vn 0.9238 0.3789 -0.0549
vn 0.9237 0.3791 -0.0549
vn 0.9699 -0.2241 -0.0951
vn 0.9184 0.3249 -0.2259
vn 0.8814 0.3567 -0.3096
vn 0.8815 0.3567 -0.3094
vn 0.8815 0.3567 -0.3095
vn 0.7571 0.5852 -0.2903
vn 0.5811 0.7741 -0.2512
vn 0.3654 0.9102 -0.195
vn 0.0801 0.9905 -0.1121
vn 0.0843 0.99 -0.1132
vn 0.0756 0.9909 -0.111
vn 0.0711 0.9914 -0.1099
vn 0.1591 0.9754 -0.1525
vn 0.0696 0.9898 -0.1242
vn 0.0697 0.9898 -0.1242
vn 0.0706 0.9897 -0.1246
vn 0.0688 0.9899 -0.1238
vn 0.1442 0.9728 -0.1812
vn 0.2979 0.8992 -0.3204
vn 0.4358 0.7529 -0.4932
vn 0.5133 0.5533 -0.656
vn 0.5289 0.3148 -0.7881
vn 0.5289 0.3149 -0.7881
vn 0.529 0.3149 -0.7881
vn 0.4134 -0.6499 -0.6378
vn 0.541 0.2578 -0.8005
vn 0.6251 -0.3201 -0.7119
vn 0.5436 -0.6154 -0.5707
vn 0.6702 0.2911 -0.6827
vn 0.7186 0.3302 -0.6121
vn 0.6612 0.5678 -0.4903
vn 0.6612 0.5678 -0.4904
vn 0.6612 0.5677 -0.4904
vn 0.5368 0.7649 -0.356
vn 0.353 0.9073 -0.2286
vn 0.3377 0.9044 -0.2609
vn 0.3376 0.9044 -0.261
vn 0.3191 0.9018 -0.2916
vn 0.3191 0.9018 -0.2915
vn 0.4737 0.7566 -0.4507
vn 0.5678 0.5577 -0.6055
vn 0.5976 0.3194 -0.7354
vn 0.5976 0.3195 -0.7354
vn 0.661 0.3246 -0.6765
vn 0.661 0.3246 -0.6766
vn 0.0612 0.9957 0.0688
vn 0.1731 0.95 0.2598
vn 0.1731 0.95 0.2599
vn 0.3249 0.8349 0.4442
vn 0.325 0.8349 0.4442
vn 0.4843 0.6608 0.5734
vn 0.4844 0.6608 0.5734
vn 0.63 0.4397 0.6401
vn 0.5639 0.4446 0.6959
vn 0.0411 0.9987 -0.0306
vn 0.0676 0.9977 0.0008
vn 0.1025 0.9945 0.0233
vn 0.0498 0.998 -0.0395
vn 0.0908 0.9958 -0.0061
vn 0.2863 0.9424 0.173
vn 0.2864 0.9424 0.1728
vn 0.4553 0.8253 0.3341
vn 0.4552 0.8253 0.3341
vn 0.4153 0.8289 0.3748
vn 0.3718 0.8321 0.4116
vn 0.2043 0.9485 0.2422
vn 0.0455 0.999 0.0027
vn 0.0851 0.9952 0.0484
vn 0.2338 0.9467 0.2218
vn 0.2338 0.9466 0.2218
vn 0.2612 0.9446 0.1987
vn 0.2612 0.9446 0.1986
vn 0.114 0.9919 -0.0566
vn 0.3779 0.9257 -0.0182
vn 0.6077 0.7937 -0.0265
vn 0.7934 0.6044 -0.0716
vn 0.7935 0.6044 -0.0716
vn 0.9177 0.3715 -0.141
vn 0.9177 0.3714 -0.141
vn 0.0703 0.994 -0.0838
vn 0.1622 0.9827 -0.0898
vn 0.0968 0.9905 -0.0981
vn 0.0715 0.9928 -0.0966
vn 0.165 0.9788 -0.1211
vn 0.3746 0.9132 -0.1604
vn 0.5956 0.7789 -0.1962
vn 0.5957 0.7789 -0.1962
vn 0.605 0.7838 -0.1401
vn 0.6051 0.7838 -0.1401
vn 0.609 0.7888 -0.0833
vn 0.3821 0.9226 -0.0537
vn 0.1514 0.9866 -0.0611
vn 0.1071 0.9911 -0.0791
vn 0.383 0.9194 -0.0895
vn 0.3829 0.9194 -0.0895
vn 0.3831 0.9194 -0.0895
vn 0.3805 0.9163 -0.1251
vn 0.3804 0.9163 -0.1251
vn 0.0592 0.9892 -0.134
vn 0.0646 0.988 -0.14
vn 0.0605 0.9889 -0.1358
vn 0.0665 0.9879 -0.1404
vn 0.274 0.8969 -0.3471
vn 0.274 0.8969 -0.3472
vn 0.394 0.7495 -0.5319
vn 0.394 0.7496 -0.5319
vn 0.4544 0.5493 -0.7013
vn 0.4557 0.3109 -0.8341
vn 0.4557 0.3108 -0.8341
vn 0.392 0.2129 -0.895
vn 0.3223 -0.0987 -0.9415
vn 0.2146 0.3026 -0.9286
vn 0.2147 0.3025 -0.9287
vn 0.1844 0.5387 -0.8221
vn 0.1846 0.5387 -0.822
vn 0.1415 0.7384 -0.6593
vn 0.1415 0.7384 -0.6594
vn 0.089 0.8877 -0.4517
vn 0.0341 0.9729 -0.2285
vn 0.0123 0.9879 -0.1543
vn 0.0175 0.9776 -0.2099
vn 0.0064 0.9751 -0.2218
vn 0 0.9879 -0.1552
vn -0.0064 0.9751 -0.2218
vn -0.0538 0.8871 -0.4584
vn -0.0537 0.8871 -0.4584
vn -0.1415 0.7384 -0.6593
vn -0.2561 0.5405 -0.8014
vn -0.2559 0.5405 -0.8015
vn -0.2558 0.5405 -0.8015
vn -0.3785 0.3073 -0.8731
vn -0.3785 0.3074 -0.8731
vn -0.4889 -0.207 -0.8474
vn -0.541 0.2578 -0.8005
vn -0.5976 0.3194 -0.7354
vn -0.5976 0.3195 -0.7354
vn -0.5133 0.5533 -0.6561
vn -0.5133 0.5533 -0.656
vn -0.394 0.7495 -0.5319
vn -0.394 0.7496 -0.5319
vn -0.2478 0.8947 -0.3716
vn -0.2478 0.8948 -0.3715
vn -0.061 0.9855 -0.1584
vn -0.048 0.9887 -0.1418
vn -0.1218 0.9713 -0.2044
vn -0.0646 0.988 -0.14
vn -0.0605 0.9889 -0.1358
vn -0.0665 0.9879 -0.1404
vn -0.0592 0.9892 -0.134
vn -0.1442 0.9728 -0.1812
vn -0.3376 0.9044 -0.2609
vn -0.5614 0.7694 -0.3046
vn -0.7571 0.5853 -0.2903
vn -0.7571 0.5852 -0.2903
vn -0.9035 0.364 -0.2263
vn -0.9035 0.364 -0.2261
vn -0.8114 -0.5814 -0.0595
vn -0.9184 0.3249 -0.2259
vn -0.8969 -0.3638 -0.2514
vn -0.8016 -0.5589 -0.2125
vn -0.8607 0.3246 -0.3922
vn -0.8143 0.3428 -0.4684
vn -0.6613 0.5677 -0.4904
vn -0.6613 0.5677 -0.4903
vn -0.6612 0.5677 -0.4903
vn -0.4737 0.7566 -0.4507
vn -0.274 0.8969 -0.3472
vn -0.2979 0.8992 -0.3204
vn -0.3191 0.9018 -0.2916
vn -0.3191 0.9018 -0.2915
vn -0.5368 0.7649 -0.356
vn -0.7315 0.5792 -0.3599
vn -0.7315 0.5791 -0.3599
vn -0.8814 0.3567 -0.3096
vn -0.8516 0.3496 -0.3906
vn 0.1218 0.9713 -0.2045
vn 0.2478 0.8947 -0.3716
vn 0.3488 0.7465 -0.5666
vn 0.3488 0.7465 -0.5667
vn 0.3915 0.5459 -0.7408
vn 0.3785 0.3074 -0.8731
vn 0.3785 0.3073 -0.8731
vn 0.0364 0.9884 -0.1476
vn 0.0513 0.9829 -0.1768
vn 0.0642 0.9715 -0.2284
vn 0.024 0.9881 -0.152
vn 0.0368 0.9802 -0.1944
vn 0.1235 0.8886 -0.4417
vn 0.1235 0.8886 -0.4418
vn 0.1964 0.7398 -0.6436
vn 0.1964 0.7397 -0.6436
vn 0.2495 0.7416 -0.6227
vn 0.3005 0.7438 -0.5971
vn 0.3005 0.7438 -0.597
vn 0.3488 0.7464 -0.5667
vn 0.2193 0.8928 -0.3934
vn 0.2477 0.8947 -0.3716
vn 0.061 0.9855 -0.1584
vn 0.0943 0.9708 -0.2205
vn 0.1889 0.8912 -0.4124
vn 0.1569 0.8898 -0.4286
vn 0.2492 0.7415 -0.6229
vn -0.0175 0.9776 -0.2099
vn -0.089 0.8877 -0.4517
vn -0.1964 0.7398 -0.6436
vn -0.1964 0.7397 -0.6436
vn -0.3251 0.5429 -0.7743
vn -0.4558 0.3108 -0.8341
vn -0.4557 0.3108 -0.8341
vn -0.4557 0.3109 -0.8341
vn -0.024 0.9881 -0.152
vn -0.0642 0.9715 -0.2284
vn -0.0513 0.9829 -0.1768
vn -0.0364 0.9884 -0.1476
vn -0.0943 0.9708 -0.2205
vn -0.2193 0.8929 -0.3933
vn -0.2193 0.8928 -0.3934
vn -0.2194 0.8929 -0.3932
vn -0.3487 0.7465 -0.5667
vn -0.3488 0.7465 -0.5667
vn -0.3488 0.7464 -0.5667
vn -0.3005 0.7438 -0.5971
vn -0.3004 0.7438 -0.597
vn -0.2495 0.7416 -0.6227
vn -0.1235 0.8886 -0.4417
vn -0.0341 0.9729 -0.2285
vn -0.0368 0.9802 -0.1944
vn -0.1569 0.8898 -0.4286
vn -0.1889 0.8912 -0.4124
vn -0.0688 0.9899 -0.1238
vn -0.0696 0.9898 -0.1242
vn -0.0698 0.9898 -0.1242
vn -0.0706 0.9897 -0.1246
vn -0.353 0.9073 -0.2285
vn -0.353 0.9073 -0.2286
vn -0.5811 0.7741 -0.2512
vn -0.7761 0.5915 -0.2186
vn -0.9177 0.3715 -0.141
vn -0.9177 0.3715 -0.1409
vn -0.9485 0.3128 -0.0497
vn -0.9933 -0.086 0.0778
vn -0.9116 0.394 0.1171
vn -0.783 0.6173 0.0762
vn -0.601 0.7987 0.03
vn -0.3779 0.9257 -0.0182
vn -0.1514 0.9866 -0.0611
vn -0.0675 0.9951 -0.0716
vn -0.114 0.9919 -0.0566
vn -0.1346 0.9902 -0.0371
vn -0.0631 0.9962 -0.0601
vn -0.1163 0.9927 -0.0311
vn -0.1129 0.9932 -0.0267
vn -0.1121 0.9934 -0.0257
vn -0.3287 0.9374 0.1154
vn -0.4912 0.8214 0.2899
vn -0.5931 0.652 0.4724
vn -0.63 0.4398 0.6401
vn -0.63 0.4397 0.6401
vn -0.6094 0.0155 0.7927
vn -0.5082 0.3729 0.7763
vn -0.4176 0.4528 0.7878
vn -0.4176 0.4527 0.7878
vn -0.3587 0.6677 0.6523
vn -0.2753 0.8374 0.4722
vn -0.1731 0.95 0.2599
vn -0.0455 0.999 0.0027
vn -0.031 0.9993 -0.0227
vn -0.0611 0.9958 0.0688
vn -0.0254 0.9997 0.0006
vn -0.0196 0.9997 -0.016
vn -0.0319 0.9961 0.0821
vn -0.0359 0.9534 0.2994
vn -0.0359 0.9535 0.2994
vn 0 0.8431 0.5377
vn 0 0.843 0.5378
vn 0 0.8431 0.5378
vn 0.0743 0.6749 0.7341
vn 0.0743 0.6749 0.7342
vn 0.1723 0.4601 0.871
vn 0.1723 0.46 0.871
vn 0.2219 -0.4793 0.8491
vn 0.1744 0.4329 0.8844
vn 0.0849 -0.3416 0.936
vn 0.0772 -0.4306 0.8992
vn 0 0.4403 0.8979
vn -0.0865 0.4611 0.8831
vn -0.148 0.674 0.7238
vn -0.1692 0.841 0.5139
vn -0.1691 0.841 0.5139
vn -0.1403 0.9513 0.2745
vn -0.1063 0.9523 0.2861
vn -0.1063 0.9523 0.286
vn -0.0714 0.953 0.2944
vn -0.0571 0.8429 0.5351
vn -0.057 0.8429 0.5351
vn 0 0.6752 0.7376
vn 0.0865 0.4611 0.8831
vn 0 0.4614 0.8872
vn -0.1588 0.9754 -0.1526
vn -0.3654 0.9102 -0.195
vn -0.5957 0.7789 -0.1963
vn -0.5957 0.7789 -0.1962
vn -0.7882 0.5979 -0.1455
vn -0.7882 0.598 -0.1455
vn -0.9238 0.379 -0.0549
vn -0.9237 0.3791 -0.0549
vn -0.9238 0.3788 -0.0548
vn -0.0715 0.9928 -0.0966
vn -0.0968 0.9905 -0.0981
vn -0.1622 0.9827 -0.0898
vn -0.0703 0.994 -0.0838
vn -0.1071 0.9911 -0.0791
vn -0.3821 0.9226 -0.0537
vn -0.6077 0.7937 -0.0265
vn -0.6077 0.7938 -0.0265
vn -0.609 0.7888 -0.0833
vn -0.609 0.7888 -0.0834
vn -0.605 0.7838 -0.1401
vn -0.3746 0.9132 -0.1604
vn -0.3745 0.9132 -0.1604
vn -0.0843 0.99 -0.1132
vn -0.0801 0.9905 -0.1121
vn -0.0756 0.9909 -0.111
vn -0.165 0.9788 -0.1211
vn -0.3804 0.9163 -0.1251
vn -0.3806 0.9163 -0.1251
vn -0.383 0.9194 -0.0895
vn -0.383 0.9194 -0.0896
vn -0.3829 0.9194 -0.0895
vn -0.1137 0.9933 -0.0186
vn -0.3088 0.94 0.1453
vn -0.4553 0.8253 0.3339
vn -0.4553 0.8253 0.3341
vn -0.4552 0.8253 0.3341
vn -0.5411 0.6566 0.5254
vn -0.564 0.4446 0.6959
vn -0.0498 0.998 -0.0395
vn -0.1025 0.9945 0.0233
vn -0.0676 0.9977 0.0008
vn -0.0411 0.9987 -0.0306
vn -0.0851 0.9952 0.0484
vn -0.2043 0.9485 0.2423
vn -0.2043 0.9485 0.2422
vn -0.325 0.8349 0.4442
vn -0.3249 0.8349 0.4442
vn -0.3718 0.8321 0.4115
vn -0.3718 0.8321 0.4116
vn -0.4153 0.8289 0.3748
vn -0.2863 0.9424 0.173
vn -0.3088 0.94 0.1452
vn -0.1127 0.9936 -0.0039
vn -0.0908 0.9958 -0.0061
vn -0.2863 0.9424 0.1731
vn -0.2612 0.9446 0.1987
vn -0.2612 0.9446 0.1986
vn -0.2338 0.9467 0.2216
vn -0.2338 0.9467 0.2217
vn -0.2338 0.9467 0.2218
vn -0.0077 1 -0.0048
vn -0.005 1 -0.0081
vn -0.0073 0.9999 -0.0074
vn 0 0.9536 0.3011
vn 0.0571 0.843 0.5349
vn 0.057 0.8429 0.535
vn 0.057 0.8429 0.5351
vn 0.148 0.674 0.7238
vn 0.2566 0.4583 0.851
vn 0.2565 0.4582 0.851
vn 0.3451 0.4109 0.8439
vn 0.4451 -0.096 0.8903
vn 0.4929 0.449 0.7453
vn -0.0772 -0.4306 0.8992
vn -0.0849 -0.3416 0.936
vn -0.1723 0.4601 0.871
vn -0.1723 0.46 0.871
vn -0.2204 0.6725 0.7065
vn -0.2232 0.8394 0.4955
vn -0.2232 0.8394 0.4956
vn -0.1744 0.4329 0.8844
vn -0.2564 0.4583 0.851
vn -0.2565 0.4582 0.851
vn -0.2566 0.4582 0.851
vn -0.2908 0.6704 0.6827
vn -0.2908 0.6704 0.6826
vn -0.3524 -0.5175 0.7798
vn -0.4451 -0.096 0.8903
vn -0.4678 -0.5471 0.6942
vn -0.6588 0.3181 0.6817
vn -0.5676 -0.5694 0.5946
vn -0.7907 0.2451 0.561
vn -0.7929 0.4222 0.4393
vn -0.7929 0.4222 0.4394
vn -0.7162 0.6359 0.2876
vn -0.7162 0.6359 0.2877
vn -0.5719 0.8083 0.1399
vn -0.5719 0.8083 0.1398
vn -0.3704 0.9287 0.0168
vn -0.3596 0.9317 0.0509
vn -0.3457 0.9346 0.0839
vn -0.3456 0.9346 0.0839
vn -0.5228 0.8173 0.2425
vn -0.5227 0.8173 0.2425
vn -0.6399 0.6469 0.4147
vn -0.6905 0.4344 0.5783
vn -0.7463 0.1111 0.6563
vn -0.6514 -0.5852 0.4829
vn -0.8491 0.1881 0.4936
vn -0.8339 0.4155 0.3633
vn -0.8339 0.4156 0.3633
vn -0.7451 0.6299 0.2193
vn -0.589 0.8036 0.0856
vn -0.589 0.8036 0.0857
vn -0.8963 0.1528 0.4162
vn -0.8675 0.4086 0.2838
vn -0.7674 0.6237 0.1486
vn -0.7675 0.6236 0.1486
vn -0.601 0.7987 0.0299
vn -0.7684 -0.5978 0.2284
vn -0.9486 0.2873 0.1326
vn -0.7998 -0.5938 0.088
vn -0.9699 -0.2241 -0.0951
vn -0.782 -0.4957 -0.3777
vn -0.7698 0.3364 -0.5425
vn -0.7698 0.3363 -0.5425
vn -0.6172 0.5626 -0.5501
vn -0.6172 0.5625 -0.5501
vn -0.4358 0.7529 -0.4932
vn -0.2477 0.8947 -0.3716
vn -0.2741 0.8969 -0.347
vn -0.6662 -0.5678 -0.4835
vn -0.7187 -0.4309 -0.5457
vn -0.6702 0.2911 -0.6827
vn -0.5436 -0.6154 -0.5707
vn -0.6251 -0.3202 -0.7119
vn -0.4134 -0.6499 -0.6378
vn -0.392 0.2129 -0.895
vn -0.2782 -0.6732 -0.6852
vn -0.2256 0.1554 -0.9618
vn -0.1295 0.3012 -0.9447
vn -0.1295 0.3011 -0.9447
vn -0.0372 0.537 -0.8427
vn -0.0372 0.537 -0.8428
vn 0.0285 0.737 -0.6753
vn 0.0538 0.8871 -0.4584
vn 0.0537 0.8871 -0.4584
vn 0.018 0.8868 -0.4617
vn 0.018 0.8868 -0.4618
vn 0.018 0.8869 -0.4617
vn -0.018 0.8869 -0.4616
vn -0.018 0.8869 -0.4617
vn -0.0855 0.7374 -0.67
vn -0.0854 0.7375 -0.67
vn -0.0854 0.7374 -0.67
vn -0.1844 0.5387 -0.8221
vn -0.2979 0.3046 -0.9047
vn -0.3223 -0.0987 -0.9415
vn -0.1398 -0.6867 -0.7134
vn -0.1397 -0.0006 -0.9902
vn -0.0433 0.3004 -0.9528
vn 0.0373 0.5365 -0.8431
vn 0.0372 0.5371 -0.8427
vn 0.0372 0.5369 -0.8428
vn 0.0854 0.7374 -0.67
vn 0.0854 0.7375 -0.67
vn -0.0462 0.0844 -0.9954
vn 0.0433 0.3004 -0.9528
vn 0.1113 0.5376 -0.8358
vn 0.0854 0.7375 -0.6699
vn 0.1398 -0.6867 -0.7134
vn 0.2256 0.1554 -0.9618
vn 0.2782 -0.6732 -0.6852
vn 0.4889 -0.207 -0.8474
vn 0.7187 -0.4309 -0.5457
vn 0.7698 0.3363 -0.5425
vn 0.6994 0.5733 -0.4268
vn 0.5614 0.7694 -0.3046
vn 0.3655 0.9102 -0.195
vn 0.353 0.9072 -0.2287
vn 0.7679 -0.5236 -0.369
vn 0.782 -0.4957 -0.3777
vn 0.8607 0.3247 -0.3922
vn 0.8016 -0.5589 -0.2125
vn 0.8969 -0.3639 -0.2514
vn 0.8114 -0.5814 -0.0595
vn 0.9485 0.3128 -0.0497
vn 0.7998 -0.5937 0.088
vn 0.9486 0.2873 0.1326
vn 0.8935 0.4014 0.2014
vn 0.8935 0.4014 0.2015
vn 0.7451 0.6298 0.2193
vn 0.7451 0.6299 0.2193
vn 0.5497 0.8129 0.1923
vn 0.5497 0.8129 0.1925
vn 0.5497 0.8129 0.1924
vn 0.3287 0.9374 0.1154
vn 0.3287 0.9373 0.1154
vn 0.3457 0.9346 0.0839
vn 0.3457 0.9346 0.084
vn 0.3596 0.9317 0.0509
vn 0.589 0.8036 0.0857
vn 0.783 0.6173 0.0762
vn 0.783 0.6174 0.0762
vn 0.9218 0.3865 0.0314
vn 0.9217 0.3865 0.0314
vn 0.9217 0.3868 0.0312
vn 0.9933 -0.086 0.0778
vn 0.7684 -0.5978 0.2284
vn 0.9667 0.0417 0.2523
vn 0.8675 0.4086 0.2838
vn 0.7162 0.6359 0.2876
vn 0.5228 0.8173 0.2425
vn 0.5227 0.8173 0.2425
vn 0.3089 0.9399 0.1452
vn 0.9162 0.2463 0.3159
vn 0.8339 0.4156 0.3633
vn 0.8339 0.4155 0.3633
vn 0.681 0.6416 0.353
vn 0.6811 0.6415 0.353
vn 0.6514 -0.5852 0.4829
vn 0.7907 0.2451 0.561
vn 0.5676 -0.5695 0.5946
vn 0.6094 0.0155 0.7927
vn 0.4678 -0.5471 0.6942
vn 0.5082 0.3729 0.7763
vn 0.3524 -0.5175 0.7798
vn 0.265 -0.2177 0.9394
vn 0.0286 0.737 -0.6753
vn -0.018 0.8868 -0.4617
vn 0.0372 0.537 -0.8428
vn -0.0285 0.737 -0.6753
vn -0.0286 0.737 -0.6753
vn -0.0372 0.5369 -0.8428
vn 0.048 0.9887 -0.1418
vn 0.2978 0.8992 -0.3204
vn 0.6662 -0.5678 -0.4835
vn 0.7774 0.3133 -0.5455
vn 0.8143 0.3428 -0.4685
vn 0.8143 0.3428 -0.4684
vn 0.7315 0.5792 -0.3599
vn 0.5614 0.7694 -0.3047
vn 0.8516 0.3496 -0.3906
vn 0.0675 0.9951 -0.0716
vn 0.8963 0.1528 0.4162
vn 0.7929 0.4222 0.4393
vn 0.031 0.9993 -0.0227
vn -0.0069 0.9999 -0.0106
vn 0 0.9962 0.0867
vn 0.0359 0.9535 0.2994
vn 0.1136 0.8422 0.5271
vn 0.2204 0.6725 0.7065
vn 0.3387 0.4558 0.8231
vn 0.3385 0.4558 0.8232
vn 0.3385 0.4559 0.8232
vn -0.265 -0.2177 0.9394
vn -0.3385 0.4558 0.8232
vn -0.3385 0.4559 0.8232
vn -0.7186 -0.5947 0.3604
vn -0.9163 0.2463 0.3159
vn -0.8935 0.4014 0.2014
vn -0.9667 0.0417 0.2523
vn -0.0711 0.9914 -0.1099
vn -0.7679 -0.5236 -0.369
vn -0.7774 0.3133 -0.5455
vn -0.7186 0.3302 -0.6121
vn -0.7186 0.3302 -0.612
vn -0.5678 0.5576 -0.6055
vn -0.7187 0.3302 -0.612
vn -0.661 0.3246 -0.6765
vn -0.661 0.3246 -0.6766
vn -0.0123 0.9879 -0.1543
vn -0.1296 0.3011 -0.9447
vn -0.0743 0.6749 0.7342
vn -0.0742 0.6749 0.7341
vn 0.0714 0.953 0.2944
vn 0.1063 0.9523 0.2861
vn 0.0359 0.9534 0.2994
vn 0.1692 0.841 0.5139
vn 0.1691 0.841 0.5139
vn 0.2908 0.6704 0.6827
vn 0.4176 0.4528 0.7878
vn 0.4176 0.4527 0.7878
vn 0.2204 0.6724 0.7066
vn 0.1136 0.8421 0.5272
vn 0.2232 0.8394 0.4956
vn 0.2232 0.8394 0.4955
vn 0.3587 0.6677 0.6523
vn 0.4844 0.6608 0.5733
vn 0.5411 0.6566 0.5254
vn 0.5412 0.6566 0.5254
vn 0.5931 0.652 0.4724
vn 0.5931 0.652 0.4723
vn 0.6905 0.4344 0.5783
vn 0.63 0.4398 0.6401
vn 0.5411 0.6567 0.5254
vn 0.8491 0.188 0.4936
vn 0.5498 0.8129 0.1924
vn 0.7186 -0.5947 0.3604
vn 0.572 0.8083 0.1397
vn 0.5719 0.8083 0.1398
vn 0.5719 0.8083 0.1399
vn 0.745 0.6299 0.2194
vn 0.7674 0.6237 0.1486
vn 0.9116 0.394 0.1171
vn 0.9217 0.3866 0.0314
vn 0.7882 0.5979 -0.1455
vn 0.7882 0.598 -0.1455
vn 0.9035 0.364 -0.2261
vn 0.7761 0.5915 -0.2186
vn 0.7761 0.5916 -0.2186
vn 0.5075 0.7606 -0.4048
vn 0.7698 0.3364 -0.5425
vn 0.6174 0.5623 -0.55
vn 0.6172 0.5625 -0.5501
vn 0.6172 0.5626 -0.5501
vn 0.3915 0.5458 -0.7408
vn 0.3251 0.5429 -0.7743
vn 0.2558 0.5405 -0.8015
vn 0.2559 0.5406 -0.8014
vn 0.2979 0.3046 -0.9047
vn 0.529 0.3149 -0.788
vn 0.1113 0.5375 -0.8359
vn 0 -0.6911 -0.7228
vn 0.0462 0.0844 -0.9954
vn 0.1397 -0.0006 -0.9902
vn 0.1295 0.3011 -0.9447
vn 0.1296 0.3012 -0.9447
vn 0.1295 0.3012 -0.9447
vn 0.1295 0.3011 -0.9448
vn -0.1113 0.5376 -0.8358
vn -0.1113 0.5375 -0.8359
vn -0.0854 0.7375 -0.6699
vn -0.1415 0.7384 -0.6594
vn -0.2558 0.5406 -0.8015
vn -0.2147 0.3026 -0.9286
vn -0.2146 0.3025 -0.9286
vn -0.2146 0.3026 -0.9286
vn -0.2146 0.3025 -0.9287
vn -0.3915 0.5458 -0.7408
vn -0.529 0.3149 -0.788
vn -0.529 0.315 -0.788
vn -0.3915 0.5459 -0.7408
vn -0.4544 0.5493 -0.7013
vn -0.529 0.3149 -0.7881
vn -0.5133 0.5532 -0.6561
vn -0.5679 0.5576 -0.6055
vn -0.6172 0.5625 -0.5502
vn -0.5075 0.7606 -0.4048
vn -0.6612 0.5678 -0.4903
vn -0.6994 0.5733 -0.4268
vn -0.6993 0.5733 -0.4269
vn -0.353 0.9072 -0.2286
vn -0.8814 0.3567 -0.3095
vn -0.7761 0.5915 -0.2185
vn -0.7935 0.6044 -0.0716
vn -0.7917 0.6109 0.0025
vn -0.9217 0.3865 0.0314
vn -0.9217 0.3865 0.0315
vn -0.9239 0.3788 -0.0548
vn -0.7934 0.6044 -0.0716
vn -0.7451 0.6298 0.2193
vn -0.5497 0.8129 0.1924
vn -0.5498 0.8128 0.1924
vn -0.8338 0.4156 0.3633
vn -0.4911 0.8214 0.2899
vn -0.681 0.6416 0.3529
vn -0.6811 0.6415 0.353
vn -0.745 0.4285 0.5112
vn -0.0572 0.9971 -0.0493
vn -0.2338 0.9466 0.2218
vn -0.4844 0.6608 0.5733
vn -0.4929 0.449 0.7453
vn -0.5639 0.4447 0.6959
vn -0.4234 0.6645 0.6158
vn -0.3451 0.4109 0.8439
vn -0.2204 0.6724 0.7066
vn -0.2219 -0.4793 0.8491
vn -0.1136 0.8422 0.5271
vn -0.1137 0.8422 0.5271
vn 0.0003 -0.9962 0.0869
vn 0.0004 -0.9962 0.0871
vn 0.0003 0.9962 -0.0873
vn -0.1119 -0.0866 -0.9899
vn -0.112 -0.0866 -0.9899
vn -0.3302 -0.0822 -0.9403
vn -0.3304 -0.0822 -0.9403
vn -0.5321 -0.0738 -0.8434
vn -0.5321 -0.0738 -0.8435
vn -0.7071 -0.0616 -0.7044
vn -0.7072 -0.0616 -0.7043
vn -0.5325 -0.0737 -0.8432
vn -0.7069 -0.0617 -0.7046
vn -0.8467 -0.0464 -0.53
vn -0.8465 -0.0464 -0.5304
vn -0.9439 -0.0288 -0.3291
vn -0.9439 -0.0288 -0.3289
vn -0.9937 -0.0098 -0.1117
vn -0.9937 -0.0098 -0.1116
vn -0.8467 -0.0464 -0.5301
vn -0.9439 -0.0288 -0.329
vn 0.9952 -0.0085 -0.0975
vn 0.9569 -0.0253 -0.2894
vn 0.8819 -0.0411 -0.4696
vn 0.7731 -0.0553 -0.6318
vn 0.6343 -0.0674 -0.7702
vn 0.4717 -0.0769 -0.8784
vn 0.471 -0.0769 -0.8788
vn 0.4712 -0.0769 -0.8787
vn 0.2903 -0.0834 -0.9533
vn 0.2902 -0.0834 -0.9533
vn 0.2899 -0.0834 -0.9534
vn 0.0983 -0.0867 -0.9914
vn 0.098 0.0867 0.9914
vn 0.0978 0.0867 0.9914
vn 0.0983 0.0868 0.9914
vn 0.2905 0.0834 0.9532
vn 0.4712 0.0769 0.8787
vn 0.6344 0.0674 0.7701
vn 0.6343 0.0674 0.7701
vn 0.6346 0.0674 0.7699
vn 0.8819 0.0411 0.4696
vn 0.882 0.0411 0.4695
vn 0.8821 0.0411 0.4692
vn 0.9952 0.0085 0.0975
vn 0.634 0.0674 0.7704
vn -0.9937 0.0099 0.1117
vn -0.9937 0.0098 0.1116
vn -0.9937 0.0098 0.1117
vn -0.9439 0.0288 0.3291
vn -0.9439 0.0288 0.329
vn -0.8465 0.0464 0.5304
vn -0.7073 0.0615 0.7043
vn -0.7069 0.0617 0.7046
vn -0.7072 0.0616 0.7044
vn -0.5321 0.0738 0.8435
vn -0.5322 0.0738 0.8434
vn -0.5321 0.0738 0.8434
vn -0.3303 0.0823 0.9403
vn -0.3302 0.0823 0.9403
vn -0.1119 0.0866 0.9899
vn -0.112 0.0866 0.9899
vn -0.3304 0.0823 0.9403
vn 0 -0.9527 0.3039
vn 0 -0.9528 0.3037
vn 0 -0.9041 0.4274
vn 0 -0.9042 0.4271
vn 0 -0.8397 0.5431
vn 0 -0.8394 0.5435
vn 0 -0.7602 0.6497
vn 0 -0.7604 0.6495
vn 0 -0.6675 0.7446
vn 0 -0.6676 0.7445
vn 0 -0.563 0.8265
vn 0 -0.5634 0.8262
vn 0 -0.5631 0.8264
vn 0 -0.4486 0.8937
vn 0 -0.3262 0.9453
vn 0 -0.3259 0.9454
vn 0 -0.198 0.9802
vn 0 -0.0664 0.9978
vn 0 -0.9582 0.286
vn 0 -0.9582 0.2861
vn 0 -0.9267 0.3759
vn 0 -0.8867 0.4624
vn 0 -0.8386 0.5447
vn 0 -0.8386 0.5448
vn 0 -0.7827 0.6224
vn 0 -0.7198 0.6942
vn 0 -0.6502 0.7597
vn 0 -0.5751 0.8181
vn 0 -0.4944 0.8693
vn 0 -0.4091 0.9125
vn 0 -0.3205 0.9473
vn 0 -0.2285 0.9736
vn 0 -0.1346 0.9909
vn 0 -0.8865 0.4627
vn 0 0.0253 0.9997
vn 0 0.2468 0.9691
vn 0 0.4562 0.8899
vn 0 0.4563 0.8898
vn 0 0.643 0.7658
vn 0 0.643 0.7659
vn 0 0.4561 0.8899
vn 0 0.6429 0.766
vn 0 0.7971 0.6038
vn 0 0.9116 0.4111
vn 0 0.9802 0.1978
vn 0.0001 0.0871 -0.9962
vn 0.0002 -0.0871 0.9962
vn 0.0001 0.0871 0.9962
vn 0 0.0866 0.9962
vn 0.0021 0.0873 0.9962
vn 0.0089 0.087 0.9962
vn 0.0089 0.0874 0.9961
vn 0 0.088 0.9961
vn 0 0.9802 -0.1978
vn 0 0.9116 -0.4111
vn 0 0.7971 -0.6038
vn 0 0.643 -0.7659
vn 0 0.643 -0.7658
vn 0 0.6429 -0.766
vn 0 0.4562 -0.8899
vn 0 0.4561 -0.8899
vn 0 0.2466 -0.9691
vn 0 0.2468 -0.9691
vn 0 0.0253 -0.9997
vn 0 -0.1521 -0.9884
vn 0 -0.2798 -0.9601
vn 0 -0.4029 -0.9152
vn 0 -0.4026 -0.9154
vn 0 -0.5188 -0.8549
vn 0 -0.5191 -0.8547
vn 0 -0.5187 -0.855
vn 0 -0.626 -0.7798
vn 0 -0.6256 -0.7801
vn 0 -0.7222 -0.6917
vn 0 -0.7225 -0.6914
vn 0 -0.7226 -0.6913
vn 0 -0.8066 -0.591
vn 0 -0.8064 -0.5913
vn 0 -0.8765 -0.4814
vn 0 -0.932 -0.3624
vn 0 -0.9713 -0.2377
vn 0 -0.9941 -0.1086
vn 0 -0.9941 -0.1089
vn 0 -0.9998 0.0218
vn 0 -0.9998 0.0217
vn 0 -0.9998 0.0222
vn 0 -0.4025 -0.9154
vn 0 -0.8065 -0.5913
vn 0 -0.1981 -0.9802
vn 0 -0.4112 -0.9116
vn 0 -0.4112 -0.9115
vn 0 -0.604 -0.797
vn 0 -0.6039 -0.7971
vn 0 -0.7658 -0.643
vn 0 -0.7659 -0.643
vn 0 -0.766 -0.6429
vn 0 -0.8899 -0.4562
vn 0 -0.8898 -0.4563
vn 0 -0.9691 -0.2466
vn 0 -0.9691 -0.2468
vn 0 -0.9997 -0.0253
vn 0 -0.9691 -0.2465
vn 0 0.9802 -0.1981
vn 0 0.797 -0.604
vn 0 0.7971 -0.6039
vn 0 0.0249 -0.9997
vn 0.0002 -0.0871 -0.9962
vn 0 -0.9584 0.2856
vn 0 -0.8384 0.545
vn 0 -0.5748 0.8183
vn 0 -0.4944 0.8692
vn 0 -0.8383 0.5451
vn 0 -0.6674 0.7447
vn 0 0.2471 -0.969
vn 0 0.4563 -0.8898
vn 0 0.9801 -0.1983
vn 0 -0.969 -0.2471
vn 0 -0.6038 -0.7971
vn 0 -0.4113 -0.9115
vn -0.0089 0.087 0.9962
vn -0.0021 0.0873 0.9962
vn -0.0089 0.0874 0.9961
vn -0.0055 0.1497 -0.9887
vn -0.0005 0.1302 -0.9915
vn 0.0005 0.3791 -0.9254
vn -0.0002 0.3817 -0.9243
vn 0.0002 0.38 -0.925
vn -0.0005 0.3827 -0.9239
vn 0.0002 0.6065 -0.7951
vn 0.0005 0.6056 -0.7958
vn -0.0017 0.6079 -0.794
vn 0.0001 0.7914 -0.6113
vn 0.0005 0.7912 -0.6116
vn -0.0004 0.7928 -0.6095
vn 0.0008 0.9226 -0.3857
vn 0.0005 0.9223 -0.3865
vn -0.0001 0.9234 -0.3839
vn 0.0002 0.9911 -0.1334
vn 0.0005 0.991 -0.1339
vn -0.0005 0.9914 -0.1312
vn 0.0004 0.9919 0.1273
vn 0.0005 0.9919 0.1267
vn -0.0002 0.9916 0.1295
vn 0.0002 0.925 0.38
vn 0.0006 0.9255 0.3786
vn -0.0002 0.9243 0.3818
vn 0.0002 0.7951 0.6065
vn 0.0005 0.7957 0.6056
vn -0.0016 0.7939 0.6081
vn 0.0002 0.6114 0.7914
vn 0.0005 0.6115 0.7912
vn -0.0004 0.6094 0.7928
vn 0.0008 0.3856 0.9227
vn 0.0005 0.3864 0.9223
vn -0.0001 0.3839 0.9234
vn 0.0002 0.1334 0.9911
vn 0.0005 0.1339 0.991
vn -0.0005 0.1313 0.9913
vn 0.0004 -0.1274 0.9919
vn 0.0005 -0.1264 0.992
vn -0.0002 -0.1295 0.9916
vn 0.0003 -0.38 0.925
vn 0.0005 -0.3791 0.9254
vn -0.0002 -0.3818 0.9243
vn 0.0002 -0.6065 0.7951
vn 0.0005 -0.6056 0.7958
vn -0.0018 -0.6078 0.7941
vn 0.0001 -0.7914 0.6113
vn 0.0005 -0.7912 0.6116
vn -0.0005 -0.7928 0.6095
vn 0.0008 -0.9227 0.3855
vn 0.0005 -0.9224 0.3863
vn -0.0001 -0.9234 0.3839
vn 0.0002 -0.9911 0.1334
vn 0.0005 -0.9909 0.1344
vn -0.0005 -0.9913 0.1313
vn 0.0004 -0.9919 -0.1274
vn 0.0005 -0.9919 -0.1267
vn -0.0002 -0.9916 -0.1294
vn 0.0002 -0.925 -0.38
vn 0.0006 -0.9255 -0.3786
vn -0.0002 -0.9243 -0.3818
vn 0.0002 -0.7951 -0.6065
vn 0.0005 -0.7958 -0.6056
vn -0.0019 -0.7946 -0.6072
vn 0.0001 -0.6113 -0.7914
vn 0.0005 -0.6116 -0.7912
vn -0.0004 -0.6095 -0.7928
vn 0.0008 -0.3857 -0.9226
vn 0.0005 -0.3864 -0.9223
vn -0.0001 -0.384 -0.9234
vn 0.0004 -0.1578 -0.9875
vn -0.0065 -0.1302 -0.9915
vn -0.0005 0.6088 -0.7933
vn -0.0005 0.7933 -0.6088
vn -0.0005 0.9239 -0.3825
vn -0.0005 0.9914 -0.1307
vn -0.0005 0.9915 0.1301
vn -0.0006 0.9238 0.3828
vn -0.0005 0.7934 0.6088
vn -0.0002 0.6092 0.793
vn -0.0005 0.3827 0.9239
vn -0.0005 0.1302 0.9915
vn -0.0005 -0.1305 0.9914
vn -0.0005 -0.3827 0.9239
vn -0.0005 -0.6088 0.7933
vn -0.0005 -0.7933 0.6088
vn -0.0005 -0.9239 0.3826
vn -0.0005 -0.9914 0.1306
vn -0.0005 -0.9914 -0.1305
vn -0.0005 -0.9239 -0.3827
vn -0.0005 -0.793 -0.6092
vn -0.0005 -0.6088 -0.7933
vn -0.0005 -0.3826 -0.9239
vn 0 -0.8767 -0.4811
vn 0 -0.6259 -0.7799
vn -0.0001 0.0872 0.9962
vn -0.0001 0.0871 0.9962
vn -0.0001 0.0871 -0.9962
vn -0.0002 -0.0871 0.9962
vn 0 0.2466 0.9691
vn 0.0001 -0.0872 0.9962
vn -0.0001 -0.0872 0.9962
vn 0.0001 -0.0873 0.9962
vn -0.0002 -0.0871 -0.9962
usemtl black_metal
s 1
f 3//1 2//1 1//1
f 2//2 4//2 1//2
f 4//2 5//2 1//2
f 6//3 5//4 4//3
f 7//3 5//4 6//3
f 9//5 7//5 8//5
f 11//7 9//7 10//6
f 13//8 11//8 12//8
f 15//9 13//9 14//9
f 17//10 15//10 16//10
f 19//12 17//11 18//11
f 21//14 19//13 20//13
f 23//15 21//15 22//15
f 25//17 23//17 24//16
f 27//19 25//19 26//18
f 29//20 27//21 28//20
f 31//22 29//22 30//22
f 33//23 31//23 32//23
f 35//25 33//25 34//24
f 37//28 35//27 36//26
f 39//30 37//30 38//29
f 41//33 39//32 40//31
f 43//34 41//34 42//34
f 45//35 43//35 44//35
f 47//36 45//36 46//36
f 49//37 47//37 48//37
f 51//40 49//39 50//38
f 53//41 51//41 52//41
f 55//43 53//43 54//42
f 57//44 55//44 56//44
f 3//45 57//45 58//45
f 3//1 58//1 2//1
f 8//5 7//5 6//5
f 10//6 9//7 8//6
f 12//8 11//8 10//8
f 14//9 13//9 12//9
f 16//10 15//10 14//10
f 18//11 17//11 16//46
f 20//13 19//13 18//13
f 22//15 21//15 20//47
f 24//16 23//17 22//48
f 26//18 25//19 24//18
f 28//20 27//21 26//20
f 30//22 29//22 28//22
f 32//23 31//23 30//23
f 34//24 33//25 32//24
f 36//26 35//27 34//49
f 38//29 37//30 36//50
f 40//31 39//32 38//32
f 42//34 41//34 40//34
f 44//35 43//35 42//35
f 46//36 45//36 44//36
f 48//37 47//37 46//37
f 50//38 49//39 48//38
f 52//41 51//41 50//41
f 54//42 53//43 52//43
f 56//44 55//44 54//44
f 58//45 57//45 56//45
f 1//52 57//52 3//51
f 5//53 57//52 1//52
f 55//53 57//52 5//53
f 53//53 55//53 7//53
f 51//55 53//53 9//54
f 49//51 51//55 11//51
f 47//55 49//51 13//56
f 45//57 47//55 15//57
f 43//55 45//57 17//55
f 41//58 43//55 19//58
f 39//54 41//58 21//54
f 37//59 39//54 23//57
f 35//51 37//59 25//51
f 33//55 35//51 27//55
f 31//51 33//55 29//58
f 33//55 27//55 29//58
f 7//53 55//53 5//53
f 9//54 53//53 7//53
f 11//51 51//55 9//54
f 13//56 49//51 11//51
f 15//57 47//55 13//56
f 17//55 45//57 15//57
f 19//58 43//55 17//55
f 21//54 41//58 19//58
f 23//57 39//54 21//54
f 25//51 37//59 23//57
f 27//55 35//51 25//51
f 61//60 60//60 59//60
f 62//60 60//60 61//60
f 63//60 60//60 62//60
f 63//60 62//60 64//60
f 62//60 65//60 64//60
f 65//60 66//60 64//60
f 66//60 67//60 64//60
f 68//60 67//60 66//60
f 69//60 67//60 68//60
f 71//60 69//60 70//60
f 73//60 71//60 72//60
f 71//60 70//60 72//60
f 70//60 69//60 68//60
f 73//60 74//60 71//60
f 75//60 74//60 73//60
f 76//60 74//60 75//60
f 78//60 76//60 77//60
f 76//60 75//60 77//60
f 79//60 76//60 78//60
f 80//60 76//60 79//60
f 82//60 80//60 81//60
f 84//60 82//60 83//60
f 86//60 84//60 85//60
f 86//60 85//60 87//60
f 85//60 88//60 87//60
f 89//60 88//60 85//60
f 91//60 89//60 90//60
f 91//60 90//60 92//60
f 90//60 93//60 92//60
f 93//60 94//60 92//60
f 94//60 95//60 92//60
f 95//60 96//60 92//60
f 96//60 97//60 92//60
f 97//60 98//60 92//60
f 98//60 99//60 92//60
f 99//60 100//60 92//60
f 100//60 101//60 92//60
f 101//60 102//60 92//60
f 102//60 103//60 92//60
f 103//60 104//60 92//60
f 81//60 80//60 79//60
f 106//60 81//60 105//60
f 106//60 105//60 107//60
f 105//60 108//60 107//60
f 109//60 108//60 105//60
f 109//60 105//60 110//60
f 105//60 111//60 110//60
f 112//60 111//60 105//60
f 112//60 105//60 113//60
f 105//60 114//60 113//60
f 115//60 114//60 105//60
f 115//60 105//60 116//60
f 105//60 117//60 116//60
f 83//60 82//60 81//60
f 85//60 84//60 83//60
f 85//60 83//60 118//60
f 83//60 119//60 118//60
f 119//60 120//60 118//60
f 120//60 121//60 118//60
f 121//60 122//60 118//60
f 122//60 123//60 118//60
f 123//60 124//60 118//60
f 90//60 89//60 85//60
f 90//60 125//60 93//60
f 126//60 125//60 90//60
f 127//60 125//60 126//60
f 127//60 126//60 128//60
f 126//60 129//60 128//60
f 130//60 129//60 126//60
f 130//60 126//60 131//60
f 126//60 132//60 131//60
f 105//60 81//60 79//60
f 135//61 134//61 133//61
f 136//61 134//61 135//61
f 136//61 135//61 137//61
f 135//61 138//61 137//61
f 139//61 138//61 135//61
f 139//61 135//61 140//61
f 135//61 141//61 140//61
f 142//61 141//61 135//61
f 142//61 135//61 143//61
f 146//61 145//61 144//61
f 145//61 147//61 144//61
f 148//61 147//61 145//61
f 146//61 149//61 145//61
f 150//61 149//61 146//61
f 151//61 149//61 150//61
f 153//61 151//61 152//61
f 153//61 152//61 154//61
f 152//61 155//61 154//61
f 156//61 155//61 152//61
f 156//61 152//61 157//61
f 152//61 158//61 157//61
f 159//61 158//61 152//61
f 159//61 152//61 160//62
f 149//61 162//61 161//61
f 163//61 162//61 149//61
f 164//61 163//61 151//61
f 163//61 149//61 151//61
f 162//61 166//61 165//61
f 166//61 167//61 165//61
f 167//61 168//61 165//61
f 169//61 166//61 162//61
f 169//61 162//61 170//61
f 162//61 163//61 170//61
f 163//61 171//61 170//61
f 173//61 169//61 172//61
f 166//61 169//61 173//61
f 163//61 175//61 174//61
f 175//61 176//61 174//61
f 176//61 177//61 174//61
f 177//61 178//61 174//61
f 178//61 179//61 174//61
f 179//61 180//61 174//61
f 181//61 180//61 179//61
f 183//61 181//61 182//61
f 185//61 183//61 184//61
f 183//61 182//61 184//61
f 182//61 186//61 184//61
f 186//61 187//61 184//61
f 188//61 187//61 186//61
f 182//61 181//61 179//61
f 190//61 182//61 189//61
f 182//61 179//61 189//61
f 185//61 191//61 183//61
f 163//61 192//61 175//61
f 193//61 192//61 163//61
f 193//61 163//61 194//61
f 163//61 164//61 194//61
f 152//61 151//61 150//61
f 196//61 152//61 195//61
f 152//61 150//61 195//61
f 150//61 197//61 195//61
f 198//61 197//61 150//61
f 198//61 150//61 199//61
f 150//61 200//61 199//61
f 201//61 200//61 150//61
f 201//61 150//61 202//61
f 150//61 203//61 202//61
f 152//61 205//61 204//61
f 206//61 205//61 152//61
f 206//61 152//61 207//61
f 152//61 208//61 207//61
f 209//61 208//61 152//61
f 209//61 152//61 210//61
f 152//61 211//61 210//61
f 212//61 211//61 152//61
f 212//61 152//61 213//61
f 152//61 214//61 213//61
f 215//61 214//61 152//61
f 215//61 152//61 216//61
f 152//61 217//61 216//61
f 218//61 217//61 152//61
f 218//61 152//61 219//61
f 152//61 196//61 219//61
f 222//60 221//60 220//60
f 222//60 220//60 223//60
f 226//60 225//60 224//60
f 225//60 227//60 224//60
f 227//60 228//60 224//60
f 228//60 229//60 224//60
f 229//60 230//60 224//60
f 230//60 231//60 224//60
f 231//60 232//60 224//60
f 232//60 233//60 224//60
f 233//60 234//60 224//60
f 234//60 235//60 224//60
f 235//60 236//60 224//60
f 228//60 237//60 229//60
f 238//60 237//60 228//60
f 238//60 228//60 239//60
f 228//60 240//60 239//60
f 241//60 240//60 228//60
f 241//60 228//60 242//60
f 228//60 243//60 242//60
f 244//60 243//60 228//60
f 244//60 228//60 245//60
f 228//60 246//60 245//60
f 247//60 246//60 228//60
f 247//60 228//60 248//60
f 228//60 249//60 248//60
f 250//60 249//60 228//60
f 250//60 228//60 251//60
f 228//60 252//60 251//60
f 253//60 252//60 228//60
f 228//60 255//60 254//60
f 256//60 255//60 228//60
f 256//60 228//60 257//60
f 228//60 258//60 257//60
f 259//60 258//60 228//60
f 259//60 228//60 260//60
f 228//60 261//60 260//60
f 227//60 261//60 228//60
f 262//60 227//60 225//60
f 264//60 262//60 263//60
f 264//60 263//60 265//60
f 263//60 266//60 265//60
f 266//60 267//60 265//60
f 267//60 268//60 265//60
f 262//60 269//60 227//60
f 270//60 269//60 262//60
f 270//60 262//60 271//60
f 262//60 272//60 271//60
f 273//60 272//60 262//60
f 275//60 273//60 274//60
f 275//60 274//60 276//60
f 274//60 277//60 276//60
f 278//60 277//60 274//60
f 280//60 278//60 279//60
f 278//60 274//60 279//60
f 274//60 273//60 262//60
f 281//60 278//60 280//60
f 283//60 281//60 282//60
f 283//60 282//60 284//60
f 282//60 285//60 284//60
f 287//60 281//60 286//60
f 278//60 281//60 287//60
f 283//60 288//60 281//60
f 289//60 288//60 283//60
f 290//60 288//60 289//60
f 281//60 280//60 282//60
f 264//60 291//60 262//60
f 292//60 266//60 263//60
f 293//60 266//60 292//60
f 293//60 292//60 294//60
f 263//60 225//60 295//60
f 262//60 225//60 263//60
f 226//60 222//60 225//60
f 221//60 222//60 226//60
f 297//63 254//63 296//63
f 59//63 254//63 297//63
f 160//63 254//63 59//63
f 160//63 59//63 60//63
f 254//63 152//63 228//63
f 160//63 152//63 254//63
f 300//60 299//60 298//60
f 301//60 299//60 300//60
f 302//60 299//60 301//60
f 303//60 299//60 302//60
f 304//60 299//60 303//60
f 305//60 299//60 304//60
f 306//60 299//60 305//60
f 307//60 299//60 306//60
f 308//60 299//60 307//60
f 311//64 310//65 309//64
f 312//64 310//65 311//64
f 314//66 312//64 313//66
f 314//66 313//66 315//64
f 313//66 316//64 315//64
f 314//66 317//66 312//64
f 318//66 317//66 314//66
f 311//64 313//66 312//64
f 319//66 313//66 311//64
f 319//66 311//64 320//66
f 323//68 322//67 321//67
f 324//68 322//67 323//68
f 326//68 324//68 325//68
f 328//67 326//68 327//67
f 326//68 325//68 327//67
f 326//68 329//69 324//68
f 330//70 329//69 326//68
f 325//68 332//71 331//71
f 323//68 332//71 325//68
f 323//68 325//68 324//68
f 335//72 334//72 333//72
f 336//72 334//72 335//72
f 338//72 336//72 337//72
f 338//72 337//72 339//72
f 337//72 340//72 339//72
f 338//72 341//72 336//72
f 342//72 341//72 338//72
f 335//72 337//72 336//72
f 343//72 337//72 335//72
f 343//72 335//72 344//72
f 347//73 346//73 345//73
f 348//73 346//73 347//73
f 350//73 348//73 349//73
f 352//73 350//73 351//73
f 350//73 349//73 351//73
f 350//73 353//73 348//73
f 354//73 353//73 350//73
f 349//73 356//73 355//73
f 347//73 356//73 349//73
f 347//73 349//73 348//73
f 359//76 358//75 357//74
f 360//76 358//75 359//76
f 362//76 360//76 361//76
f 362//76 361//76 363//77
f 361//76 364//77 363//77
f 362//76 365//22 360//76
f 366//22 365//22 362//76
f 359//76 361//76 360//76
f 367//22 361//76 359//76
f 367//22 359//76 368//22
f 371//78 370//78 369//78
f 372//79 370//78 371//78
f 374//79 372//79 373//78
f 376//78 374//79 375//78
f 374//79 373//78 375//78
f 374//79 377//80 372//79
f 378//79 377//80 374//79
f 373//78 380//79 379//79
f 371//78 380//79 373//78
f 371//78 373//78 372//79
f 382//55 91//55 381//81
f 91//55 92//58 381//81
f 92//58 383//58 381//81
f 383//58 384//58 381//81
f 382//55 177//58 91//55
f 178//58 177//58 382//55
f 226//82 144//82 221//82
f 146//82 144//82 226//82
f 224//64 146//64 226//64
f 150//64 146//64 224//64
f 236//83 150//83 224//83
f 203//83 150//83 236//83
f 387//85 386//84 385//63
f 388//84 386//84 387//85
f 388//84 387//85 389//86
f 387//85 390//87 389//86
f 391//88 390//87 387//85
f 391//88 387//85 392//88
f 387//85 393//89 392//88
f 394//89 393//89 387//85
f 394//89 387//85 395//89
f 387//85 396//90 395//89
f 396//90 397//91 395//89
f 398//63 397//91 396//90
f 398//63 396//90 399//92
f 396//90 400//63 399//92
f 401//93 400//63 396//90
f 401//93 396//90 402//63
f 396//90 403//63 402//63
f 404//94 403//63 396//90
f 404//94 396//90 405//94
f 408//95 407//63 406//63
f 409//94 407//63 408//95
f 411//63 409//94 410//94
f 413//96 411//63 412//94
f 413//96 412//94 414//63
f 412//94 415//84 414//63
f 416//84 415//84 412//94
f 418//63 416//84 417//84
f 418//63 417//84 419//97
f 417//84 420//63 419//97
f 421//98 420//63 417//84
f 422//63 420//63 421//98
f 424//63 422//63 423//98
f 424//63 423//98 425//63
f 410//94 409//94 408//95
f 412//94 411//63 410//94
f 426//63 415//84 416//84
f 427//63 415//84 426//63
f 429//99 427//63 428//99
f 431//92 429//99 430//63
f 433//89 431//92 432//89
f 431//92 430//63 432//89
f 430//63 434//100 432//89
f 434//100 435//100 432//89
f 435//100 436//84 432//89
f 437//92 436//84 435//100
f 438//86 436//84 437//92
f 440//63 438//86 439//92
f 438//86 437//92 439//92
f 428//99 427//63 426//63
f 430//63 429//99 428//99
f 433//89 441//91 431//92
f 442//89 441//91 433//89
f 444//99 442//89 443//84
f 446//63 444//99 445//86
f 446//63 445//86 447//63
f 445//86 448//89 447//63
f 449//63 448//89 445//86
f 450//89 448//89 449//63
f 452//63 450//89 451//63
f 452//63 451//63 453//63
f 443//84 442//89 433//89
f 445//86 444//99 443//84
f 455//87 445//86 454//89
f 445//86 443//84 454//89
f 451//63 450//89 449//63
f 445//86 457//89 456//86
f 458//100 457//89 445//86
f 458//100 445//86 459//86
f 445//86 460//63 459//86
f 455//87 460//63 445//86
f 438//86 461//89 436//84
f 462//101 461//89 438//86
f 462//101 438//86 463//89
f 438//86 464//84 463//89
f 465//91 464//84 438//86
f 465//91 438//86 466//89
f 438//86 467//89 466//89
f 468//84 438//86 440//63
f 469//84 438//86 468//84
f 471//63 469//84 470//89
f 473//63 471//63 472//63
f 471//63 470//89 472//63
f 470//89 469//84 468//84
f 417//84 416//84 412//94
f 423//98 422//63 421//98
f 476//102 475//63 474//88
f 477//63 475//63 476//102
f 477//63 476//102 478//92
f 476//102 479//97 478//92
f 480//63 479//97 476//102
f 480//63 476//102 481//94
f 476//102 482//103 481//94
f 483//84 482//103 476//102
f 483//84 476//102 484//63
f 476//102 485//102 484//63
f 485//102 486//99 484//63
f 487//63 486//99 485//102
f 487//63 485//102 488//63
f 485//102 489//94 488//63
f 490//63 489//94 485//102
f 490//63 485//102 491//63
f 485//102 492//89 491//63
f 493//63 492//89 485//102
f 493//63 485//102 494//63
f 497//104 496//92 495//89
f 497//104 495//89 498//89
f 501//89 500//105 499//63
f 500//105 502//99 499//63
f 502//99 503//99 499//63
f 504//92 503//99 502//99
f 505//106 503//99 504//92
f 507//63 505//106 506//98
f 507//63 506//98 508//92
f 506//98 505//106 504//92
f 510//107 506//98 509//63
f 512//92 510//107 511//63
f 510//107 509//63 511//63
f 509//63 506//98 504//92
f 501//89 497//104 500//105
f 496//92 497//104 501//89
f 457//108 513//109 456//108
f 514//110 513//109 457//108
f 515//113 514//112 458//111
f 516//115 515//115 459//114
f 517//118 516//117 460//116
f 518//120 517//120 455//119
f 519//123 518//122 454//121
f 520//126 519//125 443//124
f 521//128 520//128 433//127
f 520//128 443//129 433//127
f 458//111 514//112 457//112
f 459//114 515//115 458//130
f 460//116 516//117 459//131
f 455//119 517//120 460//132
f 454//121 518//122 455//133
f 443//124 519//125 454//134
f 524//90 523//63 522//63
f 523//63 525//92 522//63
f 526//63 525//92 523//63
f 526//63 523//63 527//99
f 523//63 528//135 527//99
f 529//63 528//135 523//63
f 529//63 523//63 530//63
f 524//90 521//97 523//63
f 513//99 521//97 524//90
f 513//99 524//90 531//89
f 524//90 532//89 531//89
f 521//97 519//89 520//89
f 518//96 519//89 521//97
f 518//96 521//97 517//107
f 521//97 516//63 517//107
f 515//102 516//63 521//97
f 515//102 521//97 514//63
f 521//97 513//99 514//63
f 436//136 523//136 432//136
f 530//136 523//136 436//136
f 529//138 530//137 461//137
f 528//139 529//139 462//139
f 527//141 528//140 463//140
f 526//143 527//143 464//142
f 525//146 526//145 465//144
f 522//149 525//148 466//147
f 524//151 522//151 467//150
f 522//151 466//152 467//150
f 461//137 530//137 436//153
f 462//139 529//139 461//139
f 463//140 528//140 462//141
f 464//142 527//143 463//154
f 465//144 526//145 464//155
f 466//147 525//148 465//156
f 495//61 532//61 498//61
f 531//61 532//61 495//61
f 473//157 493//158 494//157
f 472//159 493//158 473//157
f 492//161 493//161 472//160
f 491//164 492//163 470//162
f 490//166 491//166 468//165
f 489//169 490//168 440//167
f 488//170 489//171 439//170
f 487//174 488//173 437//172
f 434//175 487//175 435//175
f 487//174 437//172 435//172
f 470//176 492//161 472//160
f 468//177 491//164 470//162
f 440//178 490//166 468//165
f 439//167 489//169 440//167
f 437//171 488//170 439//170
f 434//175 486//179 487//175
f 430//182 486//181 434//180
f 484//181 486//181 430//182
f 483//183 484//183 428//183
f 482//186 483//185 426//184
f 482//188 426//187 481//187
f 426//187 416//189 481//187
f 416//190 480//190 481//190
f 418//190 480//190 416//190
f 479//191 480//192 418//191
f 478//193 479//193 419//193
f 477//196 478//195 420//194
f 475//197 477//197 422//197
f 474//199 475//199 424//198
f 474//199 424//198 425//200
f 428//183 484//183 430//201
f 426//184 483//185 428//184
f 419//191 479//191 418//191
f 420//193 478//193 419//193
f 422//202 477//196 420//194
f 424//197 475//197 422//197
f 406//205 404//204 405//203
f 407//205 404//204 406//205
f 403//207 404//206 407//206
f 402//210 403//209 409//208
f 401//213 402//212 411//211
f 400//215 401//215 413//214
f 399//217 400//217 414//216
f 398//219 399//218 415//218
f 429//220 398//221 427//220
f 398//219 415//218 427//218
f 409//206 403//207 407//206
f 411//222 402//210 409//208
f 413//223 401//213 411//211
f 414//215 400//215 413//214
f 415//224 399//217 414//216
f 429//220 397//225 398//221
f 431//227 397//227 429//226
f 395//228 397//227 431//227
f 394//230 395//230 441//229
f 393//231 394//231 442//231
f 393//233 442//233 392//232
f 442//233 444//234 392//232
f 444//235 391//236 392//235
f 446//236 391//236 444//235
f 390//239 391//238 446//237
f 389//240 390//241 447//240
f 388//243 389//242 448//242
f 386//246 388//245 450//244
f 385//248 386//247 452//247
f 385//248 452//247 453//247
f 441//229 395//230 431//249
f 442//231 394//231 441//231
f 447//239 390//239 446//237
f 448//250 389//240 447//240
f 450//242 388//243 448//242
f 452//251 386//246 450//244
f 432//60 521//60 433//60
f 523//60 521//60 432//60
f 535//60 534//60 533//60
f 534//60 536//60 533//60
f 536//60 537//60 533//60
f 538//60 537//60 536//60
f 539//60 538//60 506//60
f 539//60 506//60 535//60
f 506//60 510//60 535//60
f 510//60 534//60 535//60
f 540//60 538//60 539//60
f 540//60 539//60 541//60
f 539//60 542//60 541//60
f 543//60 542//60 539//60
f 544//60 542//60 543//60
f 546//60 544//60 545//60
f 546//60 545//60 547//60
f 545//60 548//60 547//60
f 548//60 549//60 547//60
f 549//60 550//60 547//60
f 544//60 543//60 545//60
f 548//60 540//60 549//60
f 538//60 540//60 548//60
f 538//60 536//60 506//60
f 58//55 551//52 2//52
f 551//52 552//252 2//52
f 552//252 4//252 2//52
f 553//55 4//252 552//252
f 6//253 4//252 553//55
f 8//58 6//253 554//254
f 10//55 8//58 555//255
f 557//257 10//55 556//256
f 10//55 555//255 556//256
f 554//254 6//253 553//55
f 555//255 8//58 554//254
f 557//257 12//258 10//55
f 558//259 12//258 557//257
f 14//51 12//258 558//259
f 16//261 14//51 559//260
f 18//262 16//261 560//253
f 20//55 18//262 561//263
f 563//57 20//55 562//257
f 20//55 561//263 562//257
f 559//260 14//51 558//259
f 560//253 16//261 559//260
f 561//263 18//262 560//253
f 563//57 22//55 20//55
f 564//81 22//55 563//57
f 24//253 22//55 564//81
f 26//55 24//253 565//55
f 28//53 26//55 566//264
f 30//265 28//53 567//56
f 569//263 30//265 568//55
f 30//265 567//56 568//55
f 565//55 24//253 564//81
f 566//264 26//55 565//55
f 567//56 28//53 566//264
f 569//263 32//55 30//265
f 570//58 32//55 569//263
f 34//266 32//55 570//58
f 36//55 34//266 571//253
f 38//51 36//55 572//267
f 40//268 38//51 573//254
f 575//265 40//268 574//57
f 40//268 573//254 574//57
f 571//253 34//266 570//58
f 572//267 36//55 571//253
f 573//254 38//51 572//267
f 575//265 42//57 40//268
f 576//57 42//57 575//265
f 44//58 42//57 576//57
f 46//252 44//58 577//252
f 48//55 46//252 578//269
f 50//265 48//55 579//55
f 581//58 50//265 580//58
f 50//265 579//55 580//58
f 577//252 44//58 576//57
f 578//269 46//252 577//252
f 579//55 48//55 578//269
f 581//58 52//81 50//265
f 582//57 52//81 581//58
f 54//266 52//81 582//57
f 56//270 54//266 583//52
f 58//55 56//270 584//57
f 551//52 58//55 585//58
f 58//55 584//57 585//58
f 583//52 54//266 582//57
f 584//57 56//270 583//52
f 588//271 587//271 586//271
f 587//272 589//272 586//272
f 589//273 590//273 586//273
f 590//274 591//274 586//274
f 592//275 591//275 590//275
f 594//277 592//276 593//276
f 596//279 594//279 595//278
f 598//281 596//281 597//280
f 600//282 598//282 599//282
f 602//283 600//283 601//283
f 604//284 602//284 603//284
f 606//286 604//286 605//285
f 608//288 606//288 607//287
f 610//289 608//289 609//289
f 612//292 610//291 611//290
f 614//293 612//293 613//293
f 614//294 613//294 615//294
f 613//295 616//295 615//295
f 616//296 617//296 615//296
f 617//297 618//297 615//297
f 619//298 618//299 617//298
f 621//301 619//301 620//300
f 623//302 621//302 622//302
f 625//303 623//303 624//303
f 627//304 625//304 626//304
f 629//305 627//305 628//305
f 631//307 629//306 630//306
f 633//310 631//309 632//308
f 635//311 633//312 634//311
f 637//313 635//314 636//313
f 639//315 637//315 638//315
f 641//316 639//316 640//316
f 643//317 641//317 642//317
f 645//320 643//319 644//318
f 647//323 645//322 646//321
f 649//326 647//325 648//324
f 651//329 649//328 650//327
f 653//330 651//330 652//330
f 655//331 653//331 654//331
f 657//333 655//333 656//332
f 659//334 657//335 658//334
f 661//337 659//337 660//336
f 663//339 661//339 662//338
f 665//340 663//340 664//340
f 667//341 665//341 666//341
f 669//342 667//342 668//342
f 671//345 669//344 670//343
f 673//348 671//347 672//346
f 675//350 673//350 674//349
f 677//353 675//352 676//351
f 679//356 677//355 678//354
f 681//359 679//358 680//357
f 683//360 681//360 682//360
f 685//363 683//362 684//361
f 687//364 685//365 686//364
f 689//368 687//367 688//366
f 691//369 689//369 690//369
f 693//370 691//370 692//370
f 695//371 693//371 694//371
f 697//373 695//373 696//372
f 699//376 697//375 698//374
f 701//378 699//378 700//377
f 703//380 701//380 702//379
f 705//381 703//381 704//381
f 707//382 705//382 706//382
f 709//384 707//383 708//383
f 711//387 709//386 710//385
f 713//388 711//389 712//388
f 715//391 713//390 714//390
f 717//392 715//392 716//392
f 719//393 717//393 718//393
f 721//394 719//394 720//394
f 723//395 721//395 722//395
f 725//396 723//396 724//396
f 727//399 725//398 726//397
f 729//401 727//401 728//400
f 731//402 729//402 730//402
f 733//404 731//404 732//403
f 735//407 733//406 734//405
f 737//408 735//408 736//408
f 739//409 737//410 738//409
f 741//411 739//411 740//411
f 741//412 740//412 742//412
f 740//413 743//413 742//413
f 743//415 744//414 742//414
f 744//416 745//416 742//416
f 746//417 745//417 744//417
f 748//418 746//419 747//418
f 750//421 748//421 749//420
f 752//423 750//423 751//422
f 754//424 752//424 753//424
f 756//425 754//425 755//425
f 758//426 756//426 757//426
f 760//428 758//428 759//427
f 762//429 760//429 761//429
f 764//430 762//431 763//430
f 766//434 764//433 765//432
f 768//435 766//435 767//435
f 768//436 767//436 769//436
f 767//437 770//437 769//437
f 770//438 771//438 769//438
f 771//439 772//439 769//439
f 773//440 772//440 771//440
f 775//443 773//442 774//441
f 777//446 775//445 776//444
f 779//449 777//448 778//447
f 781//452 779//451 780//450
f 783//454 781//453 782//453
f 785//455 783//455 784//455
f 787//456 785//456 786//456
f 789//457 787//458 788//457
f 791//459 789//460 790//459
f 589//462 791//461 792//461
f 589//462 792//461 590//463
f 792//466 593//465 590//464
f 593//465 592//467 590//464
f 793//468 591//468 592//468
f 794//470 793//470 594//469
f 795//471 794//472 596//471
f 796//473 795//473 598//473
f 602//474 796//475 600//474
f 796//476 598//282 600//282
f 799//477 798//477 797//477
f 798//478 800//478 797//478
f 800//479 801//479 797//479
f 801//480 614//480 797//480
f 612//481 614//481 801//481
f 612//483 801//482 610//482
f 801//482 802//482 610//482
f 802//485 608//485 610//484
f 803//486 608//485 802//485
f 805//489 803//488 804//487
f 795//490 805//490 806//490
f 795//471 806//472 794//472
f 806//492 807//492 794//491
f 807//493 793//470 794//470
f 799//494 793//494 807//494
f 799//495 807//495 798//495
f 807//492 806//492 798//492
f 806//497 804//496 798//496
f 804//496 800//496 798//496
f 802//499 800//499 804//498
f 802//500 804//487 803//488
f 808//501 618//501 619//501
f 809//502 808//502 621//502
f 810//504 809//503 623//503
f 811//507 810//506 625//505
f 629//508 811//508 627//508
f 811//509 625//304 627//304
f 814//510 813//510 812//510
f 813//511 815//511 812//511
f 815//512 637//512 812//512
f 637//513 639//513 812//513
f 640//514 639//514 638//514
f 817//515 640//515 816//515
f 819//518 817//517 818//516
f 821//521 819//520 820//519
f 823//522 821//522 822//522
f 650//523 823//523 824//523
f 651//524 650//524 652//524
f 650//525 824//525 652//525
f 643//526 825//526 641//526
f 826//527 825//528 643//527
f 827//529 826//530 645//529
f 828//531 827//531 647//531
f 829//533 828//533 649//532
f 653//536 829//535 651//534
f 829//327 649//328 651//329
f 830//537 825//537 826//537
f 831//539 830//538 827//538
f 832//542 831//541 828//540
f 833//545 832//544 829//543
f 655//548 833//547 653//546
f 833//549 829//535 653//536
f 836//550 835//550 834//550
f 835//551 837//551 834//551
f 837//552 663//552 834//552
f 663//553 665//553 834//553
f 666//554 665//554 664//554
f 839//556 666//556 838//555
f 841//559 839//558 840//557
f 843//561 841//560 842//560
f 845//564 843//563 844//562
f 676//565 845//565 846//565
f 677//355 676//566 678//354
f 676//567 846//567 678//567
f 669//568 847//568 667//568
f 848//569 847//569 669//569
f 849//572 848//571 671//570
f 850//575 849//574 673//573
f 851//578 850//577 675//576
f 679//580 851//579 677//579
f 851//581 675//352 677//353
f 852//582 847//582 848//582
f 853//584 852//583 849//583
f 854//587 853//586 850//585
f 855//590 854//589 851//588
f 681//592 855//592 679//591
f 855//580 851//579 679//580
f 858//593 857//593 856//593
f 857//594 859//594 856//594
f 859//595 689//595 856//595
f 689//596 691//596 856//596
f 692//597 691//597 690//597
f 861//600 692//599 860//598
f 863//603 861//602 862//601
f 865//605 863//605 864//604
f 867//608 865//607 866//606
f 702//609 867//609 868//609
f 703//610 702//610 704//610
f 702//611 868//611 704//611
f 695//612 869//612 693//612
f 870//613 869//613 695//613
f 871//615 870//615 697//614
f 872//618 871//617 699//616
f 873//620 872//620 701//619
f 705//621 873//621 703//621
f 873//622 701//380 703//380
f 874//623 869//623 870//623
f 875//624 874//624 871//624
f 876//626 875//626 872//625
f 877//628 876//628 873//627
f 707//630 877//630 705//629
f 877//621 873//621 705//621
f 880//631 879//631 878//631
f 879//632 881//632 878//632
f 881//633 715//633 878//633
f 715//634 717//634 878//634
f 718//635 717//635 716//635
f 883//636 718//636 882//636
f 885//638 883//638 884//637
f 887//641 885//640 886//639
f 889//643 887//643 888//642
f 728//644 889//644 890//644
f 729//647 728//646 730//645
f 728//646 890//648 730//645
f 721//649 891//649 719//649
f 892//650 891//650 721//650
f 893//651 892//651 723//651
f 894//653 893//652 725//652
f 895//655 894//654 727//654
f 731//656 895//656 729//656
f 895//657 727//401 729//401
f 896//658 891//658 892//658
f 897//660 896//660 893//659
f 898//663 897//662 894//661
f 733//665 898//664 895//664
f 733//656 895//656 731//656
f 900//666 899//666 741//666
f 899//667 739//667 741//667
f 737//668 739//669 899//668
f 735//670 737//670 901//670
f 733//665 735//665 898//664
f 735//670 901//670 898//671
f 901//672 897//662 898//663
f 902//673 897//674 901//673
f 900//675 902//675 899//675
f 902//673 901//673 899//676
f 901//668 737//668 899//668
f 903//677 745//677 746//677
f 904//680 903//679 748//678
f 905//682 904//682 750//681
f 906//685 905//684 752//683
f 756//687 906//687 754//686
f 906//688 752//424 754//424
f 909//689 908//689 907//689
f 908//690 910//690 907//690
f 910//691 911//691 907//691
f 911//692 768//692 907//692
f 766//693 768//693 911//693
f 766//695 911//694 764//694
f 911//694 912//694 764//694
f 912//697 762//697 764//696
f 913//698 762//697 912//697
f 915//701 913//700 914//699
f 905//703 915//702 916//702
f 905//682 916//682 904//682
f 916//704 917//705 904//704
f 917//679 903//679 904//680
f 909//706 903//706 917//706
f 909//707 917//707 908//707
f 917//705 916//704 908//705
f 916//708 914//708 908//708
f 914//708 910//709 908//708
f 912//712 910//711 914//710
f 912//713 914//699 913//700
f 918//714 772//714 773//714
f 919//717 918//716 775//715
f 920//719 919//719 777//718
f 921//722 920//721 779//720
f 783//725 921//724 781//723
f 921//726 779//451 781//452
f 923//727 922//727 588//727
f 922//728 924//728 588//728
f 924//729 587//729 588//729
f 925//730 587//731 924//730
f 927//732 925//733 926//732
f 929//734 927//735 928//734
f 783//725 929//736 921//724
f 929//734 928//734 921//737
f 928//738 920//721 921//722
f 930//739 920//739 928//739
f 922//740 930//741 926//740
f 922//740 926//740 924//742
f 926//743 925//730 924//730
f 780//744 782//453 781//453
f 931//745 782//745 780//745
f 933//746 931//746 932//746
f 935//748 933//748 934//747
f 937//750 935//750 936//749
f 939//752 937//752 938//751
f 767//755 939//754 770//753
f 939//756 938//756 770//756
f 938//756 771//756 770//756
f 774//758 771//757 938//757
f 776//760 774//760 936//759
f 778//761 776//761 934//761
f 780//764 778//763 932//762
f 780//765 932//765 931//765
f 933//766 940//766 931//766
f 941//767 940//767 933//767
f 942//768 941//768 935//768
f 943//769 942//770 937//769
f 765//772 943//772 939//771
f 766//434 765//432 767//773
f 765//755 939//754 767//755
f 944//774 940//774 941//774
f 945//775 944//775 942//775
f 763//777 945//777 943//776
f 764//430 763//430 765//778
f 763//779 943//772 765//772
f 946//780 759//780 757//780
f 759//781 758//781 757//781
f 756//782 755//782 757//782
f 753//783 755//783 754//783
f 947//784 755//784 753//784
f 949//785 947//785 948//785
f 951//788 949//787 950//786
f 953//790 951//790 952//789
f 955//792 953//792 954//791
f 740//795 955//794 743//793
f 955//798 954//797 743//796
f 954//797 744//799 743//796
f 747//801 744//800 954//800
f 749//803 747//802 952//802
f 751//804 749//804 950//804
f 753//806 751//806 948//805
f 753//807 948//807 947//807
f 949//808 956//808 947//808
f 957//809 956//809 949//809
f 958//810 957//810 951//810
f 959//811 958//811 953//811
f 738//812 959//813 955//812
f 739//409 738//409 740//409
f 738//814 955//794 740//795
f 960//815 956//815 957//815
f 961//816 960//817 958//816
f 736//820 961//819 959//818
f 737//408 736//408 738//821
f 736//822 959//813 738//812
f 962//825 732//824 730//823
f 732//824 731//826 730//823
f 888//829 890//828 889//827
f 963//830 890//828 888//829
f 965//831 963//831 964//831
f 967//833 965//832 966//832
f 712//835 967//835 968//834
f 713//388 712//388 714//836
f 712//839 968//838 714//837
f 968//838 882//840 714//837
f 882//842 716//841 714//841
f 716//391 715//391 714//390
f 965//843 969//843 963//843
f 970//844 969//844 965//844
f 710//845 970//845 967//845
f 711//387 710//385 712//846
f 710//835 967//835 712//835
f 708//847 969//847 970//847
f 709//384 708//383 710//384
f 708//848 970//845 710//845
f 705//849 704//849 706//849
f 866//850 868//850 867//850
f 971//851 868//851 866//851
f 973//852 971//852 972//852
f 975//855 973//854 974//853
f 686//858 975//857 976//856
f 687//364 686//364 688//859
f 686//862 976//861 688//860
f 976//861 860//863 688//860
f 860//866 690//865 688//864
f 690//867 689//368 688//366
f 973//868 977//868 971//868
f 978//869 977//869 973//869
f 684//870 978//870 975//870
f 685//363 684//361 686//871
f 684//872 975//857 686//858
f 682//873 977//873 978//873
f 683//360 682//360 684//360
f 682//874 978//870 684//870
f 679//875 678//875 680//875
f 844//876 846//876 845//876
f 979//877 846//877 844//877
f 981//878 979//878 980//878
f 983//881 981//880 982//879
f 660//884 983//883 984//882
f 661//337 660//336 662//336
f 660//887 984//886 662//885
f 984//886 838//886 662//885
f 838//889 664//889 662//888
f 664//890 663//339 662//338
f 981//891 985//891 979//891
f 986//892 985//892 981//892
f 658//895 986//894 983//893
f 659//334 658//334 660//896
f 658//897 983//883 660//884
f 656//898 985//898 986//898
f 657//333 656//332 658//899
f 656//900 986//894 658//895
f 653//901 652//901 654//901
f 822//902 824//902 823//902
f 987//903 824//903 822//903
f 989//904 987//904 988//904
f 991//905 989//905 990//905
f 634//907 991//907 992//906
f 635//311 634//311 636//908
f 634//910 992//909 636//909
f 992//909 816//911 636//909
f 816//913 638//913 636//912
f 638//914 637//313 636//313
f 989//917 993//916 987//915
f 994//918 993//916 989//917
f 632//920 994//919 991//919
f 633//310 632//308 634//310
f 632//921 991//907 634//907
f 630//922 993//922 994//922
f 631//307 630//306 632//923
f 630//920 994//919 632//920
f 626//926 628//925 627//924
f 995//927 628//925 626//926
f 997//930 995//929 996//928
f 999//932 997//932 998//931
f 1001//934 999//934 1000//933
f 1003//935 1001//935 1002//935
f 613//937 1003//937 616//936
f 1003//939 1002//938 616//938
f 1002//938 617//938 616//938
f 620//941 617//941 1002//940
f 622//943 620//943 1000//942
f 624//946 622//945 998//944
f 626//948 624//947 996//947
f 626//949 996//949 995//949
f 997//930 1004//950 995//929
f 1005//951 1004//951 997//951
f 1006//952 1005//953 999//952
f 1007//956 1006//955 1001//954
f 611//958 1007//958 1003//957
f 612//292 611//290 613//959
f 611//960 1003//937 613//937
f 1008//961 1004//961 1005//961
f 1009//962 1008//963 1006//962
f 609//965 1009//965 1007//964
f 610//289 609//289 611//289
f 609//966 1007//958 611//958
f 1010//967 605//967 603//967
f 605//968 604//968 603//968
f 602//969 601//969 603//969
f 599//970 601//970 600//970
f 1011//971 601//971 599//971
f 1013//972 1011//972 1012//972
f 1015//974 1013//974 1014//973
f 790//975 1015//976 1016//975
f 791//459 790//459 792//977
f 790//980 1016//979 792//978
f 1016//979 593//981 792//978
f 595//984 593//983 1016//982
f 597//986 595//986 1014//985
f 599//988 597//988 1012//987
f 599//989 1012//989 1011//989
f 1013//990 1017//990 1011//990
f 1018//991 1017//991 1013//991
f 788//993 1018//993 1015//992
f 789//457 788//457 790//994
f 788//995 1015//976 790//975
f 786//996 1017//996 1018//996
f 787//456 786//456 788//997
f 786//998 1018//993 788//993
f 783//999 782//999 784//999
f 857//1002 1019//1001 859//1000
f 1019//1005 687//1004 859//1003
f 687//1004 689//1003 859//1003
f 1021//1008 1020//1007 1019//1006
f 1022//1010 1021//1009 857//1009
f 852//1011 1022//1011 858//1011
f 852//1012 858//1012 847//1012
f 854//1013 1020//1007 1021//1008
f 854//587 1021//1014 853//586
f 1021//1009 1022//1010 853//1010
f 1022//1015 852//583 853//584
f 1019//1018 685//1017 687//1016
f 1020//1019 685//1017 1019//1018
f 683//1021 685//1021 1020//1020
f 681//592 683//1022 855//592
f 683//1021 1020//1020 855//1023
f 1020//1024 854//589 855//590
f 858//1025 1022//1025 857//1025
f 848//1026 669//344 671//345
f 844//1027 980//1027 979//1027
f 842//1029 980//1029 844//1028
f 842//1029 844//1028 843//1028
f 668//1030 666//556 839//556
f 669//1033 668//1032 670//1031
f 668//1032 839//1034 670//1031
f 839//558 841//559 670//1035
f 841//1038 672//1037 670//1036
f 672//1037 671//1039 670//1036
f 986//881 981//880 983//881
f 656//1040 654//1040 985//1040
f 655//1041 654//1041 656//1041
f 1023//1042 830//538 831//539
f 835//1045 1023//1044 1024//1043
f 837//1048 835//1047 1025//1046
f 663//1051 837//1050 661//1049
f 837//1050 1025//1050 661//1049
f 1025//1054 659//1053 661//1052
f 1026//1055 659//1053 1025//1054
f 832//1057 1026//1056 1024//1056
f 832//542 1024//542 831//541
f 1024//1043 1023//1044 831//1058
f 826//1059 643//319 645//320
f 822//1060 988//1060 987//1060
f 820//1063 988//1062 822//1061
f 820//1063 822//1061 821//1064
f 642//515 640//515 817//515
f 643//1067 642//1066 644//1065
f 642//1066 817//1066 644//1065
f 817//517 819//518 644//1068
f 819//1071 646//1070 644//1069
f 646//1070 645//1072 644//1069
f 994//905 989//905 991//905
f 630//1075 628//1074 993//1073
f 629//1076 628//1074 630//1075
f 1027//1077 808//502 809//502
f 813//1079 1027//1078 1028//1078
f 815//1081 813//1080 1029//1080
f 637//1083 815//1083 635//1082
f 815//1083 1029//1082 635//1082
f 1029//1085 633//1084 635//1084
f 1030//1085 633//1084 1029//1085
f 810//1087 1030//1086 1028//1086
f 810//504 1028//504 809//503
f 1028//1078 1027//1078 809//1088
f 619//941 617//941 620//941
f 1008//1089 1010//1089 1004//1089
f 1031//1090 1010//1090 1008//1090
f 607//1092 1031//1092 1009//1091
f 608//288 607//287 609//1093
f 607//965 1009//965 609//965
f 605//1094 1010//1094 1031//1094
f 606//286 605//285 607//285
f 605//1092 1031//1092 607//1092
f 793//1095 799//1095 591//1095
f 786//1096 784//1096 1017//1096
f 785//1097 784//1097 786//1097
f 1032//1098 918//716 919//717
f 922//1099 1032//1099 930//1099
f 1032//1099 919//1100 930//1099
f 919//719 920//719 930//1101
f 773//758 771//757 774//758
f 941//1102 933//748 935//748
f 1033//1103 946//1103 944//1103
f 761//1105 1033//1105 945//1104
f 762//429 761//429 763//429
f 761//1106 945//777 763//777
f 903//1107 909//1107 745//1107
f 746//801 744//800 747//801
f 957//1108 949//787 951//788
f 1034//1111 962//1110 960//1109
f 734//1113 1034//1113 961//1112
f 735//407 734//405 736//1114
f 734//1115 961//819 736//820
f 902//1116 896//660 897//660
f 900//1117 896//1117 902//1117
f 891//1118 896//1118 900//1118
f 892//395 721//395 723//395
f 720//636 718//636 883//636
f 721//1120 720//1120 722//1119
f 720//1120 883//1119 722//1119
f 883//638 885//638 722//1121
f 885//1122 724//1122 722//1122
f 724//1122 723//1122 722//1122
f 708//1123 706//1123 969//1123
f 707//1124 706//1124 708//1124
f 1035//624 874//624 875//624
f 879//1126 1035//1125 1036//1125
f 881//1127 879//1128 1037//1127
f 715//1129 881//1129 713//1129
f 881//1129 1037//1130 713//1129
f 1037//1132 711//1132 713//1131
f 1038//1132 711//1132 1037//1132
f 876//1134 1038//1134 1036//1133
f 876//626 1036//626 875//626
f 1036//1125 1035//1125 875//1125
f 870//1135 695//373 697//373
f 694//1136 692//599 861//600
f 695//1139 694//1138 696//1137
f 694//1138 861//1140 696//1137
f 861//602 863//603 696//603
f 863//1143 698//1142 696//1141
f 698//1142 697//1144 696//1141
f 682//1145 680//1145 977//1145
f 681//359 680//357 682//1146
f 587//1149 791//1148 589//1147
f 925//1148 791//1148 587//1149
f 789//1152 791//1151 925//1150
f 787//1155 789//1154 927//1153
f 785//1156 787//1157 929//1156
f 785//1156 929//1156 783//1158
f 928//1159 927//732 926//732
f 928//739 926//739 930//739
f 789//1152 925//1150 927//1160
f 787//1155 927//1153 929//1155
f 592//276 594//277 793//1161
f 593//983 595//984 594//1162
f 794//1163 594//279 596//279
f 1014//1165 1016//1165 1015//1164
f 595//1166 1016//1165 1014//1165
f 596//1167 595//986 597//986
f 1013//974 1015//974 1018//1168
f 1014//1170 1012//1170 597//1169
f 1013//1171 1012//1170 1014//1170
f 804//490 806//490 805//490
f 596//281 598//281 795//1172
f 805//473 795//473 796//473
f 803//1174 805//1173 1039//1173
f 608//1175 803//1175 606//1175
f 803//1175 1039//1175 606//1175
f 1039//1177 604//1176 606//1176
f 602//1176 604//1176 1039//1177
f 602//474 1039//1178 796//475
f 1039//1173 805//1173 796//1173
f 597//988 599//988 598//1179
f 800//499 802//499 801//1180
f 1001//935 1003//935 1007//935
f 1006//955 1007//956 1009//1181
f 1002//1183 1000//1183 620//1182
f 1001//1184 1000//1183 1002//1183
f 1008//963 1009//962 1031//963
f 999//934 1001//934 1006//1185
f 1008//952 1005//953 1006//952
f 619//301 621//301 808//1186
f 620//943 622//943 621//1187
f 809//1188 621//302 623//302
f 998//1190 1000//1189 999//1189
f 622//1191 1000//1189 998//1190
f 623//1192 622//945 624//946
f 997//932 999//932 1005//1193
f 998//1195 996//1194 624//1194
f 997//1195 996//1194 998//1195
f 1027//1196 813//1196 814//1196
f 1027//1197 814//1197 808//1197
f 814//1198 618//1198 808//1198
f 1029//1199 1028//1086 1030//1086
f 813//1080 1028//1080 1029//1080
f 623//303 625//303 810//1200
f 1030//507 810//506 811//507
f 633//1201 1030//1202 631//1201
f 1030//1202 811//1203 631//1201
f 811//508 629//508 631//508
f 624//947 626//948 625//1204
f 638//913 816//913 640//1205
f 992//1206 991//1207 990//1206
f 816//1208 992//1209 818//1208
f 816//1208 818//1208 817//1210
f 818//1211 992//1206 990//1206
f 819//1213 818//1212 820//1212
f 818//1212 990//1214 820//1212
f 990//1216 988//1216 820//1215
f 989//1217 988//1216 990//1216
f 646//1218 819//520 821//521
f 647//1219 646//1220 648//1219
f 646//1220 821//1220 648//1219
f 821//522 823//522 648//1221
f 823//1223 650//1222 648//1222
f 650//1222 649//1224 648//1222
f 642//1225 641//1225 640//1225
f 826//530 827//529 830//1226
f 645//322 647//323 827//323
f 831//531 827//531 828//531
f 828//1227 647//325 649//326
f 1023//1228 835//1228 836//1228
f 1023//1229 836//1229 830//1229
f 836//1230 825//1230 830//1230
f 1025//1056 1024//1056 1026//1056
f 835//1047 1024//1231 1025//1046
f 828//533 829//533 832//1232
f 1026//544 832//544 833//545
f 659//1235 1026//1234 657//1233
f 1026//1234 833//1236 657//1233
f 833//547 655//548 657//1237
f 664//889 838//889 666//1238
f 984//1239 983//1240 982//1239
f 838//1241 984//1242 840//1241
f 838//1241 840//1241 839//1243
f 840//1244 984//1239 982//1239
f 841//1246 840//1246 842//1245
f 840//1246 982//1247 842//1245
f 982//1250 980//1249 842//1248
f 981//1251 980//1249 982//1250
f 672//1252 841//560 843//561
f 673//1255 672//1254 674//1253
f 672//1254 843//1255 674//1253
f 843//563 845//564 674//1256
f 845//1257 676//1258 674//1257
f 676//1258 675//1258 674//1257
f 668//1259 667//1259 666//1259
f 848//571 849//572 852//1260
f 671//347 673//348 849//1261
f 853//1262 849//574 850//575
f 850//1263 673//350 675//350
f 857//1002 1021//1264 1019//1001
f 850//577 851//578 854//1265
f 690//865 860//866 692//866
f 976//1268 975//1267 974//1266
f 860//1270 976//1269 862//1269
f 860//1270 862//1269 861//1270
f 862//1271 976//1268 974//1266
f 863//1273 862//1272 864//1272
f 862//1272 974//1274 864//1272
f 974//1276 972//1275 864//1275
f 972//1277 866//1278 864//1277
f 866//1278 865//1279 864//1277
f 975//855 978//1280 973//854
f 698//1281 863//605 865//605
f 699//1282 698//1282 700//1282
f 698//1282 865//1283 700//1282
f 865//607 867//608 700//1284
f 867//1287 702//1286 700//1285
f 702//1286 701//1288 700//1285
f 972//1275 974//1276 973//1276
f 866//1289 972//1289 971//1289
f 694//1290 693//1290 692//1290
f 870//615 871//615 874//615
f 697//375 699//376 871//1291
f 875//1292 871//617 872//618
f 872//1293 699//378 701//378
f 1035//1294 879//1294 880//1294
f 1035//1295 880//1295 874//1295
f 880//1296 869//1296 874//1296
f 1037//1297 1036//1133 1038//1134
f 879//1128 1036//1298 1037//1127
f 872//620 873//620 876//620
f 1038//1299 876//628 877//628
f 711//1301 1038//1301 709//1300
f 1038//1301 877//1300 709//1300
f 877//630 707//630 709//1302
f 716//841 882//842 718//1303
f 968//1306 967//1305 966//1304
f 882//1307 968//1307 884//1307
f 882//1307 884//1307 883//1308
f 884//1309 968//1306 966//1304
f 885//1312 884//1311 886//1310
f 884//1311 966//1313 886//1310
f 966//1315 964//1314 886//1314
f 964//1316 888//1316 886//1316
f 888//1316 887//1316 886//1316
f 967//833 970//1317 965//832
f 724//1318 885//640 887//641
f 725//1319 724//1319 726//1319
f 724//1319 887//1319 726//1319
f 887//643 889//643 726//1320
f 889//1322 728//1321 726//1321
f 728//1321 727//1323 726//1321
f 964//1314 966//1315 965//1314
f 888//1324 964//1324 963//1324
f 720//1325 719//1325 718//1325
f 892//651 893//651 896//651
f 723//396 725//396 893//396
f 897//653 893//652 894//653
f 894//1326 725//398 727//399
f 894//654 895//655 898//655
f 732//403 734//403 733//404
f 1034//1113 734//1113 732//1327
f 1034//1328 732//1328 962//1328
f 953//792 955//792 959//1329
f 958//811 959//811 961//811
f 954//1331 952//1331 747//1330
f 953//1332 952//1331 954//1331
f 960//817 961//816 1034//817
f 951//790 953//790 958//1333
f 957//810 958//810 960//810
f 956//1334 960//1109 962//1110
f 746//419 748//418 903//419
f 747//802 749//803 748//803
f 904//1335 748//421 750//421
f 950//1338 952//1337 951//1336
f 749//1339 952//1337 950//1338
f 750//804 749//804 751//804
f 950//1340 949//1341 948//1340
f 950//1340 948//1340 751//1342
f 914//1343 916//702 915//702
f 750//423 752//423 905//1344
f 915//1345 905//684 906//685
f 913//1347 915//1346 1040//1346
f 762//1349 913//1348 760//1348
f 913//1348 1040//1350 760//1348
f 1040//1353 758//1352 760//1351
f 756//1354 758//1352 1040//1353
f 756//687 1040//1355 906//687
f 1040//1346 915//1346 906//1356
f 751//806 753//806 752//1357
f 910//711 912//712 911//1358
f 759//427 761//427 760//428
f 1033//1105 761//1105 759//1359
f 1033//1360 759//1360 946//1360
f 937//752 939//752 943//1361
f 942//770 943//769 945//1362
f 938//1363 936//1363 774//1363
f 937//1363 936//1363 938//1363
f 944//775 945//775 1033//775
f 935//750 937//750 942//1364
f 941//768 942//768 944//768
f 940//1365 944//1365 946//1365
f 773//442 775//443 918//1366
f 774//760 776//760 775//1367
f 919//1368 775//445 777//446
f 934//1370 936//1369 935//1369
f 776//1370 936//1369 934//1370
f 777//1371 776//761 778//761
f 934//1374 933//1373 932//1372
f 934//1374 932//1372 778//1375
f 1032//1376 922//1376 923//1376
f 1032//1377 923//1377 918//1377
f 923//1378 772//1378 918//1378
f 777//448 779//449 920//1379
f 778//763 780//764 779//1380
f 1042//1381 588//1381 1041//1381
f 588//1381 586//1381 1041//1381
f 586//1382 1043//1383 1041//1382
f 591//1382 1043//1383 586//1382
f 1044//1385 1043//1384 591//1384
f 1045//1388 1044//1387 799//1386
f 1046//1390 1045//1389 797//1389
f 1047//1393 1046//1392 614//1391
f 1048//1395 1047//1394 615//1394
f 1049//1397 1048//1396 618//1396
f 1050//1398 1049//1399 814//1398
f 1051//1402 1050//1401 812//1400
f 1052//1404 1051//1404 639//1403
f 1053//1407 1052//1406 641//1405
f 1054//1408 1053//1409 825//1408
f 1055//1412 1054//1411 836//1410
f 1056//1415 1055//1414 834//1413
f 1057//1418 1056//1417 665//1416
f 1058//1421 1057//1420 667//1419
f 1059//1424 1058//1423 847//1422
f 856//1425 1059//1425 858//1425
f 1059//1424 847//1422 858//1424
f 799//1426 1044//1385 591//1384
f 797//1427 1045//1388 799//1386
f 614//1390 1046//1390 797//1389
f 615//1428 1047//1393 614//1391
f 618//1395 1048//1395 615//1394
f 814//1429 1049//1397 618//1396
f 812//1399 1050//1398 814//1398
f 639//1430 1051//1402 812//1400
f 641//1431 1052//1404 639//1403
f 825//1432 1053//1407 641//1405
f 836//1408 1054//1408 825//1408
f 834//1433 1055//1412 836//1410
f 665//1434 1056//1415 834//1413
f 667//1435 1057//1418 665//1416
f 847//1436 1058//1421 667//1419
f 856//1425 1060//1425 1059//1425
f 691//1438 1060//1437 856//1437
f 1061//1437 1060//1437 691//1438
f 1061//1439 691//1440 1062//1439
f 691//1440 693//1439 1062//1439
f 693//1441 1063//1441 1062//1441
f 869//1441 1063//1441 693//1441
f 1064//1444 1063//1443 869//1442
f 1065//1446 1064//1445 880//1445
f 1066//1447 1065//1447 878//1447
f 1067//1448 1066//1448 717//1448
f 1068//1449 1067//1449 719//1449
f 1069//1451 1068//1451 891//1450
f 1070//1452 1069//1452 900//1452
f 1071//1453 1070//1453 741//1453
f 1072//1455 1071//1455 742//1454
f 1073//1456 1072//1457 745//1456
f 1074//1460 1073//1459 909//1458
f 1075//1462 1074//1461 907//1461
f 1076//1464 1075//1463 768//1463
f 1077//1467 1076//1466 769//1465
f 1078//1469 1077//1468 772//1468
f 1042//1472 1078//1471 923//1470
f 1042//1472 923//1470 588//1472
f 880//1444 1064//1444 869//1442
f 878//1446 1065//1446 880//1445
f 717//1447 1066//1447 878//1447
f 719//1448 1067//1448 717//1448
f 891//1449 1068//1449 719//1449
f 900//1473 1069//1451 891//1450
f 741//1452 1070//1452 900//1452
f 742//1453 1071//1453 741//1453
f 745//1454 1072//1455 742//1454
f 909//1474 1073//1456 745//1456
f 907//1475 1074//1460 909//1458
f 768//1461 1075//1462 907//1461
f 769//1463 1076//1464 768//1463
f 772//1476 1077//1467 769//1465
f 923//1469 1078//1469 772//1468
f 1042//1477 1079//1477 1078//1477
f 1079//1478 1080//1478 1078//1478
f 1080//1479 1081//1479 1078//1479
f 1081//1480 1077//1480 1078//1480
f 1082//1481 1077//1481 1081//1481
f 1084//1482 1082//1482 1083//1482
f 1086//1485 1084//1484 1085//1483
f 1088//1487 1086//1487 1087//1486
f 1090//1489 1088//1489 1089//1488
f 1092//1490 1090//1490 1091//1490
f 1094//1491 1092//1491 1093//1491
f 1096//1493 1094//1493 1095//1492
f 1098//1494 1096//1495 1097//1494
f 1100//1496 1098//1497 1099//1496
f 1102//1499 1100//1498 1101//1498
f 1074//1500 1102//1500 1103//1500
f 1074//1501 1103//1501 1073//1501
f 1103//1502 1104//1502 1073//1502
f 1104//1503 1105//1503 1073//1503
f 1105//1504 1072//1504 1073//1504
f 1106//1505 1072//1505 1105//1505
f 1108//1508 1106//1507 1107//1506
f 1110//1511 1108//1510 1109//1509
f 1112//1513 1110//1513 1111//1512
f 1114//1514 1112//1514 1113//1514
f 1116//1515 1114//1515 1115//1515
f 1118//1517 1116//1516 1117//1516
f 1120//1518 1118//1518 1119//1518
f 1122//1519 1120//1519 1121//1519
f 1124//1520 1122//1521 1123//1520
f 1069//1522 1124//1522 1125//1522
f 1068//1523 1069//1523 1126//1523
f 1128//1524 1068//1524 1127//1524
f 1130//1527 1128//1526 1129//1525
f 1132//1530 1130//1529 1131//1528
f 1134//1531 1132//1531 1133//1531
f 1136//1534 1134//1533 1135//1532
f 1138//1535 1136//1535 1137//1535
f 1140//1536 1138//1536 1139//1536
f 1142//1537 1140//1538 1141//1537
f 1144//1539 1142//1539 1143//1539
f 1146//1541 1144//1540 1145//1540
f 1148//1542 1146//1543 1147//1542
f 1064//1544 1148//1544 1149//1544
f 1063//1545 1064//1545 1150//1545
f 1152//1547 1063//1547 1151//1546
f 1154//1549 1152//1549 1153//1548
f 1156//1551 1154//1551 1155//1550
f 1158//1554 1156//1553 1157//1552
f 1160//1557 1158//1556 1159//1555
f 1162//1559 1160//1558 1161//1558
f 1164//1562 1162//1561 1163//1560
f 1166//1565 1164//1564 1165//1563
f 1168//1568 1166//1567 1167//1566
f 1170//1571 1168//1570 1169//1569
f 1172//1574 1170//1573 1171//1572
f 1059//1575 1172//1575 1173//1575
f 1058//1576 1059//1576 1174//1576
f 1176//1578 1058//1578 1175//1577
f 1178//1579 1176//1580 1177//1579
f 1180//1582 1178//1581 1179//1581
f 1182//1585 1180//1584 1181//1583
f 1184//1587 1182//1587 1183//1586
f 1186//1588 1184//1588 1185//1588
f 1188//1589 1186//1589 1187//1589
f 1190//1592 1188//1591 1189//1590
f 1192//1595 1190//1594 1191//1593
f 1194//1596 1192//1597 1193//1596
f 1196//1598 1194//1599 1195//1598
f 1054//1600 1196//1600 1197//1600
f 1053//1601 1054//1601 1198//1601
f 1200//1602 1053//1602 1199//1602
f 1202//1604 1200//1604 1201//1603
f 1204//1606 1202//1606 1203//1605
f 1206//1609 1204//1608 1205//1607
f 1208//1610 1206//1611 1207//1610
f 1210//1612 1208//1612 1209//1612
f 1212//1613 1210//1614 1211//1613
f 1214//1617 1212//1616 1213//1615
f 1216//1619 1214//1618 1215//1618
f 1218//1622 1216//1621 1217//1620
f 1050//1623 1218//1623 1219//1623
f 1050//1624 1219//1624 1049//1624
f 1219//1625 1220//1625 1049//1625
f 1220//1626 1221//1626 1049//1626
f 1221//1627 1048//1627 1049//1627
f 1222//1628 1048//1628 1221//1628
f 1224//1631 1222//1630 1223//1629
f 1226//1633 1224//1633 1225//1632
f 1228//1635 1226//1635 1227//1634
f 1230//1637 1228//1637 1229//1636
f 1232//1638 1230//1638 1231//1638
f 1234//1639 1232//1639 1233//1639
f 1236//1641 1234//1640 1235//1640
f 1238//1642 1236//1643 1237//1642
f 1240//1644 1238//1645 1239//1644
f 1242//1646 1240//1647 1241//1646
f 1045//1648 1242//1648 1243//1648
f 1045//1649 1243//1649 1044//1649
f 1243//1650 1244//1650 1044//1650
f 1244//1651 1245//1651 1044//1651
f 1245//1652 1043//1652 1044//1652
f 1246//1653 1043//1653 1245//1653
f 1248//1654 1246//1654 1247//1654
f 1250//1656 1248//1656 1249//1655
f 1252//1659 1250//1658 1251//1657
f 1254//1661 1252//1661 1253//1660
f 1256//1663 1254//1662 1255//1662
f 1258//1664 1256//1664 1257//1664
f 1260//1666 1258//1665 1259//1665
f 1262//1669 1260//1668 1261//1667
f 1264//1672 1262//1671 1263//1670
f 1080//1675 1264//1674 1265//1673
f 1080//1675 1265//1673 1081//1676
f 1265//1677 1083//1677 1081//1677
f 1083//1677 1082//1677 1081//1677
f 1266//1678 1077//1678 1082//1678
f 1267//1680 1266//1679 1084//1679
f 1268//1682 1267//1682 1086//1681
f 1269//1684 1268//1684 1088//1683
f 1092//1686 1269//1686 1090//1685
f 1269//1687 1088//1489 1090//1489
f 1076//1688 1270//1688 1075//1688
f 1270//1689 1271//1689 1075//1689
f 1271//1690 1272//1690 1075//1690
f 1272//1691 1074//1691 1075//1691
f 1102//1692 1074//1692 1272//1692
f 1102//1694 1272//1693 1100//1693
f 1272//1693 1273//1695 1100//1693
f 1273//1697 1098//1696 1100//1696
f 1274//1697 1098//1696 1273//1697
f 1276//1699 1274//1698 1275//1698
f 1268//1700 1276//1701 1277//1700
f 1268//1682 1277//1702 1267//1682
f 1277//1704 1278//1704 1267//1703
f 1278//1680 1266//1679 1267//1680
f 1076//1705 1266//1705 1278//1705
f 1076//1706 1278//1706 1270//1706
f 1278//1704 1277//1704 1270//1707
f 1277//1709 1275//1709 1270//1708
f 1275//1709 1271//1708 1270//1708
f 1273//1711 1271//1710 1275//1710
f 1273//1712 1275//1698 1274//1698
f 1279//1713 1072//1713 1106//1713
f 1280//1715 1279//1715 1108//1714
f 1281//1716 1280//1717 1110//1716
f 1282//1720 1281//1719 1112//1718
f 1116//1721 1282//1721 1114//1721
f 1282//1722 1112//1514 1114//1514
f 1071//1723 1283//1723 1070//1723
f 1283//1724 1284//1724 1070//1724
f 1284//1725 1124//1725 1070//1725
f 1124//1726 1069//1726 1070//1726
f 1126//1727 1069//1727 1125//1727
f 1286//1728 1126//1728 1285//1728
f 1288//1730 1286//1730 1287//1729
f 1290//1731 1288//1731 1289//1731
f 1292//1732 1290//1733 1291//1732
f 1135//1734 1292//1734 1293//1734
f 1136//1735 1135//1735 1137//1735
f 1135//1736 1293//1736 1137//1736
f 1128//1737 1067//1737 1068//1737
f 1294//1738 1067//1738 1128//1738
f 1295//1739 1294//1740 1130//1739
f 1296//1741 1295//1741 1132//1741
f 1297//1742 1296//1742 1134//1742
f 1138//1745 1297//1744 1136//1743
f 1297//1534 1134//1533 1136//1534
f 1298//1746 1067//1746 1294//1746
f 1299//1748 1298//1748 1295//1747
f 1300//1749 1299//1749 1296//1749
f 1301//1751 1300//1751 1297//1750
f 1140//1753 1301//1753 1138//1752
f 1301//1744 1297//1744 1138//1745
f 1066//1754 1302//1754 1065//1754
f 1302//1755 1303//1755 1065//1755
f 1303//1756 1148//1756 1065//1756
f 1148//1757 1064//1757 1065//1757
f 1150//1758 1064//1758 1149//1758
f 1305//1760 1150//1760 1304//1759
f 1307//1763 1305//1762 1306//1761
f 1309//1764 1307//1764 1308//1764
f 1311//1767 1309//1766 1310//1765
f 1159//1768 1311//1768 1312//1768
f 1160//1558 1159//1769 1161//1558
f 1159//1770 1312//1770 1161//1770
f 1152//1771 1062//1771 1063//1771
f 1313//1772 1062//1772 1152//1772
f 1314//1775 1313//1774 1154//1773
f 1315//1777 1314//1776 1156//1776
f 1316//1779 1315//1778 1158//1778
f 1162//1781 1316//1781 1160//1780
f 1316//1556 1158//1556 1160//1557
f 1317//1782 1062//1782 1313//1782
f 1318//1785 1317//1784 1314//1783
f 1319//1788 1318//1787 1315//1786
f 1320//1789 1319//1789 1316//1789
f 1164//1791 1320//1790 1162//1790
f 1320//1792 1316//1781 1162//1781
f 1061//1793 1321//1793 1060//1793
f 1321//1794 1322//1794 1060//1794
f 1322//1795 1172//1795 1060//1795
f 1172//1796 1059//1796 1060//1796
f 1174//1797 1059//1797 1173//1797
f 1324//1799 1174//1798 1323//1798
f 1326//1802 1324//1801 1325//1800
f 1328//1804 1326//1804 1327//1803
f 1330//1806 1328//1805 1329//1805
f 1183//1807 1330//1807 1331//1807
f 1184//1808 1183//1808 1185//1808
f 1183//1809 1331//1809 1185//1809
f 1176//1810 1057//1810 1058//1810
f 1332//1811 1057//1811 1176//1811
f 1333//1814 1332//1813 1178//1812
f 1334//1817 1333//1816 1180//1815
f 1335//1820 1334//1819 1182//1818
f 1186//1823 1335//1822 1184//1821
f 1335//1824 1182//1587 1184//1587
f 1336//1825 1057//1825 1332//1825
f 1337//1828 1336//1827 1333//1826
f 1338//1831 1337//1830 1334//1829
f 1339//1834 1338//1833 1335//1832
f 1188//1837 1339//1836 1186//1835
f 1339//1823 1335//1822 1186//1823
f 1056//1838 1340//1838 1055//1838
f 1340//1839 1341//1839 1055//1839
f 1341//1840 1196//1840 1055//1840
f 1196//1841 1054//1841 1055//1841
f 1198//1842 1054//1842 1197//1842
f 1343//1845 1198//1844 1342//1843
f 1345//1848 1343//1847 1344//1846
f 1347//1850 1345//1850 1346//1849
f 1349//1853 1347//1852 1348//1851
f 1207//1854 1349//1854 1350//1854
f 1208//1856 1207//1855 1209//1855
f 1207//1855 1350//1857 1209//1855
f 1200//1858 1052//1858 1053//1858
f 1351//1859 1052//1859 1200//1859
f 1352//1862 1351//1861 1202//1860
f 1353//1863 1352//1863 1204//1863
f 1354//1865 1353//1864 1206//1864
f 1210//1868 1354//1867 1208//1866
f 1354//1869 1206//1611 1208//1610
f 1355//1870 1052//1870 1351//1870
f 1356//1872 1355//1872 1352//1871
f 1357//1874 1356//1874 1353//1873
f 1212//1877 1357//1876 1354//1875
f 1212//1878 1354//1867 1210//1868
f 1051//1879 1358//1879 1050//1879
f 1358//1880 1218//1880 1050//1880
f 1216//1881 1218//1881 1358//1881
f 1214//1884 1216//1883 1359//1882
f 1212//1877 1214//1885 1357//1876
f 1214//1884 1359//1882 1357//1884
f 1359//1886 1356//1874 1357//1874
f 1360//1887 1356//1888 1359//1887
f 1051//1889 1360//1889 1358//1889
f 1360//1887 1359//1887 1358//1887
f 1359//1881 1216//1881 1358//1881
f 1361//1890 1048//1890 1222//1890
f 1362//1892 1361//1892 1224//1891
f 1363//1894 1362//1894 1226//1893
f 1364//1897 1363//1896 1228//1895
f 1232//1899 1364//1899 1230//1898
f 1364//1637 1228//1637 1230//1637
f 1047//1900 1365//1900 1046//1900
f 1365//1902 1366//1902 1046//1901
f 1366//1903 1367//1903 1046//1903
f 1367//1904 1045//1904 1046//1904
f 1242//1905 1045//1905 1367//1905
f 1242//1906 1367//1906 1240//1906
f 1367//1906 1368//1907 1240//1906
f 1368//1910 1238//1909 1240//1908
f 1369//1911 1238//1909 1368//1910
f 1371//1914 1369//1913 1370//1912
f 1363//1915 1371//1916 1372//1915
f 1363//1894 1372//1917 1362//1894
f 1372//1919 1373//1919 1362//1918
f 1373//1920 1361//1892 1362//1892
f 1047//1921 1361//1921 1373//1921
f 1047//1922 1373//1922 1365//1922
f 1373//1919 1372//1919 1365//1923
f 1372//1924 1370//1924 1365//1924
f 1370//1924 1366//1924 1365//1924
f 1368//1926 1366//1925 1370//1925
f 1368//1912 1370//1912 1369//1913
f 1374//1927 1043//1927 1246//1927
f 1375//1929 1374//1928 1248//1928
f 1376//1931 1375//1931 1250//1930
f 1377//1933 1376//1933 1252//1932
f 1256//1935 1377//1935 1254//1934
f 1377//1936 1252//1661 1254//1661
f 1041//1937 1378//1937 1042//1937
f 1378//1938 1379//1938 1042//1938
f 1379//1939 1079//1939 1042//1939
f 1380//1940 1079//1940 1379//1940
f 1382//1941 1380//1941 1381//1941
f 1384//1943 1382//1943 1383//1942
f 1256//1935 1384//1944 1377//1935
f 1384//1943 1383//1942 1377//1942
f 1383//1933 1376//1933 1377//1933
f 1385//1947 1376//1946 1383//1945
f 1378//1950 1385//1949 1381//1948
f 1378//1950 1381//1948 1379//1951
f 1381//1940 1380//1940 1379//1940
f 1253//1952 1255//1662 1254//1662
f 1386//1953 1255//1953 1253//1953
f 1388//1954 1386//1954 1387//1954
f 1390//1956 1388//1956 1389//1955
f 1392//1958 1390//1958 1391//1957
f 1394//1961 1392//1960 1393//1959
f 1243//1963 1394//1963 1244//1962
f 1394//1966 1393//1965 1244//1964
f 1393//1965 1245//1967 1244//1964
f 1247//1969 1245//1969 1393//1968
f 1249//1970 1247//1970 1391//1970
f 1251//1972 1249//1972 1389//1971
f 1253//1974 1251//1974 1387//1973
f 1253//1975 1387//1975 1386//1975
f 1388//1976 1395//1976 1386//1976
f 1396//1977 1395//1977 1388//1977
f 1397//1979 1396//1979 1390//1978
f 1398//1981 1397//1981 1392//1980
f 1241//1983 1398//1983 1394//1982
f 1242//1646 1241//1646 1243//1984
f 1241//1985 1394//1963 1243//1963
f 1399//1986 1395//1986 1396//1986
f 1400//1988 1399//1988 1397//1987
f 1239//1990 1400//1990 1398//1989
f 1240//1644 1239//1644 1241//1991
f 1239//1992 1398//1983 1241//1983
f 1401//1993 1235//1993 1233//1993
f 1235//1994 1234//1994 1233//1994
f 1232//1995 1231//1995 1233//1995
f 1229//1996 1231//1996 1230//1996
f 1402//1997 1231//1997 1229//1997
f 1404//1998 1402//1998 1403//1998
f 1406//2001 1404//2000 1405//1999
f 1408//2004 1406//2003 1407//2002
f 1410//2007 1408//2006 1409//2005
f 1219//2009 1410//2009 1220//2008
f 1410//2010 1409//2011 1220//2010
f 1409//2011 1221//2011 1220//2010
f 1223//2012 1221//2013 1409//2012
f 1225//2015 1223//2014 1407//2014
f 1227//2016 1225//2017 1405//2016
f 1229//2020 1227//2019 1403//2018
f 1229//2021 1403//2021 1402//2021
f 1404//2022 1411//2022 1402//2022
f 1412//2023 1411//2023 1404//2023
f 1413//2025 1412//2025 1406//2024
f 1414//2028 1413//2027 1408//2026
f 1217//2030 1414//2029 1410//2029
f 1218//1622 1217//1620 1219//2031
f 1217//2032 1410//2009 1219//2009
f 1415//2033 1411//2033 1412//2033
f 1416//2035 1415//2035 1413//2034
f 1215//2036 1416//2036 1414//2036
f 1216//1619 1215//1618 1217//1619
f 1215//2030 1414//2029 1217//2030
f 1417//2039 1211//2038 1209//2037
f 1211//2038 1210//2040 1209//2037
f 1348//2043 1350//2042 1349//2041
f 1418//2044 1350//2042 1348//2043
f 1420//2045 1418//2045 1419//2045
f 1422//2046 1420//2047 1421//2046
f 1193//2050 1422//2049 1423//2048
f 1194//1596 1193//1596 1195//2051
f 1193//2054 1423//2053 1195//2052
f 1423//2053 1342//2055 1195//2052
f 1342//2058 1197//2057 1195//2056
f 1197//2059 1196//1598 1195//1598
f 1420//2060 1424//2060 1418//2060
f 1425//2061 1424//2061 1420//2061
f 1191//2064 1425//2063 1422//2062
f 1192//1595 1191//1593 1193//2065
f 1191//2066 1422//2049 1193//2050
f 1189//2067 1424//2067 1425//2067
f 1190//1592 1189//1590 1191//1590
f 1189//2064 1425//2063 1191//2064
f 1186//2068 1185//2068 1187//2068
f 1329//2069 1331//2069 1330//2069
f 1426//2070 1331//2070 1329//2070
f 1428//2071 1426//2071 1427//2071
f 1430//2074 1428//2073 1429//2072
f 1169//2077 1430//2076 1431//2075
f 1170//1571 1169//1569 1171//2078
f 1169//2081 1431//2080 1171//2079
f 1431//2080 1323//2082 1171//2079
f 1323//2083 1173//2084 1171//2083
f 1173//2085 1172//1574 1171//1572
f 1428//2086 1432//2086 1426//2086
f 1433//2087 1432//2087 1428//2087
f 1167//2090 1433//2089 1430//2088
f 1168//1568 1167//1566 1169//2091
f 1167//2092 1430//2076 1169//2077
f 1165//2093 1432//2093 1433//2093
f 1166//1565 1165//1563 1167//2094
f 1165//2095 1433//2089 1167//2090
f 1162//2096 1161//2096 1163//2096
f 1310//2097 1312//2097 1311//2097
f 1434//2098 1312//2098 1310//2098
f 1436//2099 1434//2099 1435//2099
f 1438//2102 1436//2101 1437//2100
f 1145//2105 1438//2104 1439//2103
f 1146//1541 1145//1540 1147//2106
f 1145//2109 1439//2108 1147//2107
f 1439//2108 1304//2110 1147//2107
f 1304//2111 1149//2112 1147//2111
f 1149//2113 1148//1542 1147//1542
f 1436//2114 1440//2114 1434//2114
f 1441//2115 1440//2115 1436//2115
f 1143//2117 1441//2117 1438//2116
f 1144//1539 1143//1539 1145//2118
f 1143//2119 1438//2104 1145//2105
f 1141//2120 1440//2120 1441//2120
f 1142//1537 1141//1537 1143//1537
f 1141//2121 1441//2117 1143//2117
f 1138//2122 1137//2122 1139//2122
f 1291//2123 1293//2123 1292//2123
f 1442//2124 1293//2124 1291//2124
f 1444//2125 1442//2125 1443//2125
f 1446//2127 1444//2127 1445//2126
f 1121//2130 1446//2129 1447//2128
f 1122//1519 1121//1519 1123//1519
f 1121//2131 1447//2131 1123//2131
f 1447//2131 1285//2131 1123//2131
f 1285//2133 1125//2133 1123//2132
f 1125//1520 1124//1520 1123//1520
f 1444//2136 1448//2135 1442//2134
f 1449//2137 1448//2135 1444//2136
f 1119//2138 1449//2139 1446//2138
f 1120//1518 1119//1518 1121//2140
f 1119//2129 1446//2129 1121//2130
f 1117//2141 1448//2141 1449//2141
f 1118//1517 1117//1516 1119//2142
f 1117//2139 1449//2139 1119//2138
f 1113//2145 1115//2144 1114//2143
f 1450//2146 1115//2144 1113//2145
f 1452//2149 1450//2148 1451//2147
f 1454//2150 1452//2150 1453//2150
f 1456//2152 1454//2152 1455//2151
f 1458//2154 1456//2154 1457//2153
f 1103//2157 1458//2156 1104//2155
f 1458//2158 1457//2159 1104//2158
f 1457//2159 1105//2160 1104//2158
f 1107//2163 1105//2162 1457//2161
f 1109//2166 1107//2165 1455//2164
f 1111//2168 1109//2168 1453//2167
f 1113//2170 1111//2170 1451//2169
f 1113//2171 1451//2171 1450//2171
f 1452//2149 1459//2172 1450//2148
f 1460//2173 1459//2173 1452//2173
f 1461//2176 1460//2175 1454//2174
f 1462//2178 1461//2178 1456//2177
f 1101//2181 1462//2180 1458//2179
f 1102//1499 1101//1498 1103//2182
f 1101//2156 1458//2156 1103//2157
f 1463//2183 1459//2183 1460//2183
f 1464//2184 1463//2185 1461//2184
f 1099//2188 1464//2187 1462//2186
f 1100//1496 1099//1496 1101//2189
f 1099//2180 1462//2180 1101//2181
f 1465//2190 1095//2190 1093//2190
f 1095//2191 1094//2191 1093//2191
f 1092//2192 1091//2192 1093//2192
f 1089//2193 1091//2193 1090//2193
f 1466//2194 1091//2194 1089//2194
f 1468//2195 1466//2195 1467//2195
f 1470//2198 1468//2197 1469//2196
f 1263//2200 1470//2200 1471//2199
f 1264//1672 1263//1670 1265//2201
f 1263//2202 1471//2202 1265//2202
f 1471//2202 1083//2202 1265//2202
f 1085//2204 1083//2204 1471//2203
f 1087//2206 1085//2206 1469//2205
f 1089//2209 1087//2208 1467//2207
f 1089//2210 1467//2210 1466//2210
f 1468//2211 1472//2211 1466//2211
f 1473//2212 1472//2212 1468//2212
f 1261//2213 1473//2214 1470//2213
f 1262//1669 1261//1667 1263//2215
f 1261//2216 1470//2200 1263//2200
f 1259//2217 1472//2217 1473//2217
f 1260//1666 1259//1665 1261//1666
f 1259//2214 1473//2214 1261//2213
f 1256//2218 1255//2218 1257//2218
f 1321//2220 1474//2220 1322//2219
f 1474//2223 1170//2222 1322//2221
f 1170//2222 1172//2224 1322//2221
f 1476//2227 1475//2226 1474//2225
f 1477//2230 1476//2229 1321//2228
f 1317//2231 1477//2231 1061//2231
f 1317//2232 1061//2232 1062//2232
f 1319//2233 1475//2226 1476//2227
f 1319//1788 1476//2234 1318//1787
f 1476//2229 1477//2230 1318//2235
f 1477//2236 1317//1784 1318//1785
f 1474//2239 1168//2238 1170//2237
f 1475//2240 1168//2238 1474//2239
f 1166//2243 1168//2242 1475//2241
f 1164//1791 1166//2244 1320//1790
f 1166//2243 1475//2241 1320//2245
f 1475//1789 1319//1789 1320//1789
f 1165//2246 1163//2246 1432//2246
f 1164//1562 1163//1560 1165//2247
f 1175//1799 1174//1798 1324//1799
f 1176//2248 1175//2249 1177//2248
f 1175//2249 1324//2249 1177//2248
f 1324//1801 1326//1802 1177//2250
f 1326//2251 1179//2252 1177//2251
f 1179//2252 1178//2252 1177//2251
f 1332//1580 1176//1580 1178//1579
f 1478//2253 1336//1827 1337//1828
f 1340//2256 1478//2255 1479//2254
f 1341//2259 1340//2258 1480//2257
f 1196//2261 1341//2260 1194//2260
f 1341//2260 1480//2262 1194//2260
f 1480//2265 1192//2264 1194//2263
f 1481//2266 1192//2264 1480//2265
f 1338//2268 1481//2267 1479//2267
f 1338//1831 1479//2269 1337//1830
f 1479//2254 1478//2255 1337//2255
f 1189//2270 1187//2270 1424//2270
f 1188//2271 1187//2271 1189//2271
f 1199//1844 1198//1844 1343//1845
f 1200//2274 1199//2273 1201//2272
f 1199//2273 1343//2273 1201//2272
f 1343//1847 1345//1848 1201//2275
f 1345//2276 1203//2277 1201//2276
f 1203//2277 1202//2277 1201//2276
f 1351//2278 1200//1604 1202//1604
f 1360//2279 1355//1872 1356//1872
f 1051//2280 1355//2280 1360//2280
f 1052//2281 1355//2281 1051//2281
f 1482//2284 1417//2283 1415//2282
f 1213//2285 1482//2285 1416//2285
f 1214//1617 1213//1615 1215//1615
f 1213//2036 1416//2036 1215//2036
f 1412//2001 1404//2000 1406//2001
f 1222//2013 1221//2013 1223//2012
f 1361//2286 1047//2286 1048//2286
f 1483//2287 1401//2287 1399//2287
f 1237//2288 1483//2288 1400//2288
f 1238//1642 1237//1642 1239//2289
f 1237//2290 1400//1990 1239//1990
f 1396//2291 1388//1956 1390//1956
f 1246//2292 1245//1969 1247//1969
f 1484//1928 1374//1928 1375//1929
f 1378//2294 1484//2293 1385//2293
f 1484//2293 1375//2295 1385//2293
f 1375//1931 1376//1931 1385//2296
f 1259//2297 1257//2297 1472//2297
f 1258//2298 1257//2298 1259//2298
f 1266//2299 1076//2299 1077//2299
f 1463//2300 1465//2300 1459//2300
f 1485//2301 1465//2301 1463//2301
f 1097//2303 1485//2303 1464//2302
f 1098//1494 1097//1494 1099//2304
f 1097//2305 1464//2187 1099//2188
f 1106//2163 1105//2162 1107//2163
f 1486//2306 1279//1715 1280//1715
f 1283//2308 1486//2308 1487//2307
f 1284//2310 1283//2309 1488//2309
f 1124//2312 1284//2311 1122//2311
f 1284//2311 1488//2313 1122//2311
f 1488//2315 1120//2315 1122//2314
f 1489//2316 1120//2315 1488//2315
f 1281//2318 1489//2317 1487//2317
f 1281//1716 1487//2319 1280//1717
f 1487//2307 1486//2308 1280//2320
f 1117//2323 1115//2322 1448//2321
f 1116//2324 1115//2322 1117//2323
f 1449//2325 1444//2127 1446//2127
f 1127//1728 1126//1728 1286//1728
f 1128//2327 1127//2326 1129//2326
f 1127//2326 1286//2326 1129//2326
f 1286//1730 1288//1730 1129//2328
f 1288//2329 1131//2329 1129//2329
f 1131//2329 1130//2329 1129//2329
f 1291//2330 1443//2330 1442//2330
f 1289//2331 1443//2331 1291//2331
f 1289//2331 1291//2331 1290//2331
f 1294//2332 1128//1526 1130//1527
f 1490//2333 1298//1748 1299//1748
f 1302//2336 1490//2335 1491//2334
f 1303//2337 1302//2337 1492//2337
f 1148//2339 1303//2338 1146//2338
f 1303//2338 1492//2338 1146//2338
f 1492//2341 1144//2340 1146//2340
f 1493//2341 1144//2340 1492//2341
f 1300//2342 1493//2342 1491//2342
f 1300//1749 1491//2343 1299//1749
f 1491//2334 1490//2335 1299//2344
f 1141//2345 1139//2345 1440//2345
f 1140//2346 1139//2346 1141//2346
f 1441//2347 1436//2101 1438//2102
f 1151//2348 1150//1760 1305//1760
f 1152//2350 1151//2349 1153//2349
f 1151//2349 1305//2351 1153//2349
f 1305//1762 1307//1763 1153//2352
f 1307//2354 1155//2353 1153//2353
f 1155//2353 1154//2355 1153//2353
f 1310//2356 1435//2356 1434//2356
f 1308//2357 1435//2358 1310//2357
f 1308//2357 1310//2357 1309//2359
f 1313//1549 1152//1549 1154//1549
f 1061//2360 1477//2360 1321//2360
f 1079//2361 1264//2362 1080//2361
f 1380//2362 1264//2362 1079//2361
f 1262//2365 1264//2364 1380//2363
f 1260//2366 1262//2366 1382//2366
f 1258//2367 1260//2367 1384//2367
f 1258//2367 1384//2367 1256//2367
f 1383//2368 1382//1941 1381//1941
f 1383//1945 1381//2369 1385//1947
f 1262//2365 1380//2363 1382//2370
f 1260//2366 1382//2366 1384//2366
f 1082//1482 1084//1482 1266//2371
f 1083//2204 1085//2204 1084//2372
f 1267//2373 1084//1484 1086//1485
f 1469//2374 1471//2374 1470//2374
f 1085//2374 1471//2374 1469//2374
f 1086//2206 1085//2206 1087//2206
f 1468//2197 1470//2198 1473//2375
f 1469//2377 1467//2377 1087//2376
f 1468//2377 1467//2377 1469//2377
f 1275//1701 1277//1700 1276//1701
f 1086//1487 1088//1487 1268//2378
f 1276//2379 1268//1684 1269//1684
f 1274//2382 1276//2381 1494//2380
f 1098//2385 1274//2384 1096//2383
f 1274//2384 1494//2383 1096//2383
f 1494//2387 1094//2387 1096//2386
f 1092//2388 1094//2387 1494//2387
f 1092//1686 1494//2389 1269//1686
f 1494//2380 1276//2381 1269//2390
f 1087//2208 1089//2209 1088//2391
f 1271//1710 1273//1711 1272//2392
f 1095//1492 1097//1492 1096//1493
f 1485//2303 1097//2303 1095//2393
f 1485//2394 1095//2394 1465//2394
f 1456//2154 1458//2154 1462//2395
f 1461//2178 1462//2178 1464//2396
f 1457//2398 1455//2397 1107//2397
f 1456//2397 1455//2397 1457//2398
f 1463//2185 1464//2184 1485//2399
f 1454//2152 1456//2152 1461//2400
f 1463//2401 1460//2175 1461//2176
f 1106//1507 1108//1508 1279//2402
f 1107//2165 1109//2166 1108//2403
f 1280//2404 1108//1510 1110//1511
f 1453//2405 1455//2405 1454//2405
f 1109//2406 1455//2405 1453//2405
f 1110//2168 1109//2168 1111//2168
f 1452//2150 1454//2150 1460//2150
f 1453//2408 1451//2408 1111//2407
f 1452//2409 1451//2408 1453//2408
f 1486//2410 1283//2410 1071//2410
f 1486//2411 1071//2411 1279//2411
f 1071//2412 1072//2412 1279//2412
f 1488//2413 1487//2317 1489//2317
f 1283//2309 1487//2309 1488//2309
f 1110//1513 1112//1513 1281//2414
f 1489//1720 1281//1719 1282//1720
f 1120//2415 1489//2415 1118//2415
f 1489//2415 1282//2415 1118//2415
f 1282//1721 1116//1721 1118//2416
f 1111//2170 1113//2170 1112//2417
f 1125//2133 1285//2133 1126//2418
f 1447//2419 1446//2420 1445//2419
f 1285//2422 1447//2421 1287//2421
f 1285//2422 1287//2421 1286//2423
f 1287//2419 1447//2419 1445//2419
f 1288//2425 1287//2424 1289//2424
f 1287//2424 1445//2426 1289//2424
f 1445//2427 1443//2427 1289//2427
f 1444//2427 1443//2427 1445//2427
f 1131//1731 1288//1731 1290//1731
f 1132//2428 1131//2428 1133//2428
f 1131//2428 1290//2428 1133//2428
f 1290//1733 1292//1732 1133//1732
f 1292//2429 1135//2429 1133//2429
f 1135//2429 1134//2429 1133//2429
f 1127//2430 1068//2430 1126//2430
f 1294//1740 1295//1739 1298//1739
f 1130//1529 1132//1530 1295//1530
f 1299//1741 1295//1741 1296//1741
f 1296//2431 1132//1531 1134//1531
f 1490//2432 1302//2432 1066//2432
f 1490//2433 1066//2433 1298//2433
f 1066//2434 1067//2434 1298//2434
f 1492//2435 1491//2342 1493//2342
f 1302//2337 1491//2436 1492//2337
f 1296//1742 1297//1742 1300//2437
f 1493//1751 1300//1751 1301//1751
f 1144//2439 1493//2438 1142//2438
f 1493//2438 1301//2438 1142//2438
f 1301//1753 1140//1753 1142//2440
f 1149//2112 1304//2111 1150//2441
f 1439//2444 1438//2443 1437//2442
f 1304//2447 1439//2446 1306//2445
f 1304//2447 1306//2445 1305//2448
f 1306//2444 1439//2444 1437//2442
f 1307//2450 1306//2449 1308//2449
f 1306//2449 1437//2451 1308//2449
f 1437//2453 1435//2453 1308//2452
f 1436//2454 1435//2453 1437//2453
f 1155//1764 1307//1764 1309//1764
f 1156//2457 1155//2456 1157//2455
f 1155//2456 1309//2458 1157//2455
f 1309//1766 1311//1767 1157//2459
f 1311//2461 1159//2460 1157//2460
f 1159//2460 1158//2462 1157//2460
f 1151//2463 1063//2463 1150//2463
f 1313//1774 1314//1775 1317//2464
f 1154//1551 1156//1551 1314//2465
f 1318//1777 1314//1776 1315//1777
f 1315//2466 1156//1553 1158//1554
f 1321//2220 1476//2467 1474//2220
f 1315//1778 1316//1779 1319//2468
f 1173//2084 1323//2083 1174//2084
f 1431//2471 1430//2470 1429//2469
f 1323//2474 1431//2473 1325//2472
f 1323//2474 1325//2472 1324//2475
f 1325//2476 1431//2471 1429//2469
f 1326//2479 1325//2478 1327//2477
f 1325//2478 1429//2480 1327//2477
f 1429//2483 1427//2482 1327//2481
f 1427//2486 1329//2485 1327//2484
f 1329//2485 1328//2487 1327//2484
f 1430//2074 1433//2488 1428//2073
f 1179//1804 1326//1804 1328//1804
f 1180//2491 1179//2490 1181//2489
f 1179//2490 1328//2490 1181//2489
f 1328//1805 1330//1806 1181//2492
f 1330//2495 1183//2494 1181//2493
f 1183//2494 1182//2496 1181//2493
f 1427//2482 1429//2483 1428//2497
f 1329//2498 1427//2498 1426//2498
f 1175//2499 1058//2499 1174//2499
f 1332//1813 1333//1814 1336//1814
f 1178//1581 1180//1582 1333//1582
f 1337//2500 1333//1816 1334//1817
f 1334//2501 1180//1584 1182//1585
f 1478//2502 1340//2502 1056//2502
f 1478//2503 1056//2504 1336//2503
f 1056//2505 1057//2505 1336//2505
f 1480//2267 1479//2267 1481//2267
f 1340//2258 1479//2506 1480//2257
f 1334//1819 1335//1820 1338//2507
f 1481//2508 1338//1833 1339//1834
f 1192//2511 1481//2510 1190//2509
f 1481//2510 1339//2510 1190//2509
f 1339//1836 1188//1837 1190//2512
f 1197//2057 1342//2058 1198//2058
f 1423//2515 1422//2514 1421//2513
f 1342//2518 1423//2517 1344//2516
f 1342//2518 1344//2516 1343//2519
f 1344//2520 1423//2515 1421//2513
f 1345//2523 1344//2522 1346//2521
f 1344//2522 1421//2524 1346//2521
f 1421//2527 1419//2526 1346//2525
f 1419//2529 1348//2528 1346//2528
f 1348//2528 1347//2530 1346//2528
f 1422//2046 1425//2047 1420//2047
f 1203//2531 1345//1850 1347//1850
f 1204//2534 1203//2533 1205//2532
f 1203//2533 1347//2535 1205//2532
f 1347//1852 1349//1853 1205//1853
f 1349//2537 1207//2536 1205//2536
f 1207//2536 1206//2538 1205//2536
f 1419//2526 1421//2527 1420//2539
f 1348//2540 1419//2540 1418//2540
f 1199//2541 1053//2541 1198//2541
f 1351//1861 1352//1862 1355//2542
f 1202//1606 1204//1606 1352//2543
f 1356//1863 1352//1863 1353//1863
f 1353//2544 1204//1608 1206//1609
f 1353//1864 1354//1865 1357//2545
f 1211//1613 1213//2546 1212//1613
f 1482//2285 1213//2285 1211//2285
f 1482//2547 1211//2547 1417//2547
f 1408//2006 1410//2007 1414//2007
f 1413//2027 1414//2028 1416//2548
f 1409//2550 1407//2550 1223//2549
f 1408//2551 1407//2550 1409//2550
f 1415//2035 1416//2035 1482//2552
f 1406//2003 1408//2004 1413//2004
f 1412//2025 1413//2025 1415//2553
f 1411//2554 1415//2282 1417//2283
f 1222//1630 1224//1631 1361//1631
f 1223//2014 1225//2015 1224//2015
f 1362//1633 1224//1633 1226//1633
f 1405//2557 1407//2556 1406//2555
f 1225//2556 1407//2556 1405//2557
f 1226//2017 1225//2017 1227//2016
f 1405//2558 1404//2558 1403//2558
f 1405//2558 1403//2558 1227//2559
f 1370//1916 1372//1915 1371//1916
f 1226//1635 1228//1635 1363//2560
f 1371//2561 1363//1896 1364//1897
f 1369//2562 1371//2562 1495//2562
f 1238//2564 1369//2563 1236//2563
f 1369//2563 1495//2565 1236//2563
f 1495//2568 1234//2567 1236//2566
f 1232//2568 1234//2567 1495//2568
f 1232//1899 1495//2569 1364//1899
f 1495//2562 1371//2562 1364//2570
f 1227//2019 1229//2020 1228//2571
f 1366//1925 1368//1926 1367//2572
f 1235//1640 1237//1641 1236//1641
f 1483//2288 1237//2288 1235//2573
f 1483//2574 1235//2574 1401//2574
f 1392//1960 1394//1961 1398//2575
f 1397//1981 1398//1981 1400//2576
f 1393//2578 1391//2578 1247//2577
f 1392//2579 1391//2578 1393//2578
f 1399//1988 1400//1988 1483//2580
f 1390//1958 1392//1958 1397//2581
f 1396//1979 1397//1979 1399//2582
f 1395//2583 1399//2583 1401//2583
f 1246//1654 1248//1654 1374//2584
f 1247//1970 1249//1970 1248//1970
f 1375//2585 1248//1656 1250//1656
f 1389//2588 1391//2587 1390//2586
f 1249//2589 1391//2587 1389//2588
f 1250//2590 1249//1972 1251//1972
f 1389//2591 1388//2591 1387//2591
f 1389//2591 1387//2591 1251//2591
f 1484//2592 1378//2592 1041//2592
f 1484//2593 1041//2594 1374//2593
f 1041//2595 1043//2595 1374//2595
f 1250//1658 1252//1659 1376//2596
f 1251//1974 1253//1974 1252//2597
f 570//2600 1496//2599 571//2598
f 1496//2599 1497//2601 571//2598
f 1497//2602 1498//2602 571//2602
f 1498//2603 572//2603 571//2603
f 1499//2604 572//2604 1498//2604
f 1501//2606 1499//2606 1500//2605
f 1503//2608 1501//2608 1502//2607
f 1505//2610 1503//2609 1504//2609
f 1507//2612 1505//2612 1506//2611
f 1509//2613 1507//2613 1508//2613
f 1511//2614 1509//2614 1510//2614
f 1513//2617 1511//2616 1512//2615
f 1515//2618 1513//2618 1514//2618
f 1517//2619 1515//2620 1516//2619
f 1519//2621 1517//2621 1518//2621
f 575//2622 1519//2622 1520//2622
f 575//2623 1520//2623 576//2623
f 1520//2626 1521//2625 576//2624
f 1521//2625 1522//2627 576//2624
f 1522//2628 577//2628 576//2628
f 1523//2629 577//2629 1522//2629
f 1525//2631 1523//2630 1524//2630
f 1527//2633 1525//2633 1526//2632
f 1529//2635 1527//2635 1528//2634
f 1531//2637 1529//2637 1530//2636
f 1533//2638 1531//2638 1532//2638
f 1535//2639 1533//2639 1534//2639
f 1537//2640 1535//2640 1536//2640
f 1539//2641 1537//2642 1538//2641
f 1541//2645 1539//2644 1540//2643
f 1543//2647 1541//2647 1542//2646
f 580//2650 1543//2649 1544//2648
f 580//2650 1544//2648 581//2651
f 1544//2652 1545//2652 581//2652
f 1545//2655 1546//2654 581//2653
f 1546//2654 582//2656 581//2653
f 1547//2657 582//2657 1546//2657
f 1549//2660 1547//2659 1548//2658
f 1551//2661 1549//2662 1550//2661
f 1553//2664 1551//2663 1552//2663
f 1555//2666 1553//2665 1554//2665
f 1557//2667 1555//2667 1556//2667
f 1555//2668 1554//2668 1556//2668
f 1554//2669 1558//2669 1556//2669
f 1558//2670 1559//2670 1556//2670
f 1560//2671 1559//2671 1558//2671
f 1562//2674 1560//2673 1561//2672
f 1564//2676 1562//2676 1563//2675
f 1566//2678 1564//2678 1565//2677
f 1544//2681 1566//2680 1545//2679
f 1566//2682 1565//2683 1545//2682
f 1565//2683 1546//2683 1545//2682
f 1548//2685 1546//2685 1565//2684
f 1550//2688 1548//2687 1563//2686
f 1552//2691 1550//2690 1561//2689
f 1554//2694 1552//2693 1558//2692
f 1552//2697 1561//2696 1558//2695
f 1561//2696 1560//2698 1558//2695
f 1567//2699 572//2699 1499//2699
f 1568//2702 1567//2701 1501//2700
f 1569//2703 1568//2704 1503//2703
f 1570//2707 1569//2706 1505//2705
f 1509//2710 1570//2709 1507//2708
f 1570//2711 1505//2612 1507//2612
f 573//2712 1571//2712 574//2712
f 1571//2713 1572//2713 574//2713
f 1572//2714 1573//2714 574//2714
f 1573//2715 575//2715 574//2715
f 1519//2716 575//2716 1573//2716
f 1519//2718 1573//2718 1517//2717
f 1573//2718 1574//2717 1517//2717
f 1574//2721 1515//2720 1517//2719
f 1575//2722 1515//2720 1574//2721
f 1577//2724 1575//2723 1576//2723
f 1569//2726 1577//2725 1578//2725
f 1569//2703 1578//2704 1568//2704
f 1578//2728 1579//2728 1568//2727
f 1579//2729 1567//2701 1568//2702
f 573//2730 1567//2730 1579//2730
f 573//2731 1579//2731 1571//2731
f 1579//2728 1578//2728 1571//2732
f 1578//2735 1576//2734 1571//2733
f 1576//2734 1572//2736 1571//2733
f 1574//2737 1572//2738 1576//2737
f 1574//2739 1576//2723 1575//2723
f 1580//2740 577//2740 1523//2740
f 1581//2742 1580//2741 1525//2741
f 1582//2744 1581//2744 1527//2743
f 1583//2746 1582//2746 1529//2745
f 1533//2748 1583//2748 1531//2747
f 1583//2749 1529//2637 1531//2637
f 578//2750 1584//2750 579//2750
f 1584//2751 1585//2751 579//2751
f 1585//2752 1586//2752 579//2752
f 1586//2753 580//2753 579//2753
f 1543//2754 580//2754 1586//2754
f 1543//2757 1586//2756 1541//2755
f 1586//2756 1587//2758 1541//2755
f 1587//2761 1539//2760 1541//2759
f 1588//2762 1539//2760 1587//2761
f 1590//2764 1588//2763 1589//2763
f 1582//2766 1590//2765 1591//2765
f 1582//2744 1591//2744 1581//2744
f 1591//2769 1592//2768 1581//2767
f 1592//2770 1580//2741 1581//2742
f 578//2771 1580//2771 1592//2771
f 578//2772 1592//2772 1584//2772
f 1592//2768 1591//2769 1584//2773
f 1591//2775 1589//2775 1584//2774
f 1589//2775 1585//2774 1584//2774
f 1587//2776 1585//2777 1589//2776
f 1587//2778 1589//2763 1588//2763
f 1547//2781 583//2780 582//2779
f 1593//2782 583//2780 1547//2781
f 1594//2785 1593//2784 1549//2783
f 1595//2788 1594//2787 1551//2786
f 1596//2790 1595//2790 1553//2789
f 1597//2793 1596//2792 1555//2791
f 1598//2794 1597//2794 1557//2794
f 1600//2795 1598//2795 1599//2795
f 1602//2798 1600//2797 1601//2796
f 1604//2800 1602//2799 1603//2799
f 1606//2803 1604//2802 1605//2801
f 1608//2806 1606//2805 1607//2804
f 551//2807 1608//2807 1609//2807
f 551//2808 1609//2808 552//2808
f 1609//2809 1610//2809 552//2809
f 1610//2810 1611//2810 552//2810
f 1611//2811 553//2811 552//2811
f 1612//2812 553//2812 1611//2812
f 1614//2815 1612//2814 1613//2813
f 1616//2816 1614//2816 1615//2816
f 1618//2817 1616//2817 1617//2817
f 1620//2819 1618//2819 1619//2818
f 1622//2820 1620//2820 1621//2820
f 1624//2821 1622//2821 1623//2821
f 1626//2822 1624//2822 1625//2822
f 1628//2824 1626//2824 1627//2823
f 1630//2827 1628//2826 1629//2825
f 1632//2828 1630//2828 1631//2828
f 556//2829 1632//2829 1633//2829
f 556//2830 1633//2830 557//2830
f 1633//2831 1634//2831 557//2831
f 1634//2834 1635//2833 557//2832
f 1635//2833 558//2835 557//2832
f 1636//2836 558//2836 1635//2836
f 1638//2839 1636//2838 1637//2837
f 1640//2840 1638//2840 1639//2840
f 1642//2841 1640//2841 1641//2841
f 1644//2844 1642//2843 1643//2842
f 1646//2845 1644//2845 1645//2845
f 1644//2846 1643//2846 1645//2846
f 1643//2847 1647//2847 1645//2847
f 1647//2848 1648//2848 1645//2848
f 1649//2849 1648//2849 1647//2849
f 1651//2850 1649//2851 1650//2850
f 1653//2853 1651//2853 1652//2852
f 1655//2854 1653//2854 1654//2854
f 1633//2855 1655//2856 1634//2855
f 1655//2857 1654//2857 1634//2857
f 1654//2857 1635//2857 1634//2857
f 1637//2859 1635//2859 1654//2858
f 1639//2862 1637//2861 1652//2860
f 1641//2863 1639//2863 1650//2863
f 1643//2865 1641//2865 1647//2864
f 1641//2867 1650//2866 1647//2866
f 1650//2866 1649//2866 1647//2866
f 1656//2868 583//2868 1593//2868
f 1657//2871 1656//2870 1594//2869
f 1658//2874 1657//2873 1595//2872
f 1659//2875 1658//2875 1596//2875
f 1598//2878 1659//2877 1597//2876
f 1659//2879 1596//2792 1597//2793
f 584//2880 1660//2880 585//2880
f 1660//2881 1661//2881 585//2881
f 1661//2882 1662//2882 585//2882
f 1662//2883 551//2883 585//2883
f 1608//2884 551//2884 1662//2884
f 1608//2885 1662//2886 1606//2885
f 1662//2886 1663//2887 1606//2885
f 1663//2890 1604//2889 1606//2888
f 1664//2891 1604//2889 1663//2890
f 1666//2892 1664//2893 1665//2892
f 1658//2896 1666//2895 1667//2894
f 1658//2874 1667//2897 1657//2873
f 1667//2900 1668//2899 1657//2898
f 1668//2901 1656//2870 1657//2871
f 584//2902 1656//2902 1668//2902
f 584//2903 1668//2903 1660//2903
f 1668//2899 1667//2900 1660//2900
f 1667//2905 1665//2904 1660//2904
f 1665//2904 1661//2906 1660//2904
f 1663//2909 1661//2908 1665//2907
f 1663//2910 1665//2892 1664//2893
f 1669//2911 553//2911 1612//2911
f 1670//2914 1669//2913 1614//2912
f 1671//2917 1670//2916 1616//2915
f 1672//2918 1671//2919 1618//2918
f 1622//2921 1672//2921 1620//2920
f 1672//2922 1618//2819 1620//2819
f 554//2923 1673//2923 555//2923
f 1673//2924 1674//2924 555//2924
f 1674//2925 1675//2925 555//2925
f 1675//2926 556//2926 555//2926
f 1632//2928 556//2927 1675//2927
f 1632//2931 1675//2930 1630//2929
f 1675//2930 1676//2932 1630//2929
f 1676//2933 1628//2933 1630//2933
f 1677//2933 1628//2933 1676//2933
f 1679//2934 1677//2934 1678//2934
f 1671//2936 1679//2935 1680//2935
f 1671//2917 1680//2937 1670//2916
f 1680//2938 1681//2938 1670//2938
f 1681//2939 1669//2913 1670//2914
f 554//2940 1669//2940 1681//2940
f 554//2941 1681//2941 1673//2941
f 1681//2938 1680//2938 1673//2938
f 1680//2944 1678//2943 1673//2942
f 1678//2943 1674//2945 1673//2942
f 1676//2946 1674//2947 1678//2946
f 1676//2948 1678//2934 1677//2934
f 1636//2951 559//2950 558//2949
f 1682//2952 559//2950 1636//2951
f 1683//2955 1682//2954 1638//2953
f 1684//2956 1683//2956 1640//2956
f 1685//2957 1684//2957 1642//2957
f 1686//2960 1685//2959 1644//2958
f 1687//2961 1686//2961 1646//2961
f 1689//2962 1687//2962 1688//2962
f 1691//2963 1689//2964 1690//2963
f 1693//2965 1691//2966 1692//2965
f 1695//2967 1693//2968 1694//2967
f 1697//2969 1695//2969 1696//2969
f 562//2970 1697//2970 1698//2970
f 562//2971 1698//2971 563//2971
f 1698//2972 1699//2972 563//2972
f 1699//2973 1700//2973 563//2973
f 1700//2974 564//2974 563//2974
f 1701//2977 564//2976 1700//2975
f 1703//2978 1701//2979 1702//2978
f 1705//2982 1703//2981 1704//2980
f 1707//2983 1705//2984 1706//2983
f 1709//2986 1707//2985 1708//2985
f 1711//2987 1709//2987 1710//2987
f 1713//2988 1711//2988 1712//2988
f 1715//2989 1713//2990 1714//2989
f 1717//2993 1715//2992 1716//2991
f 1719//2994 1717//2994 1718//2994
f 1721//2995 1719//2996 1720//2995
f 567//2997 1721//2997 1722//2997
f 567//2998 1722//2998 568//2998
f 1722//2999 1723//2999 568//2999
f 1723//3000 1724//3000 568//3000
f 1724//3001 569//3001 568//3001
f 1725//3002 569//3002 1724//3002
f 1727//3004 1725//3004 1726//3003
f 1729//3005 1727//3005 1728//3005
f 1731//3006 1729//3007 1730//3006
f 1733//3008 1731//3008 1732//3008
f 1735//3009 1733//3009 1734//3009
f 1733//3010 1732//3010 1734//3010
f 1732//3011 1736//3011 1734//3011
f 1736//3012 1737//3012 1734//3012
f 1738//3013 1737//3013 1736//3013
f 1740//3014 1738//3014 1739//3014
f 1742//3017 1740//3016 1741//3015
f 1744//3018 1742//3018 1743//3018
f 1722//3021 1744//3020 1723//3019
f 1744//3023 1743//3022 1723//3022
f 1743//3022 1724//3024 1723//3022
f 1726//3027 1724//3026 1743//3025
f 1728//3030 1726//3029 1741//3028
f 1730//3032 1728//3031 1739//3031
f 1732//3034 1730//3034 1736//3033
f 1730//3037 1739//3036 1736//3035
f 1739//3036 1738//3036 1736//3035
f 1745//3038 559//3038 1682//3038
f 1746//3039 1745//3039 1683//3039
f 1747//3040 1746//3040 1684//3040
f 1748//3043 1747//3042 1685//3041
f 1687//3045 1748//3045 1686//3044
f 1748//2960 1685//2959 1686//2960
f 560//3046 1749//3046 561//3046
f 1749//3047 1750//3047 561//3047
f 1750//3048 1751//3048 561//3048
f 1751//3049 562//3049 561//3049
f 1697//3050 562//3050 1751//3050
f 1697//3053 1751//3052 1695//3051
f 1751//3052 1752//3054 1695//3051
f 1752//3057 1693//3056 1695//3055
f 1753//3056 1693//3056 1752//3057
f 1755//3058 1753//3058 1754//3058
f 1747//3060 1755//3059 1756//3059
f 1747//3040 1756//3040 1746//3040
f 1756//3061 1757//3061 1746//3061
f 1757//3062 1745//3039 1746//3039
f 560//3065 1745//3064 1757//3063
f 560//3066 1757//3066 1749//3066
f 1757//3061 1756//3061 1749//3067
f 1756//3069 1754//3069 1749//3068
f 1754//3069 1750//3068 1749//3068
f 1752//3072 1750//3071 1754//3070
f 1752//3058 1754//3058 1753//3058
f 1758//3073 564//2976 1701//2977
f 1759//3074 1758//3075 1703//3074
f 1760//3077 1759//3077 1705//3076
f 1761//3079 1760//3079 1707//3078
f 1711//3082 1761//3081 1709//3080
f 1761//3083 1707//2985 1709//2986
f 565//3084 1762//3084 566//3084
f 1762//3085 1763//3085 566//3085
f 1763//3086 1764//3086 566//3086
f 1764//3087 567//3087 566//3087
f 1721//3088 567//3088 1764//3088
f 1721//3090 1764//3089 1719//3089
f 1764//3089 1765//3091 1719//3089
f 1765//3094 1717//3093 1719//3092
f 1766//3095 1717//3093 1765//3094
f 1768//3096 1766//3096 1767//3096
f 1760//3098 1768//3097 1769//3097
f 1760//3077 1769//3077 1759//3077
f 1769//3100 1770//3100 1759//3099
f 1770//3075 1758//3075 1759//3074
f 565//3101 1758//3101 1770//3101
f 565//3102 1770//3102 1762//3102
f 1770//3100 1769//3100 1762//3103
f 1769//3106 1767//3105 1762//3104
f 1767//3105 1763//3107 1762//3104
f 1765//3109 1763//3109 1767//3108
f 1765//3110 1767//3096 1766//3096
f 1771//3113 569//3112 1725//3111
f 1772//3115 1771//3115 1727//3114
f 1773//3118 1772//3117 1729//3116
f 1774//3119 1773//3120 1731//3119
f 1775//3123 1774//3122 1733//3121
f 1776//3124 1775//3124 1735//3124
f 1778//3125 1776//3125 1777//3125
f 1504//3126 1778//3127 1506//3126
f 1504//3126 1506//3126 1505//3128
f 1738//3129 1779//3129 1737//3129
f 1780//3130 1779//3130 1738//3130
f 1781//3132 1780//3132 1740//3131
f 1782//3133 1781//3133 1742//3133
f 1720//3134 1782//3135 1744//3134
f 1721//2995 1720//2995 1722//3136
f 1720//3137 1744//3020 1722//3021
f 1783//3138 1779//3138 1780//3138
f 1784//3140 1783//3139 1781//3139
f 1718//3142 1784//3142 1782//3141
f 1719//2994 1718//2994 1720//2994
f 1718//3135 1782//3135 1720//3134
f 1785//3143 1714//3143 1712//3143
f 1714//3144 1713//3144 1712//3144
f 1711//3145 1710//3145 1712//3145
f 1708//3146 1710//3146 1709//3146
f 1786//3147 1710//3147 1708//3147
f 1788//3148 1786//3148 1787//3148
f 1790//3151 1788//3150 1789//3149
f 1792//3153 1790//3153 1791//3152
f 1794//3155 1792//3155 1793//3154
f 1698//3158 1794//3157 1699//3156
f 1794//3159 1793//3159 1699//3159
f 1793//3159 1700//3160 1699//3159
f 1702//3163 1700//3162 1793//3161
f 1704//3165 1702//3165 1791//3164
f 1706//3168 1704//3167 1789//3166
f 1708//3170 1706//3169 1787//3169
f 1708//3171 1787//3171 1786//3171
f 1788//3172 1795//3172 1786//3172
f 1796//3173 1795//3173 1788//3173
f 1797//3176 1796//3175 1790//3174
f 1798//3177 1797//3177 1792//3177
f 1696//3179 1798//3179 1794//3178
f 1697//2969 1696//2969 1698//3180
f 1696//3181 1794//3157 1698//3158
f 1799//3182 1795//3182 1796//3182
f 1800//3183 1799//3183 1797//3183
f 1694//3185 1800//3185 1798//3184
f 1695//2967 1694//2967 1696//3186
f 1694//3179 1798//3179 1696//3179
f 1801//3187 1690//3187 1688//3187
f 1690//3188 1689//3188 1688//3188
f 1687//3189 1646//3189 1688//3189
f 1644//3190 1646//3190 1686//3190
f 1802//3191 1648//3191 1649//3191
f 1803//3193 1802//3193 1651//3192
f 1804//3195 1803//3194 1653//3194
f 1631//3197 1804//3197 1655//3196
f 1632//2828 1631//2828 1633//2828
f 1631//3198 1655//2856 1633//2855
f 1807//3199 1806//3199 1805//3199
f 1806//3200 1808//3200 1805//3200
f 1808//3201 1625//3201 1805//3201
f 1625//3202 1623//3202 1805//3202
f 1624//3203 1623//3203 1625//3203
f 1622//3204 1621//3204 1623//3204
f 1619//3205 1621//3205 1620//3205
f 1809//3206 1621//3206 1619//3206
f 1811//3207 1809//3207 1810//3207
f 1813//3210 1811//3209 1812//3208
f 1815//3213 1813//3212 1814//3211
f 1817//3215 1815//3214 1816//3214
f 1609//3218 1817//3217 1610//3216
f 1817//3221 1816//3220 1610//3219
f 1816//3220 1611//3222 1610//3219
f 1613//3223 1611//3223 1816//3223
f 1615//3224 1613//3224 1814//3224
f 1617//3226 1615//3225 1812//3225
f 1619//3228 1617//3228 1810//3227
f 1619//3229 1810//3229 1809//3229
f 1811//3230 1818//3230 1809//3230
f 1819//3231 1818//3231 1811//3231
f 1820//3234 1819//3233 1813//3232
f 1821//3237 1820//3236 1815//3235
f 1607//3239 1821//3238 1817//3238
f 1608//2806 1607//2804 1609//3240
f 1607//3241 1817//3217 1609//3218
f 1822//3242 1818//3242 1819//3242
f 1823//3245 1822//3244 1820//3243
f 1605//3246 1823//3247 1821//3246
f 1606//2803 1605//2801 1607//3248
f 1605//3239 1821//3238 1607//3239
f 1824//3249 1601//3249 1599//3249
f 1601//3250 1600//3250 1599//3250
f 1598//3251 1557//3251 1599//3251
f 1555//3252 1557//3252 1597//3252
f 1825//3253 1559//3253 1560//3253
f 1826//3255 1825//3254 1562//3254
f 1827//3257 1826//3257 1564//3256
f 1542//3259 1827//3259 1566//3258
f 1543//2647 1542//2646 1544//3260
f 1542//3261 1566//2680 1544//2681
f 1830//3262 1829//3262 1828//3262
f 1829//3263 1831//3263 1828//3263
f 1831//3264 1536//3264 1828//3264
f 1536//3265 1534//3265 1828//3265
f 1535//3266 1534//3266 1536//3266
f 1533//3267 1532//3267 1534//3267
f 1530//3268 1532//3268 1531//3268
f 1832//3269 1532//3269 1530//3269
f 1834//3270 1832//3270 1833//3270
f 1836//3271 1834//3272 1835//3271
f 1838//3275 1836//3274 1837//3273
f 1840//3276 1838//3277 1839//3276
f 1520//3278 1840//3278 1521//3278
f 1840//3280 1839//3279 1521//3279
f 1839//3279 1522//3281 1521//3279
f 1524//3282 1522//3282 1839//3282
f 1526//3284 1524//3284 1837//3283
f 1528//3285 1526//3285 1835//3285
f 1530//3288 1528//3287 1833//3286
f 1530//3289 1833//3289 1832//3289
f 1834//3290 1841//3290 1832//3290
f 1842//3291 1841//3291 1834//3291
f 1843//3293 1842//3292 1836//3292
f 1844//3294 1843//3294 1838//3294
f 1518//3295 1844//3296 1840//3295
f 1519//2621 1518//2621 1520//2621
f 1518//3278 1840//3278 1520//3278
f 1845//3297 1841//3297 1842//3297
f 1846//3298 1845//3298 1843//3298
f 1516//3300 1846//3300 1844//3299
f 1517//2619 1516//2619 1518//2619
f 1516//3296 1844//3296 1518//3295
f 1847//3301 1512//3301 1510//3301
f 1512//3302 1511//3302 1510//3302
f 1509//3303 1508//3303 1510//3303
f 1506//3304 1508//3304 1507//3304
f 1777//3305 1508//3305 1506//3305
f 1777//3306 1506//3306 1778//3306
f 1776//3307 1735//3307 1777//3307
f 1733//3308 1735//3308 1775//3308
f 1815//3214 1817//3215 1821//3309
f 1611//3223 1613//3223 1612//3310
f 1820//3236 1821//3237 1823//3311
f 1816//3314 1814//3313 1613//3312
f 1815//3315 1814//3313 1816//3314
f 1813//3212 1815//3213 1820//3212
f 1819//3233 1820//3234 1822//3234
f 1656//3316 584//3316 583//3316
f 1593//2660 1547//2659 1549//2660
f 1825//3317 1830//3317 1559//3317
f 1829//3318 1830//3318 1825//3318
f 1848//3321 1829//3320 1826//3319
f 1540//3323 1848//3323 1827//3322
f 1541//2645 1540//2643 1542//3324
f 1540//3325 1827//3259 1542//3259
f 1831//3326 1829//3320 1848//3321
f 1536//3328 1831//3327 1538//3327
f 1536//2640 1538//3329 1537//2640
f 578//3330 577//3330 1580//3330
f 1842//3272 1834//3272 1836//3271
f 1849//3331 1847//3331 1845//3331
f 1514//3334 1849//3333 1846//3332
f 1515//2618 1514//2618 1516//3335
f 1514//3336 1846//3300 1516//3300
f 1567//3337 573//3337 572//3337
f 1771//3113 570//3338 569//3112
f 1496//3339 570//3339 1771//3339
f 1850//3342 1496//3341 1772//3340
f 1851//3344 1850//3344 1773//3343
f 1852//3347 1851//3346 1774//3345
f 1776//3349 1852//3349 1775//3348
f 1852//3350 1774//3122 1775//3123
f 1780//3014 1738//3014 1740//3014
f 1853//3351 1785//3351 1783//3351
f 1716//3352 1853//3352 1784//3352
f 1717//2993 1716//2991 1718//3353
f 1716//3354 1784//3142 1718//3142
f 1701//3355 1700//3162 1702//3163
f 1799//3356 1801//3356 1795//3356
f 1854//3357 1801//3357 1799//3357
f 1692//3360 1854//3359 1800//3358
f 1693//2965 1692//2965 1694//3361
f 1692//3362 1800//3185 1694//3185
f 1690//3363 1801//3363 1854//3363
f 1691//2963 1690//2963 1692//3364
f 1690//3365 1854//3359 1692//3360
f 1745//3064 560//3065 559//3366
f 1682//2839 1636//2838 1638//2839
f 1802//3367 1807//3367 1648//3367
f 1806//3368 1807//3368 1802//3368
f 1855//3370 1806//3370 1803//3369
f 1629//3372 1855//3372 1804//3371
f 1630//2827 1629//2825 1631//2827
f 1629//3373 1804//3197 1631//3197
f 1808//3370 1806//3370 1855//3370
f 1625//3375 1808//3375 1627//3374
f 1625//2822 1627//2822 1626//2822
f 554//3376 553//3376 1669//3376
f 1819//3377 1811//3209 1813//3210
f 1771//3115 1772//3115 1496//3378
f 1727//3005 1729//3005 1772//3379
f 1728//3031 1730//3032 1729//3031
f 1772//3117 1773//3118 1850//3380
f 1729//3007 1731//3006 1773//3007
f 1730//3034 1732//3034 1731//3381
f 1739//3383 1728//3382 1741//3382
f 1739//3383 1741//3382 1740//3383
f 1728//3030 1727//3384 1726//3029
f 1727//3004 1771//3004 1725//3004
f 1497//3385 1856//3385 1498//3385
f 1856//3388 1500//3387 1498//3386
f 1500//3387 1499//3386 1498//3386
f 1850//3389 1856//3385 1497//3385
f 1850//3342 1497//3341 1496//3341
f 1773//3120 1774//3119 1851//3390
f 1857//3392 1856//3392 1851//3391
f 1858//3393 1857//3393 1852//3393
f 1778//3395 1858//3395 1776//3394
f 1858//3396 1852//3349 1776//3349
f 1731//3008 1733//3008 1774//3008
f 1851//3346 1852//3347 1857//3346
f 1850//3344 1851//3344 1856//3397
f 1499//2606 1501//2606 1567//3398
f 1500//3401 1502//3400 1501//3399
f 1857//3402 1502//3400 1500//3401
f 1857//3392 1500//3403 1856//3392
f 1568//2608 1501//2608 1503//2608
f 1858//3393 1502//3393 1857//3393
f 1504//3405 1502//3405 1858//3404
f 1504//3406 1858//3395 1778//3395
f 1503//3407 1502//3405 1504//3405
f 1576//3408 1578//2725 1577//2725
f 1503//2609 1505//2610 1569//2610
f 1577//3409 1569//2706 1570//2707
f 1575//3410 1577//3411 1859//3410
f 1515//3413 1575//3412 1513//3412
f 1575//3412 1859//3412 1513//3412
f 1859//3415 1511//3415 1513//3414
f 1509//3415 1511//3415 1859//3415
f 1509//2710 1859//3416 1570//2709
f 1859//3410 1577//3411 1570//3417
f 1572//2738 1574//2737 1573//2738
f 1512//2615 1514//3418 1513//2617
f 1849//3333 1514//3334 1512//3334
f 1849//3419 1512//3419 1847//3419
f 1840//3276 1844//3277 1838//3277
f 1844//3294 1846//3294 1843//3294
f 1846//3298 1849//3420 1845//3298
f 1841//3421 1845//3421 1847//3421
f 1522//3282 1524//3282 1523//3282
f 1837//3423 1839//3423 1838//3422
f 1524//3424 1839//3423 1837//3423
f 1523//2630 1525//2631 1580//2631
f 1836//3274 1838//3275 1843//3425
f 1524//3284 1526//3284 1525//3284
f 1842//3292 1843//3293 1845//3292
f 1837//3427 1835//3426 1526//3426
f 1836//3428 1835//3426 1837//3427
f 1525//2633 1527//2633 1581//3429
f 1526//3285 1528//3285 1527//3285
f 1582//2635 1527//2635 1529//2635
f 1833//3430 1835//3431 1834//3430
f 1528//3431 1835//3431 1833//3430
f 1529//3432 1528//3287 1530//3288
f 1591//2765 1590//2765 1589//3433
f 1585//2777 1587//2776 1586//2777
f 1583//2746 1590//2746 1582//2746
f 1860//3435 1590//3435 1583//3434
f 1535//3437 1860//3437 1533//3436
f 1860//3438 1583//2748 1533//2748
f 1588//3439 1590//3435 1860//3435
f 1539//3440 1588//3440 1537//3440
f 1588//3440 1860//3441 1537//3440
f 1860//3437 1535//3437 1537//3442
f 1540//3443 1539//2641 1538//2641
f 1540//3323 1538//3444 1848//3323
f 1538//3327 1831//3327 1848//3445
f 1566//2678 1827//3446 1564//2678
f 1827//3257 1848//3447 1826//3257
f 1546//2685 1548//2685 1547//3448
f 1563//3451 1565//3450 1564//3449
f 1548//3452 1565//3450 1563//3451
f 1549//3453 1548//2687 1550//2688
f 1562//2676 1564//2676 1826//3454
f 1825//3254 1826//3255 1829//3455
f 1563//3458 1561//3457 1550//3456
f 1562//3459 1561//3457 1563//3458
f 1825//3460 1560//2673 1562//2674
f 1593//2784 1594//2785 1656//3461
f 1549//2662 1551//2661 1594//2662
f 1657//3462 1594//2787 1595//2788
f 1550//2690 1552//2691 1551//3463
f 1595//3464 1551//2663 1553//2664
f 1553//3465 1552//2693 1554//2694
f 1665//3466 1667//2894 1666//2895
f 1595//2790 1596//2790 1658//3467
f 1666//2875 1658//2875 1659//2875
f 1664//3470 1666//3469 1861//3468
f 1604//3473 1664//3472 1602//3471
f 1664//3472 1861//3474 1602//3471
f 1861//3475 1600//3475 1602//3475
f 1598//3476 1600//3475 1861//3475
f 1598//2878 1861//3477 1659//2877
f 1861//3468 1666//3469 1659//3469
f 1553//2665 1555//2666 1596//2666
f 1661//2908 1663//2909 1662//3478
f 1603//2799 1605//2800 1604//2800
f 1823//3247 1605//3246 1603//3479
f 1822//3244 1823//3245 1862//3245
f 1818//3480 1822//3480 1824//3480
f 1822//3481 1862//3481 1824//3481
f 1862//3482 1601//3482 1824//3482
f 1603//3485 1601//3484 1862//3483
f 1603//3485 1862//3483 1823//3486
f 1602//2798 1601//2796 1603//3487
f 1612//2814 1614//2815 1669//3488
f 1814//3489 1813//3490 1812//3489
f 1814//3489 1812//3489 1615//3491
f 1613//3224 1615//3224 1614//3224
f 1614//2816 1616//2816 1670//3492
f 1615//3225 1617//3226 1616//3226
f 1671//3493 1616//2817 1618//2817
f 1810//3494 1812//3494 1811//3494
f 1617//3495 1812//3494 1810//3494
f 1618//3228 1617//3228 1619//3228
f 1680//2935 1679//2935 1678//3496
f 1674//2947 1676//2946 1675//2947
f 1672//2918 1679//3497 1671//2919
f 1863//3498 1679//3498 1672//3498
f 1624//3500 1863//3499 1622//3499
f 1863//2921 1672//2921 1622//2921
f 1677//3498 1679//3498 1863//3498
f 1628//3501 1677//3501 1626//3501
f 1677//3501 1863//3502 1626//3501
f 1863//3499 1624//3500 1626//3500
f 1629//2823 1628//2824 1627//2823
f 1629//3372 1627//3503 1855//3372
f 1627//3374 1808//3375 1855//3504
f 1655//2854 1804//3505 1653//2854
f 1804//3195 1855//3506 1803//3194
f 1635//2859 1637//2859 1636//3507
f 1652//3508 1654//3509 1653//3508
f 1637//3510 1654//3509 1652//3508
f 1638//2861 1637//2861 1639//2862
f 1651//2853 1653//2853 1803//2853
f 1802//3193 1803//3193 1806//3511
f 1652//3512 1650//3513 1639//3512
f 1651//3514 1650//3513 1652//3512
f 1802//3515 1649//2851 1651//2850
f 1682//2954 1683//2955 1745//2955
f 1638//2840 1640//2840 1683//3516
f 1746//3517 1683//2956 1684//2956
f 1639//2863 1641//2863 1640//2863
f 1684//3518 1640//2841 1642//2841
f 1642//2865 1641//2865 1643//2865
f 1754//3519 1756//3059 1755//3059
f 1684//2957 1685//2957 1747//2957
f 1755//3042 1747//3042 1748//3043
f 1753//3521 1755//3520 1864//3520
f 1693//3524 1753//3523 1691//3522
f 1753//3523 1864//3523 1691//3522
f 1864//3526 1689//3526 1691//3525
f 1687//3527 1689//3526 1864//3526
f 1687//3045 1864//3528 1748//3045
f 1864//3520 1755//3520 1748//3529
f 1642//2843 1644//2844 1685//3530
f 1750//3071 1752//3072 1751//3531
f 1792//3155 1794//3155 1798//3532
f 1797//3177 1798//3177 1800//3177
f 1793//3534 1791//3534 1702//3533
f 1792//3535 1791//3534 1793//3534
f 1799//3183 1800//3183 1854//3536
f 1790//3153 1792//3153 1797//3537
f 1799//3538 1796//3175 1797//3176
f 1701//2979 1703//2978 1758//3539
f 1702//3165 1704//3165 1703//3540
f 1759//3541 1703//2981 1705//2982
f 1789//3544 1791//3543 1790//3542
f 1704//3545 1791//3543 1789//3544
f 1705//3167 1704//3167 1706//3168
f 1788//3150 1790//3151 1796//3546
f 1789//3547 1787//3547 1706//3547
f 1788//3547 1787//3547 1789//3547
f 564//3548 1758//3548 565//3548
f 1760//3549 1705//2984 1707//2983
f 1707//3169 1706//3169 1708//3170
f 1769//3097 1768//3097 1767//3550
f 1763//3109 1765//3109 1764//3109
f 1761//3079 1768//3551 1760//3079
f 1865//3553 1768//3553 1761//3552
f 1713//3556 1865//3555 1711//3554
f 1865//3081 1761//3081 1711//3082
f 1766//3557 1768//3553 1865//3553
f 1717//3560 1766//3559 1715//3558
f 1766//3559 1865//3561 1715//3558
f 1865//3555 1713//3556 1715//3562
f 1716//2989 1715//2989 1714//2989
f 1716//3352 1714//3352 1853//3352
f 1714//3563 1785//3563 1853//3563
f 1744//3018 1782//3564 1742//3018
f 1782//3133 1784//3133 1781//3133
f 1784//3140 1853//3565 1783//3139
f 1779//3566 1783//3566 1785//3566
f 1724//3026 1726//3027 1725//3567
f 1741//3570 1743//3569 1742//3568
f 1726//3571 1743//3569 1741//3570
f 1740//3016 1742//3017 1781//3016
f 1780//3132 1781//3132 1783//3132
f 1867//3574 1737//3573 1866//3572
f 1737//3573 1779//3575 1866//3572
f 1779//3576 1868//3576 1866//3576
f 1785//3576 1868//3576 1779//3576
f 1869//3577 1868//3577 1785//3577
f 1870//3580 1869//3579 1712//3578
f 1871//3582 1870//3581 1710//3581
f 1872//3585 1871//3584 1786//3583
f 1873//3588 1872//3587 1795//3586
f 1874//3590 1873//3590 1801//3589
f 1875//3591 1874//3591 1688//3591
f 1876//3594 1875//3593 1646//3592
f 1877//3595 1876//3595 1645//3595
f 1878//3596 1877//3597 1648//3596
f 1879//3598 1878//3598 1807//3598
f 1880//3601 1879//3600 1805//3599
f 1881//3602 1880//3602 1623//3602
f 1882//3603 1881//3603 1621//3603
f 1883//3604 1882//3604 1809//3604
f 1884//3607 1883//3606 1818//3605
f 1885//3610 1884//3609 1824//3608
f 1886//3611 1885//3611 1599//3611
f 1887//3613 1886//3613 1557//3612
f 1888//3616 1887//3615 1556//3614
f 1889//3619 1888//3618 1559//3617
f 1890//3621 1889//3621 1830//3620
f 1891//3622 1890//3623 1828//3622
f 1892//3626 1891//3625 1534//3624
f 1893//3628 1892//3628 1532//3627
f 1894//3629 1893//3629 1832//3629
f 1895//3631 1894//3631 1841//3630
f 1896//3634 1895//3633 1847//3632
f 1897//3637 1896//3636 1510//3635
f 1898//3638 1897//3638 1508//3638
f 1899//3641 1898//3640 1777//3639
f 1900//3642 1899//3643 1735//3642
f 1867//3646 1900//3645 1734//3644
f 1867//3646 1734//3644 1737//3647
f 1712//3577 1869//3577 1785//3577
f 1710//3648 1870//3580 1712//3578
f 1786//3582 1871//3582 1710//3581
f 1795//3584 1872//3585 1786//3583
f 1801//3649 1873//3588 1795//3586
f 1688//3590 1874//3590 1801//3589
f 1646//3591 1875//3591 1688//3591
f 1645//3594 1876//3594 1646//3592
f 1648//3595 1877//3595 1645//3595
f 1807//3650 1878//3596 1648//3596
f 1805//3651 1879//3598 1807//3598
f 1623//3599 1880//3601 1805//3599
f 1621//3602 1881//3602 1623//3602
f 1809//3603 1882//3603 1621//3603
f 1818//3604 1883//3604 1809//3604
f 1824//3652 1884//3607 1818//3605
f 1599//3609 1885//3610 1824//3608
f 1557//3611 1886//3611 1599//3611
f 1556//3613 1887//3613 1557//3612
f 1559//3653 1888//3616 1556//3614
f 1830//3654 1889//3619 1559//3617
f 1828//3655 1890//3621 1830//3620
f 1534//3623 1891//3622 1828//3622
f 1532//3656 1892//3626 1534//3624
f 1832//3657 1893//3628 1532//3627
f 1841//3629 1894//3629 1832//3629
f 1847//3630 1895//3631 1841//3630
f 1510//3632 1896//3634 1847//3632
f 1508//3635 1897//3637 1510//3635
f 1777//3638 1898//3638 1508//3638
f 1735//3641 1899//3641 1777//3639
f 1734//3658 1900//3642 1735//3642
f 1867//263 1255//58 1386//3659
f 1867//263 1386//3659 1900//3660
f 1386//3659 1395//53 1900//3660
f 1395//53 1899//53 1900//3660
f 1401//58 1899//53 1395//53
f 1898//58 1899//53 1401//58
f 1897//269 1898//58 1233//266
f 1896//264 1897//269 1231//55
f 1895//266 1896//264 1402//55
f 1894//258 1895//266 1411//3661
f 1893//55 1894//258 1417//260
f 1892//258 1893//55 1209//58
f 1891//81 1892//258 1350//258
f 1890//81 1891//81 1418//81
f 1889//3663 1890//81 1424//3662
f 1888//3663 1889//3663 1187//3663
f 1887//253 1888//3663 1185//58
f 1886//55 1887//253 1331//263
f 1885//268 1886//55 1426//257
f 1884//58 1885//268 1432//3659
f 1883//58 1884//58 1163//58
f 1312//266 1883//58 1161//58
f 1883//58 1163//58 1161//58
f 1257//266 1866//266 1472//55
f 1866//266 1868//58 1472//55
f 1868//58 1466//55 1472//55
f 1869//3664 1466//55 1868//58
f 1091//57 1466//55 1869//3664
f 1093//57 1091//57 1870//55
f 1465//55 1093//57 1871//55
f 1459//55 1465//55 1872//55
f 1450//57 1459//55 1873//3665
f 1115//257 1450//57 1874//257
f 1448//55 1115//257 1875//3663
f 1442//52 1448//55 1876//258
f 1293//55 1442//52 1877//258
f 1137//55 1293//55 1878//58
f 1139//51 1137//55 1879//264
f 1440//258 1139//51 1880//258
f 1434//265 1440//258 1881//264
f 1312//266 1434//265 1882//258
f 1312//266 1882//258 1883//58
f 1870//55 1091//57 1869//3664
f 1871//55 1093//57 1870//55
f 1872//55 1465//55 1871//55
f 1873//3665 1459//55 1872//55
f 1874//257 1450//57 1873//3665
f 1875//3663 1115//257 1874//257
f 1876//258 1448//55 1875//3663
f 1877//258 1442//52 1876//258
f 1878//58 1293//55 1877//258
f 1879//264 1137//55 1878//58
f 1880//258 1139//51 1879//264
f 1881//264 1440//258 1880//258
f 1882//258 1434//265 1881//264
f 1884//58 1432//3659 1163//58
f 1885//268 1426//257 1432//3659
f 1886//55 1331//263 1426//257
f 1887//253 1185//58 1331//263
f 1888//3663 1187//3663 1185//58
f 1889//3663 1424//3662 1187//3663
f 1890//81 1418//81 1424//3662
f 1891//81 1350//258 1418//81
f 1892//258 1209//58 1350//258
f 1893//55 1417//260 1209//58
f 1894//258 1411//3661 1417//260
f 1895//266 1402//55 1411//3661
f 1896//264 1231//55 1402//55
f 1897//269 1233//266 1231//55
f 1898//58 1401//58 1233//266
f 1257//266 1867//263 1866//266
f 1255//58 1867//263 1257//266
f 1902//263 678//55 1901//264
f 678//55 846//55 1901//264
f 846//55 979//3664 1901//264
f 979//3664 985//53 1901//264
f 985//53 654//262 1901//264
f 654//262 1903//3666 1901//264
f 1904//57 1903//3666 654//262
f 1904//57 654//262 1905//270
f 654//262 1906//51 1905//270
f 652//57 1906//51 654//262
f 1907//52 1906//51 652//57
f 1907//52 652//57 1908//55
f 652//57 824//55 1908//55
f 824//55 1909//3663 1908//55
f 987//3663 1909//3663 824//55
f 1910//263 1909//3663 987//3663
f 628//253 1910//263 993//263
f 1910//263 987//3663 993//263
f 1910//263 1004//258 1911//58
f 1004//258 1010//55 1911//58
f 1010//55 603//3667 1911//58
f 603//3667 601//266 1911//58
f 601//266 1011//55 1911//58
f 1011//55 1017//55 1911//58
f 1017//55 1912//57 1911//58
f 784//58 1912//57 1017//55
f 1913//55 1912//57 784//58
f 1913//55 784//58 1914//266
f 784//58 782//3668 1914//266
f 782//3668 1915//81 1914//266
f 931//258 1915//81 782//3668
f 1916//55 1915//81 931//258
f 1916//55 931//258 1917//57
f 931//258 1918//3669 1917//57
f 1919//3670 1918//3669 931//258
f 946//3663 1919//3670 940//3671
f 1919//3670 931//258 940//3671
f 1919//3670 755//55 1920//81
f 755//55 947//58 1920//81
f 947//58 956//51 1920//81
f 956//51 962//58 1920//81
f 962//58 730//55 1920//81
f 730//55 534//81 1920//81
f 534//81 1921//269 1920//81
f 1921//269 1922//58 1920//81
f 1922//58 1923//58 1920//81
f 1923//58 1924//55 1920//81
f 1924//55 1925//57 1920//81
f 1925//57 1926//55 1920//81
f 534//81 969//3663 536//263
f 969//3663 706//57 536//263
f 706//57 704//57 536//263
f 704//57 868//57 536//263
f 868//57 1902//263 536//263
f 1902//263 1927//3672 536//263
f 1928//55 1927//3672 1902//263
f 1928//55 1902//263 1929//58
f 1902//263 1930//55 1929//58
f 1931//58 1930//55 1902//263
f 1931//58 1902//263 1932//58
f 1910//263 995//258 1004//258
f 628//253 995//258 1910//263
f 1902//263 680//254 678//55
f 977//58 680//254 1902//263
f 977//58 1902//263 971//55
f 1902//263 868//57 971//55
f 534//81 963//57 969//3663
f 890//265 963//57 534//81
f 890//265 534//81 730//55
f 1919//3670 757//55 755//55
f 946//3663 757//55 1919//3670
f 1901//3673 449//3673 445//3673
f 1903//3674 449//3674 1901//3674
f 451//3675 449//3675 1903//3675
f 453//3676 451//3676 1904//3676
f 453//3677 1904//3677 385//3677
f 1904//3678 1905//3678 385//3678
f 1905//3679 387//3679 385//3679
f 1906//3680 387//3680 1905//3680
f 396//3681 387//3681 1906//3681
f 405//3682 396//3682 1907//3682
f 406//3683 405//3683 1908//3683
f 406//3684 1908//3684 408//3684
f 1908//3685 1909//3685 408//3685
f 1909//3686 410//3686 408//3686
f 1910//3687 410//3687 1909//3687
f 412//3688 410//3688 1910//3688
f 1904//3689 451//3689 1903//3689
f 1907//3690 396//3690 1906//3690
f 1908//3691 405//3691 1907//3691
f 469//3692 1919//3692 438//3692
f 1918//3693 1919//3693 469//3693
f 1917//3694 1918//3694 471//3694
f 494//3695 1917//3695 473//3695
f 1917//3696 471//3696 473//3696
f 471//3697 1918//3697 469//3697
f 494//3698 1916//3698 1917//3698
f 485//3699 1916//3699 494//3699
f 1915//3700 1916//3700 485//3700
f 1914//3701 1915//3701 476//3701
f 1913//3702 1914//3702 474//3702
f 1912//3703 1913//3703 423//3703
f 1911//3704 1912//3704 421//3704
f 1911//3705 421//3705 417//3705
f 476//3706 1915//3706 485//3706
f 474//3707 1914//3707 476//3707
f 423//3710 1913//3709 474//3708
f 423//3710 474//3708 425//3711
f 421//3712 1912//3712 423//3712
f 1933//3713 536//3713 1927//3713
f 508//3715 1933//3714 1934//3714
f 508//3716 1934//3716 507//3716
f 1934//3718 1935//3718 507//3717
f 1935//3719 505//3719 507//3719
f 503//3722 505//3721 1935//3720
f 499//3723 503//3723 1936//3723
f 501//3724 499//3724 1937//3724
f 496//3725 501//3725 1938//3725
f 496//3726 1938//3726 1902//3726
f 1938//3727 1932//3727 1902//3727
f 1937//3728 1932//3729 1938//3728
f 1937//3728 1938//3728 501//3730
f 1933//3731 506//3731 536//3731
f 508//3732 506//3732 1933//3732
f 1936//3733 503//3722 1935//3720
f 1931//3734 1936//3734 1930//3734
f 1936//3733 1935//3720 1930//3735
f 1935//3720 1929//3736 1930//3735
f 1928//3737 1929//3737 1935//3737
f 1927//3738 1928//3738 1934//3738
f 1927//3739 1934//3714 1933//3714
f 1937//3742 499//3741 1936//3740
f 1932//3743 1937//3743 1931//3743
f 1937//3742 1936//3740 1931//3744
f 1934//3718 1928//3745 1935//3718
f 456//76 1901//76 445//76
f 1902//76 1901//76 456//76
f 496//76 1902//76 495//77
f 1902//76 456//76 495//77
f 456//76 513//75 495//77
f 513//75 531//76 495//77
f 1939//3746 1920//3746 1926//3746
f 500//3749 1939//3748 1940//3747
f 500//3750 1940//3750 502//3750
f 1940//3753 1941//3752 502//3751
f 1941//3754 504//3754 502//3754
f 509//3756 504//3756 1941//3755
f 511//3757 509//3757 1942//3757
f 512//3758 511//3758 1943//3758
f 510//3759 512//3759 1944//3759
f 510//3760 1944//3760 534//3760
f 1944//3761 1921//3761 534//3761
f 1943//3762 1921//3763 1944//3762
f 1943//3762 1944//3762 512//3764
f 1939//3765 497//3765 1920//3765
f 500//3766 497//3766 1939//3766
f 1942//3755 509//3756 1941//3755
f 1922//3767 1942//3767 1923//3767
f 1942//3755 1941//3755 1923//3768
f 1941//3755 1924//3768 1923//3768
f 1925//3769 1924//3769 1941//3769
f 1926//3770 1925//3770 1940//3770
f 1926//3771 1940//3747 1939//3748
f 1943//3772 511//3773 1942//3772
f 1921//3774 1943//3774 1922//3774
f 1943//3772 1942//3772 1922//3775
f 1940//3753 1925//3776 1941//3752
f 1919//78 467//79 438//78
f 1920//78 467//79 1919//78
f 498//79 467//79 1920//78
f 498//79 1920//78 497//78
f 498//79 524//3777 467//79
f 532//79 524//3777 498//79
f 1947//3778 1946//3778 1945//3778
f 1946//3778 1948//3778 1945//3778
f 1946//3778 1950//3778 1949//3778
f 1951//3778 1950//3778 1946//3778
f 1952//3778 1951//3778 1947//3778
f 1951//3778 1946//3778 1947//3778
f 1950//3778 1954//3778 1953//3778
f 1951//3778 1954//3778 1950//3778
f 1955//3778 1954//3778 1951//3778
f 1955//3778 1951//3778 1956//3778
f 1945//72 1957//72 1947//72
f 1958//72 1957//72 1945//72
f 1959//61 1947//61 1957//61
f 1952//61 1947//61 1959//61
f 1952//72 1960//72 1951//72
f 1959//72 1960//72 1952//72
f 1961//61 1951//61 1960//61
f 1956//61 1951//61 1961//61
f 1963//60 1955//60 1962//60
f 1954//60 1955//60 1963//60
f 1953//61 1964//61 1950//61
f 1965//61 1964//61 1953//61
f 1950//73 1966//73 1949//73
f 1964//73 1966//73 1950//73
f 1949//61 1967//61 1946//61
f 1966//61 1967//61 1949//61
f 1946//73 1968//73 1948//73
f 1967//73 1968//73 1946//73
f 1948//61 1958//61 1945//61
f 1968//61 1958//61 1948//61
f 1971//3779 1970//3779 1969//3779
f 1970//3779 1972//3779 1969//3779
f 1970//3779 1974//3780 1973//82
f 1975//3779 1974//3780 1970//3779
f 1976//82 1975//3779 1971//3779
f 1975//3779 1970//3779 1971//3779
f 1974//3780 1978//3780 1977//3781
f 1975//3779 1978//3780 1974//3780
f 1979//3782 1978//3780 1975//3779
f 1979//3782 1975//3779 1980//3783
f 1969//64 1981//64 1971//64
f 1982//64 1981//64 1969//64
f 1983//61 1971//61 1981//61
f 1976//61 1971//61 1983//61
f 1976//3784 1984//3784 1975//3784
f 1983//3784 1984//3784 1976//3784
f 1985//61 1975//61 1984//61
f 1980//61 1975//61 1985//61
f 1987//60 1979//60 1986//60
f 1978//60 1979//60 1987//60
f 1977//61 1988//61 1974//61
f 1989//61 1988//61 1977//61
f 1974//71 1990//71 1973//71
f 1988//71 1990//71 1974//71
f 1973//61 1991//61 1970//61
f 1990//61 1991//61 1973//61
f 1970//67 1992//67 1972//67
f 1991//67 1992//67 1970//67
f 1972//61 1982//61 1969//61
f 1992//61 1982//61 1972//61
f 1995//89 1994//89 1993//89
f 1994//89 1996//89 1993//89
f 1994//89 1998//89 1997//63
f 1999//63 1998//89 1994//89
f 2000//63 1999//63 1995//89
f 1999//63 1994//89 1995//89
f 1998//89 2002//88 2001//84
f 1999//63 2002//88 1998//89
f 2003//99 2002//88 1999//63
f 2003//99 1999//63 2004//91
f 1993//22 2005//22 1995//22
f 2006//22 2005//22 1993//22
f 2007//61 1995//61 2005//61
f 2000//61 1995//61 2007//61
f 2000//77 2008//77 1999//77
f 2007//77 2008//77 2000//77
f 2009//61 1999//61 2008//61
f 2004//61 1999//61 2009//61
f 2011//60 2003//60 2010//60
f 2002//60 2003//60 2011//60
f 2001//61 2012//61 1998//61
f 2013//61 2012//61 2001//61
f 1998//3785 2014//3785 1997//3785
f 2012//3785 2014//3785 1998//3785
f 1997//61 2015//61 1994//61
f 2014//61 2015//61 1997//61
f 1994//79 2016//79 1996//79
f 2015//79 2016//79 1994//79
f 1996//61 2006//61 1993//61
f 2016//61 2006//61 1996//61
f 2018//3787 317//3786 2017//3786
f 317//3786 2019//3788 2017//3786
f 2020//3789 2019//3788 317//3786
f 2020//3789 317//3786 2021//3790
f 317//3786 2022//83 2021//3790
f 2023//3787 2022//83 317//3786
f 2023//3787 317//3786 2024//3787
f 317//3786 2025//83 312//3787
f 2026//3787 2025//83 317//3786
f 2026//3787 317//3786 2027//3791
f 317//3786 2028//83 2027//3791
f 2029//3786 2028//83 317//3786
f 2029//3786 317//3786 2030//3787
f 317//3786 2031//3786 2030//3787
f 2032//3787 2031//3786 317//3786
f 2033//3787 2032//3787 2018//3787
f 2032//3787 317//3786 2018//3787
f 2033//3787 2034//3787 2032//3787
f 322//3792 2034//3787 2033//3787
f 2036//83 322//3792 2035//83
f 322//3792 2033//3787 2035//83
f 322//3792 2037//3786 2034//3787
f 2038//3786 2037//3786 322//3792
f 2038//3786 322//3792 2039//3788
f 322//3792 2040//3786 2039//3788
f 2041//3787 2040//3786 322//3792
f 2041//3787 322//3792 2042//3786
f 322//3792 2043//83 2042//3786
f 324//83 2043//83 322//3792
f 322//3792 2045//3791 2044//83
f 2046//3789 2045//3791 322//3792
f 2046//3789 322//3792 2047//3793
f 322//3792 2048//83 2047//3793
f 2036//83 2048//83 322//3792
f 328//83 320//3794 311//3787
f 328//83 311//3787 326//3787
f 2051//3787 2050//3796 2049//3795
f 2050//3796 2052//3790 2049//3795
f 2052//3790 2053//3790 2049//3795
f 2054//83 2053//3790 2052//3790
f 2055//3789 2053//3790 2054//83
f 2057//3787 2055//3789 2056//3787
f 2057//3787 2056//3787 2058//83
f 2056//3787 2055//3789 2054//83
f 2060//83 2056//3787 2059//3790
f 2062//83 2060//83 2061//83
f 2060//83 2059//3790 2061//83
f 2059//3790 2056//3787 2054//83
f 2051//3787 328//83 2050//3796
f 320//3794 328//83 2051//3787
f 2025//3797 310//3797 312//3797
f 2063//3797 310//3797 2025//3797
f 2064//3800 2063//3799 2026//3798
f 2065//3802 2064//3801 2027//3801
f 2066//3805 2065//3804 2028//3803
f 2067//3806 2066//3806 2029//3806
f 2068//3807 2067//3807 2030//3807
f 2069//3810 2068//3809 2031//3808
f 2070//3813 2069//3812 2032//3811
f 2069//3812 2031//3811 2032//3811
f 2026//3798 2063//3799 2025//3814
f 2027//3801 2064//3801 2026//3802
f 2028//3803 2065//3804 2027//3815
f 2029//3806 2066//3806 2028//3816
f 2030//3807 2067//3807 2029//3807
f 2031//3808 2068//3809 2030//3817
f 329//3790 2072//83 2071//3818
f 2072//83 2073//3794 2071//3818
f 2074//83 2073//3794 2072//83
f 2074//83 2072//83 2075//3793
f 2072//83 2076//3789 2075//3793
f 2077//83 2076//3789 2072//83
f 2077//83 2072//83 2078//83
f 329//3790 2070//3818 2072//83
f 310//3794 2070//3818 329//3790
f 310//3794 329//3790 309//3787
f 329//3790 330//3787 309//3787
f 2070//3818 2068//83 2069//83
f 2067//3819 2068//83 2070//3818
f 2067//3819 2070//3818 2066//3820
f 2070//3818 2065//83 2066//3820
f 2064//3789 2065//83 2070//3818
f 2064//3789 2070//3818 2063//83
f 2070//3818 310//3794 2063//83
f 2037//3821 2072//3821 2034//3821
f 2078//3821 2072//3821 2037//3821
f 2077//3824 2078//3823 2038//3822
f 2076//3825 2077//3825 2039//3825
f 2075//3827 2076//3827 2040//3826
f 2074//3829 2075//3828 2041//3828
f 2073//3832 2074//3831 2042//3830
f 2071//3834 2073//3833 2043//3833
f 329//3837 2071//3836 324//3835
f 2071//3836 2043//3838 324//3835
f 2038//3822 2078//3823 2037//3824
f 2039//3825 2077//3825 2038//3825
f 2040//3826 2076//3827 2039//3826
f 2041//3828 2075//3828 2040//3828
f 2042//3830 2074//3831 2041//3839
f 2043//3833 2073//3833 2042//3840
f 311//60 330//60 326//60
f 309//60 330//60 311//60
f 2034//61 2070//61 2032//61
f 2072//61 2070//61 2034//61
f 2080//61 2079//61 1987//61
f 2081//61 2079//61 2080//61
f 2082//61 2079//61 2081//61
f 2082//61 2081//61 2060//61
f 2081//61 2056//61 2060//61
f 2083//61 2056//61 2081//61
f 2084//61 2056//61 2083//61
f 1986//61 2084//61 2085//61
f 2084//61 2083//61 2085//61
f 2084//61 2086//61 2056//61
f 2089//3841 2088//3841 2087//3780
f 2088//3841 2090//3842 2087//3780
f 2090//3842 2091//82 2087//3780
f 2092//3843 2091//82 2090//3842
f 2093//3780 2091//82 2092//3843
f 2095//3841 2093//3780 2094//3841
f 2097//3845 2095//3841 2096//3844
f 2099//3846 2097//3845 2098//3780
f 2101//3842 2099//3846 2100//3780
f 2103//3842 2101//3842 2102//3847
f 2105//3843 2103//3842 2104//3843
f 2107//82 2105//3843 2106//82
f 2105//3843 2104//3843 2106//82
f 2094//3841 2093//3780 2092//3843
f 2096//3844 2095//3841 2094//3841
f 2098//3780 2097//3845 2096//3844
f 2100//3780 2099//3846 2098//3780
f 2102//3847 2101//3842 2100//3780
f 2104//3843 2103//3842 2102//3847
f 2089//3841 2108//3780 2088//3841
f 2109//3841 2108//3780 2089//3841
f 2110//3780 2108//3780 2109//3841
f 2112//82 2110//3780 2111//3780
f 2114//3848 2112//82 2113//3843
f 2116//3847 2114//3848 2115//3845
f 2118//3779 2116//3847 2117//3841
f 2120//3849 2118//3779 2119//3847
f 2122//3850 2120//3849 2121//3843
f 2124//3780 2122//3850 2123//3847
f 2126//82 2124//3780 2125//3780
f 2126//82 2125//3780 2127//82
f 2111//3780 2110//3780 2109//3841
f 2113//3843 2112//82 2111//3780
f 2115//3845 2114//3848 2113//3843
f 2117//3841 2116//3847 2115//3845
f 2119//3847 2118//3779 2117//3841
f 2121//3843 2120//3849 2119//3847
f 2123//3847 2122//3850 2121//3843
f 2125//3780 2124//3780 2123//3847
f 2130//3851 2129//3818 2128//3794
f 2130//3851 2128//3794 2131//3818
f 2128//3794 2132//3852 2131//3818
f 2132//3852 2133//3790 2131//3818
f 2134//3793 2133//3790 2132//3852
f 2135//3818 2133//3790 2134//3793
f 2137//3794 2135//3818 2136//3787
f 2139//3787 2137//3794 2138//3792
f 2137//3794 2136//3787 2138//3792
f 2142//3790 2141//83 2140//3853
f 2141//83 2143//3854 2140//3853
f 2143//3854 2144//3791 2140//3853
f 2145//3796 2144//3791 2143//3854
f 2146//3789 2144//3791 2145//3796
f 2148//3819 2146//3789 2147//3792
f 2148//3819 2147//3792 2149//3793
f 2147//3792 2150//3819 2149//3793
f 2150//3819 2151//3790 2149//3793
f 2152//3787 2151//3790 2150//3819
f 2153//83 2151//3790 2152//3787
f 2155//3796 2153//83 2154//3855
f 2155//3796 2154//3855 2156//3792
f 2154//3855 2157//3792 2156//3792
f 2157//3792 2158//3787 2156//3792
f 2159//83 2158//3787 2157//3792
f 2160//3853 2158//3787 2159//83
f 2162//83 2160//3853 2161//3794
f 2164//3856 2162//83 2163//3786
f 2164//3856 2163//3786 2165//3857
f 2163//3786 2166//83 2165//3857
f 2166//83 2167//3857 2165//3857
f 2168//3794 2167//3857 2166//83
f 2169//3858 2167//3857 2168//3794
f 2171//3791 2169//3858 2170//83
f 2171//3791 2170//83 2172//3859
f 2170//83 2173//83 2172//3859
f 2173//83 2174//3860 2172//3859
f 2175//3790 2174//3860 2173//83
f 2176//3789 2174//3860 2175//3790
f 2178//3789 2176//3789 2177//3788
f 2180//3851 2178//3789 2179//83
f 2180//3851 2179//83 2181//3851
f 2179//83 2182//3789 2181//3851
f 2182//3789 2183//3796 2181//3851
f 2184//3794 2183//3796 2182//3789
f 2185//3791 2183//3796 2184//3794
f 2187//3786 2185//3791 2186//3861
f 2187//3786 2186//3861 2188//83
f 2186//3861 2189//83 2188//83
f 2189//83 2190//3851 2188//83
f 2191//3851 2190//3851 2189//83
f 2192//83 2190//3851 2191//3851
f 2194//3786 2192//83 2193//3790
f 2196//83 2194//3786 2195//3790
f 2196//83 2195//3790 2197//3856
f 2195//3790 2198//3854 2197//3856
f 2198//3854 2199//83 2197//3856
f 2200//3818 2199//83 2198//3854
f 2139//3787 2199//83 2200//3818
f 2139//3787 2200//3818 2137//3794
f 2147//3792 2146//3789 2145//3796
f 2154//3855 2153//83 2152//3787
f 2161//3794 2160//3853 2159//83
f 2163//3786 2162//83 2161//3794
f 2170//83 2169//3858 2168//3794
f 2177//3788 2176//3789 2175//3790
f 2179//83 2178//3789 2177//3788
f 2186//3861 2185//3791 2184//3794
f 2193//3790 2192//83 2191//3851
f 2195//3790 2194//3786 2193//3790
f 2135//3818 2134//3793 2136//3787
f 2142//3790 2130//3851 2141//83
f 2129//3818 2130//3851 2142//3790
f 2202//3863 2131//3863 2201//3862
f 2131//3865 2133//3864 2201//3864
f 2133//3864 2203//3866 2201//3864
f 2135//3868 2203//3868 2133//3867
f 2204//3868 2203//3868 2135//3868
f 2205//3871 2204//3870 2137//3869
f 2206//3873 2205//3873 2200//3872
f 2207//3876 2206//3875 2198//3874
f 2208//3879 2207//3878 2195//3877
f 2209//3882 2208//3881 2193//3880
f 2210//3884 2209//3883 2191//3883
f 2211//3886 2210//3885 2189//3885
f 2212//3887 2211//3887 2186//3887
f 2213//3888 2212//3888 2184//3888
f 2214//3890 2213//3890 2182//3889
f 2215//3893 2214//3892 2179//3891
f 2216//3894 2215//3895 2177//3894
f 2217//3898 2216//3897 2175//3896
f 2218//3899 2217//3899 2173//3899
f 2219//3900 2218//3900 2170//3900
f 2220//3902 2219//3901 2168//3901
f 2221//3905 2220//3904 2166//3903
f 2222//3907 2221//3907 2163//3906
f 2223//3910 2222//3909 2161//3908
f 2224//3913 2223//3912 2159//3911
f 2225//3916 2224//3915 2157//3914
f 2226//3918 2225//3918 2154//3917
f 2227//3919 2226//3920 2152//3919
f 2228//3921 2227//3921 2150//3921
f 2229//3924 2228//3923 2147//3922
f 2230//3926 2229//3925 2145//3925
f 2231//3929 2230//3928 2143//3927
f 2232//3930 2231//3930 2141//3930
f 2202//3932 2232//3932 2130//3931
f 2202//3863 2130//3863 2131//3863
f 2137//3869 2204//3870 2135//3871
f 2200//3872 2205//3873 2137//3872
f 2198//3874 2206//3875 2200//3933
f 2195//3877 2207//3878 2198//3878
f 2193//3880 2208//3881 2195//3934
f 2191//3883 2209//3883 2193//3884
f 2189//3885 2210//3885 2191//3885
f 2186//3887 2211//3887 2189//3935
f 2184//3888 2212//3888 2186//3936
f 2182//3889 2213//3890 2184//3937
f 2179//3891 2214//3892 2182//3938
f 2177//3894 2215//3895 2179//3895
f 2175//3896 2216//3897 2177//3898
f 2173//3899 2217//3899 2175//3899
f 2170//3900 2218//3900 2173//3900
f 2168//3901 2219//3901 2170//3939
f 2166//3903 2220//3904 2168//3905
f 2163//3906 2221//3907 2166//3940
f 2161//3908 2222//3909 2163//3941
f 2159//3911 2223//3912 2161//3912
f 2157//3914 2224//3915 2159//3942
f 2154//3917 2225//3918 2157//3943
f 2152//3919 2226//3920 2154//3944
f 2150//3921 2227//3921 2152//3921
f 2147//3922 2228//3923 2150//3924
f 2145//3925 2229//3925 2147//3926
f 2143//3927 2230//3928 2145//3945
f 2141//3930 2231//3930 2143//3930
f 2130//3931 2232//3932 2141//3932
f 2129//3948 2089//3947 2128//3946
f 2089//3947 2087//3949 2128//3946
f 2087//3951 2132//3950 2128//3950
f 2091//3952 2132//3950 2087//3951
f 2134//3954 2132//3953 2091//3953
f 2136//3955 2134//3955 2093//3955
f 2138//3958 2136//3957 2095//3956
f 2139//3959 2138//3959 2097//3959
f 2199//3962 2139//3961 2099//3960
f 2197//3965 2199//3964 2101//3963
f 2196//3968 2197//3967 2103//3966
f 2194//3970 2196//3970 2105//3969
f 2192//3972 2194//3972 2107//3971
f 2190//3973 2192//3974 2106//3973
f 2188//3976 2190//3976 2104//3975
f 2187//3977 2188//3978 2102//3977
f 2185//3981 2187//3980 2100//3979
f 2183//3982 2185//3982 2098//3982
f 2181//3985 2183//3984 2096//3983
f 2180//3988 2181//3987 2094//3986
f 2178//3991 2180//3990 2092//3989
f 2176//3994 2178//3993 2090//3992
f 2174//3995 2176//3996 2088//3995
f 2172//3998 2174//3997 2108//3997
f 2171//4001 2172//4000 2110//3999
f 2169//4003 2171//4002 2112//4002
f 2167//4006 2169//4005 2114//4004
f 2165//4007 2167//4008 2116//4007
f 2164//4010 2165//4009 2118//4009
f 2162//4011 2164//4012 2120//4011
f 2160//4015 2162//4014 2122//4013
f 2158//4018 2160//4017 2124//4016
f 2156//4021 2158//4020 2126//4019
f 2155//4023 2156//4023 2127//4022
f 2153//4025 2155//4024 2125//4024
f 2151//4026 2153//4026 2123//4026
f 2149//4029 2151//4028 2121//4027
f 2148//4032 2149//4031 2119//4030
f 2146//4033 2148//4033 2117//4033
f 2144//4034 2146//4035 2115//4034
f 2140//4038 2144//4037 2113//4036
f 2142//4041 2140//4040 2111//4039
f 2129//4044 2142//4043 2109//4042
f 2129//4044 2109//4042 2089//4042
f 2093//4045 2134//3954 2091//3953
f 2095//3955 2136//3955 2093//3955
f 2097//3958 2138//3958 2095//3956
f 2099//4046 2139//3959 2097//3959
f 2101//4047 2199//3962 2099//3960
f 2103//4048 2197//3965 2101//3963
f 2105//4049 2196//3968 2103//3966
f 2107//4050 2194//3970 2105//3969
f 2106//4051 2192//3972 2107//3971
f 2104//3973 2190//3973 2106//3973
f 2102//3976 2188//3976 2104//3975
f 2100//4052 2187//3977 2102//3977
f 2098//4053 2185//3981 2100//3979
f 2096//3982 2183//3982 2098//3982
f 2094//3984 2181//3985 2096//3983
f 2092//4054 2180//3988 2094//3986
f 2090//4055 2178//3991 2092//3989
f 2088//4056 2176//3994 2090//3992
f 2108//3995 2174//3995 2088//3995
f 2110//3997 2172//3998 2108//3997
f 2112//3999 2171//4001 2110//3999
f 2114//4057 2169//4003 2112//4002
f 2116//4004 2167//4006 2114//4004
f 2118//4007 2165//4007 2116//4007
f 2120//4009 2164//4010 2118//4009
f 2122//4011 2162//4011 2120//4011
f 2124//4058 2160//4015 2122//4013
f 2126//4016 2158//4018 2124//4016
f 2127//4019 2156//4021 2126//4019
f 2125//4059 2155//4023 2127//4022
f 2123//4060 2153//4025 2125//4024
f 2121//4026 2151//4026 2123//4026
f 2119//4061 2149//4029 2121//4027
f 2117//4062 2148//4032 2119//4030
f 2115//4033 2146//4033 2117//4033
f 2113//4034 2144//4034 2115//4034
f 2111//4063 2140//4038 2113//4036
f 2109//4064 2142//4041 2111//4039
f 2235//4065 2234//4065 2233//4065
f 2234//4066 2236//4066 2233//4066
f 2236//4067 2237//4067 2233//4067
f 2238//4068 2237//4068 2236//4068
f 2239//4069 2237//4069 2238//4069
f 2241//4070 2239//4070 2240//4070
f 2243//4071 2241//4071 2242//4071
f 2245//4072 2243//4072 2244//4072
f 2247//4073 2245//4073 2246//4073
f 2249//4074 2247//4074 2248//4074
f 2251//4075 2249//4075 2250//4075
f 2253//4076 2251//4076 2252//4076
f 2255//4077 2253//4077 2254//4077
f 2257//4078 2255//4078 2256//4078
f 2259//4079 2257//4079 2258//4079
f 2261//4080 2259//4080 2260//4080
f 2263//4081 2261//4081 2262//4081
f 2265//4082 2263//4082 2264//4082
f 2267//4083 2265//4083 2266//4083
f 2269//4084 2267//4084 2268//4084
f 2271//4085 2269//4085 2270//4085
f 2273//4086 2271//4086 2272//4086
f 2275//4087 2273//4087 2274//4087
f 2277//4088 2275//4088 2276//4088
f 2279//4089 2277//4089 2278//4089
f 2281//4090 2279//4090 2280//4090
f 2283//4091 2281//4091 2282//4091
f 2285//4092 2283//4092 2284//4092
f 2287//4093 2285//4093 2286//4093
f 2289//4094 2287//4094 2288//4094
f 2291//4095 2289//4095 2290//4095
f 2293//4096 2291//4096 2292//4096
f 2295//4097 2293//4097 2294//4097
f 2297//4098 2295//4098 2296//4098
f 2299//4099 2297//4099 2298//4099
f 2301//4100 2299//4100 2300//4100
f 2235//4101 2301//4101 2302//4101
f 2235//4102 2302//4102 2234//4102
f 2240//4103 2239//4103 2238//4103
f 2242//4104 2241//4104 2240//4104
f 2244//4105 2243//4105 2242//4105
f 2246//4106 2245//4106 2244//4106
f 2248//4107 2247//4107 2246//4107
f 2250//4108 2249//4108 2248//4108
f 2252//4109 2251//4109 2250//4109
f 2254//4110 2253//4110 2252//4110
f 2256//4111 2255//4111 2254//4111
f 2258//4112 2257//4112 2256//4112
f 2260//4113 2259//4113 2258//4113
f 2262//4114 2261//4114 2260//4114
f 2264//4115 2263//4115 2262//4115
f 2266//4116 2265//4116 2264//4116
f 2268//4117 2267//4117 2266//4117
f 2270//4118 2269//4118 2268//4118
f 2272//4119 2271//4119 2270//4119
f 2274//4120 2273//4120 2272//4120
f 2276//4121 2275//4121 2274//4121
f 2278//4122 2277//4122 2276//4122
f 2280//4123 2279//4123 2278//4123
f 2282//4124 2281//4124 2280//4124
f 2284//4125 2283//4125 2282//4125
f 2286//4126 2285//4126 2284//4126
f 2288//4127 2287//4127 2286//4127
f 2290//4128 2289//4128 2288//4128
f 2292//4129 2291//4129 2290//4129
f 2294//4130 2293//4130 2292//4130
f 2296//4131 2295//4131 2294//4131
f 2298//4132 2297//4132 2296//4132
f 2300//4133 2299//4133 2298//4133
f 2302//4134 2301//4134 2300//4134
f 2202//3782 2303//3779 2232//82
f 2303//3779 2304//82 2232//82
f 2304//82 2231//3783 2232//82
f 2305//3847 2231//3783 2304//82
f 2230//4135 2231//3783 2305//3847
f 2229//3782 2230//4135 2306//3845
f 2228//82 2229//3782 2307//82
f 2227//3783 2228//82 2308//4135
f 2226//4135 2227//3783 2309//3841
f 2311//4137 2226//4135 2310//4136
f 2226//4135 2309//3841 2310//4136
f 2306//3845 2230//4135 2305//3847
f 2307//82 2229//3782 2306//3845
f 2308//4135 2228//82 2307//82
f 2309//3841 2227//3783 2308//4135
f 2311//4137 2225//4138 2226//4135
f 2312//82 2225//4138 2311//4137
f 2224//3782 2225//4138 2312//82
f 2223//82 2224//3782 2313//82
f 2222//3779 2223//82 2314//3841
f 2221//4139 2222//3779 2315//3779
f 2220//3780 2221//4139 2316//3782
f 2219//3841 2220//3780 2317//3782
f 2218//3783 2219//3841 2318//4140
f 2217//82 2218//3783 2319//4141
f 2216//3782 2217//82 2320//82
f 2215//4142 2216//3782 2321//4135
f 2323//3779 2215//4142 2322//3782
f 2215//4142 2321//4135 2322//3782
f 2313//82 2224//3782 2312//82
f 2314//3841 2223//82 2313//82
f 2315//3779 2222//3779 2314//3841
f 2316//3782 2221//4139 2315//3779
f 2317//3782 2220//3780 2316//3782
f 2318//4140 2219//3841 2317//3782
f 2319//4141 2218//3783 2318//4140
f 2320//82 2217//82 2319//4141
f 2321//4135 2216//3782 2320//82
f 2323//3779 2214//82 2215//4142
f 2324//3842 2214//82 2323//3779
f 2213//82 2214//82 2324//3842
f 2212//3779 2213//82 2325//3850
f 2211//4137 2212//3779 2326//4139
f 2210//3779 2211//4137 2327//4142
f 2209//4142 2210//3779 2328//3780
f 2208//82 2209//4142 2329//82
f 2207//4141 2208//82 2330//82
f 2206//3783 2207//4141 2331//3781
f 2205//82 2206//3783 2332//82
f 2334//3779 2205//82 2333//82
f 2205//82 2332//82 2333//82
f 2325//3850 2213//82 2324//3842
f 2326//4139 2212//3779 2325//3850
f 2327//4142 2211//4137 2326//4139
f 2328//3780 2210//3779 2327//4142
f 2329//82 2209//4142 2328//3780
f 2330//82 2208//82 2329//82
f 2331//3781 2207//4141 2330//82
f 2332//82 2206//3783 2331//3781
f 2334//3779 2204//3783 2205//82
f 2335//3779 2204//3783 2334//3779
f 2203//4143 2204//3783 2335//3779
f 2201//4144 2203//4143 2336//3847
f 2202//3782 2201//4144 2337//3847
f 2202//3782 2337//3847 2303//3779
f 2336//3847 2203//4143 2335//3779
f 2337//3847 2201//4144 2336//3847
f 2318//4147 2338//4146 2319//4145
f 2338//4146 2339//4148 2319//4145
f 2339//4149 2340//4149 2319//4149
f 2340//4150 2320//4150 2319//4150
f 2341//4151 2320//4151 2340//4151
f 2343//4152 2341//4153 2342//4152
f 2345//4155 2343//4154 2344//4154
f 2347//4156 2345//4156 2346//4156
f 2349//4158 2347//4158 2348//4157
f 2350//4159 2349//4159 2241//4159
f 2351//4160 2350//4160 2243//4160
f 2353//4161 2351//4161 2352//4161
f 2355//4162 2353//4162 2354//4162
f 2357//4163 2355//4163 2356//4163
f 2359//4164 2357//4164 2358//4164
f 2323//4165 2359//4165 2360//4165
f 2323//4166 2360//4166 2324//4166
f 2360//4169 2361//4168 2324//4167
f 2361//4168 2362//4170 2324//4167
f 2362//4171 2325//4171 2324//4171
f 2363//4172 2325//4172 2362//4172
f 2365//4173 2363//4173 2364//4173
f 2367//4175 2365//4174 2366//4174
f 2369//4176 2367//4176 2368//4176
f 2371//4178 2369//4177 2370//4177
f 2372//4179 2371//4179 2251//4179
f 2373//4180 2372//4180 2253//4180
f 2375//4183 2373//4182 2374//4181
f 2377//4184 2375//4184 2376//4184
f 2379//4185 2377//4185 2378//4185
f 2381//4186 2379//4186 2380//4186
f 2328//4189 2381//4188 2382//4187
f 2328//4189 2382//4187 2329//4190
f 2382//4191 2383//4191 2329//4191
f 2383//4194 2384//4193 2329//4192
f 2384//4193 2330//4195 2329//4192
f 2385//4196 2330//4196 2384//4196
f 2387//4197 2385//4197 2386//4197
f 2389//4198 2387//4198 2388//4198
f 2391//4199 2389//4199 2390//4199
f 2393//4201 2391//4200 2392//4200
f 2263//4202 2393//4202 2261//4202
f 2393//4203 2392//4203 2261//4203
f 2392//4204 2394//4204 2261//4204
f 2394//4205 2259//4205 2261//4205
f 2395//4206 2259//4206 2394//4206
f 2397//4209 2395//4208 2396//4207
f 2399//4210 2397//4210 2398//4210
f 2401//4211 2399//4211 2400//4211
f 2382//4212 2401//4212 2383//4212
f 2401//4213 2400//4214 2383//4213
f 2400//4214 2384//4215 2383//4213
f 2386//4216 2384//4217 2400//4216
f 2388//4218 2386//4218 2398//4218
f 2390//4219 2388//4219 2396//4219
f 2392//4220 2390//4221 2394//4220
f 2390//4223 2396//4222 2394//4222
f 2396//4222 2395//4223 2394//4222
f 2402//4224 2320//4224 2341//4224
f 2403//4225 2402//4225 2343//4225
f 2404//4227 2403//4227 2345//4226
f 2405//4229 2404//4229 2347//4228
f 2350//4230 2405//4230 2349//4230
f 2405//4158 2347//4158 2349//4158
f 2321//4231 2406//4231 2322//4231
f 2406//4232 2407//4232 2322//4232
f 2407//4233 2408//4233 2322//4233
f 2408//4234 2323//4234 2322//4234
f 2359//4235 2323//4235 2408//4235
f 2359//4236 2408//4237 2357//4236
f 2408//4237 2409//4237 2357//4236
f 2409//4238 2355//4238 2357//4238
f 2410//4238 2355//4238 2409//4238
f 2412//4239 2410//4239 2411//4239
f 2404//4240 2412//4240 2413//4240
f 2404//4227 2413//4227 2403//4227
f 2413//4242 2414//4242 2403//4241
f 2414//4225 2402//4225 2403//4225
f 2321//4243 2402//4243 2414//4243
f 2321//4244 2414//4244 2406//4244
f 2414//4242 2413//4242 2406//4245
f 2413//4247 2411//4246 2406//4246
f 2411//4246 2407//4248 2406//4246
f 2409//4251 2407//4250 2411//4249
f 2409//4239 2411//4239 2410//4239
f 2415//4252 2325//4252 2363//4252
f 2416//4253 2415//4253 2365//4253
f 2417//4255 2416//4255 2367//4254
f 2418//4257 2417//4257 2369//4256
f 2372//4258 2418//4258 2371//4258
f 2418//4259 2369//4177 2371//4178
f 2326//4260 2419//4260 2327//4260
f 2419//4261 2420//4261 2327//4261
f 2420//4262 2421//4262 2327//4262
f 2421//4263 2328//4263 2327//4263
f 2381//4264 2328//4264 2421//4264
f 2381//4265 2421//4265 2379//4265
f 2421//4265 2422//4265 2379//4265
f 2422//4266 2377//4266 2379//4266
f 2423//4266 2377//4266 2422//4266
f 2425//4267 2423//4267 2424//4267
f 2417//4268 2425//4268 2426//4268
f 2417//4255 2426//4255 2416//4255
f 2426//4270 2427//4269 2416//4269
f 2427//4271 2415//4253 2416//4253
f 2326//4272 2415//4272 2427//4272
f 2326//4273 2427//4273 2419//4273
f 2427//4269 2426//4270 2419//4274
f 2426//4275 2424//4275 2419//4275
f 2424//4275 2420//4275 2419//4275
f 2422//4276 2420//4276 2424//4276
f 2422//4267 2424//4267 2423//4267
f 2385//4279 2331//4278 2330//4277
f 2428//4280 2331//4278 2385//4279
f 2429//4281 2428//4281 2387//4281
f 2430//4282 2429//4282 2389//4282
f 2431//4284 2430//4283 2391//4283
f 2432//4286 2431//4285 2393//4285
f 2433//4287 2432//4287 2263//4287
f 2434//4288 2433//4288 2265//4288
f 2436//4291 2434//4290 2435//4289
f 2438//4292 2436//4292 2437//4292
f 2440//4293 2438//4294 2439//4293
f 2442//4295 2440//4295 2441//4295
f 2334//4296 2442//4296 2443//4296
f 2334//4297 2443//4297 2335//4297
f 2443//4298 2444//4298 2335//4298
f 2444//4299 2445//4299 2335//4299
f 2445//4300 2336//4300 2335//4300
f 2446//4301 2336//4301 2445//4301
f 2448//4302 2446//4302 2447//4302
f 2450//4305 2448//4304 2449//4303
f 2452//4306 2450//4306 2451//4306
f 2454//4307 2452//4308 2453//4307
f 2455//4309 2454//4309 2273//4309
f 2456//4310 2455//4310 2275//4310
f 2458//4311 2456//4311 2457//4311
f 2460//4312 2458//4312 2459//4312
f 2462//4313 2460//4313 2461//4313
f 2464//4314 2462//4314 2463//4314
f 2304//4315 2464//4315 2465//4315
f 2304//4316 2465//4316 2305//4316
f 2465//4317 2466//4317 2305//4317
f 2466//4320 2467//4319 2305//4318
f 2467//4319 2306//4321 2305//4318
f 2468//4322 2306//4322 2467//4322
f 2470//4324 2468//4324 2469//4323
f 2472//4325 2470//4326 2471//4325
f 2474//4328 2472//4327 2473//4327
f 2476//4329 2474//4329 2475//4329
f 2285//4330 2476//4330 2283//4330
f 2476//4331 2475//4331 2283//4331
f 2475//4332 2477//4332 2283//4332
f 2477//4333 2281//4333 2283//4333
f 2478//4334 2281//4334 2477//4334
f 2480//4335 2478//4335 2479//4335
f 2482//4336 2480//4336 2481//4336
f 2484//4337 2482//4337 2483//4337
f 2465//4338 2484//4338 2466//4338
f 2484//4339 2483//4339 2466//4339
f 2483//4339 2467//4339 2466//4339
f 2469//4341 2467//4341 2483//4340
f 2471//4342 2469//4342 2481//4342
f 2473//4343 2471//4343 2479//4343
f 2475//4345 2473//4345 2477//4344
f 2473//4347 2479//4346 2477//4346
f 2479//4346 2478//4346 2477//4346
f 2485//4348 2331//4348 2428//4348
f 2486//4349 2485//4349 2429//4349
f 2487//4351 2486//4351 2430//4350
f 2488//4353 2487//4353 2431//4352
f 2433//4354 2488//4355 2432//4354
f 2488//4356 2431//4285 2432//4286
f 2332//4357 2489//4357 2333//4357
f 2489//4358 2490//4358 2333//4358
f 2490//4359 2491//4359 2333//4359
f 2491//4360 2334//4360 2333//4360
f 2442//4361 2334//4361 2491//4361
f 2442//4363 2491//4363 2440//4362
f 2491//4363 2492//4363 2440//4362
f 2492//4364 2438//4365 2440//4364
f 2493//4366 2438//4365 2492//4364
f 2495//4367 2493//4367 2494//4367
f 2487//4368 2495//4368 2496//4368
f 2487//4351 2496//4351 2486//4351
f 2496//4369 2497//4369 2486//4369
f 2497//4349 2485//4349 2486//4349
f 2332//4370 2485//4370 2497//4370
f 2332//4371 2497//4371 2489//4371
f 2497//4369 2496//4369 2489//4369
f 2496//4372 2494//4372 2489//4372
f 2494//4372 2490//4372 2489//4372
f 2492//4374 2490//4373 2494//4373
f 2492//4367 2494//4367 2493//4367
f 2498//4375 2336//4375 2446//4375
f 2499//4377 2498//4376 2448//4376
f 2500//4379 2499//4378 2450//4378
f 2501//4380 2500//4381 2452//4380
f 2455//4383 2501//4382 2454//4382
f 2501//4308 2452//4308 2454//4307
f 2337//4384 2502//4384 2303//4384
f 2502//4385 2503//4385 2303//4385
f 2503//4386 2504//4386 2303//4386
f 2504//4387 2304//4387 2303//4387
f 2464//4388 2304//4388 2504//4388
f 2464//4389 2504//4389 2462//4389
f 2504//4389 2505//4390 2462//4389
f 2505//4391 2460//4392 2462//4391
f 2506//4392 2460//4392 2505//4391
f 2508//4394 2506//4394 2507//4393
f 2500//4395 2508//4395 2509//4395
f 2500//4379 2509//4396 2499//4378
f 2509//4398 2510//4398 2499//4397
f 2510//4399 2498//4376 2499//4377
f 2337//4400 2498//4400 2510//4400
f 2337//4401 2510//4401 2502//4401
f 2510//4398 2509//4398 2502//4402
f 2509//4404 2507//4404 2502//4403
f 2507//4404 2503//4404 2502//4403
f 2505//4405 2503//4405 2507//4405
f 2505//4406 2507//4393 2506//4394
f 2468//4409 2307//4408 2306//4407
f 2511//4410 2307//4408 2468//4409
f 2512//4411 2511//4411 2470//4411
f 2513//4413 2512//4412 2472//4412
f 2514//4415 2513//4415 2474//4414
f 2515//4416 2514//4416 2476//4416
f 2516//4417 2515//4417 2285//4417
f 2517//4418 2516//4418 2287//4418
f 2519//4419 2517//4419 2518//4419
f 2521//4422 2519//4421 2520//4420
f 2523//4424 2521//4424 2522//4423
f 2525//4425 2523//4425 2524//4425
f 2310//4426 2525//4426 2526//4426
f 2310//4427 2526//4427 2311//4427
f 2526//4428 2527//4428 2311//4428
f 2527//4429 2528//4429 2311//4429
f 2528//4430 2312//4430 2311//4430
f 2529//4433 2312//4432 2528//4431
f 2531//4436 2529//4435 2530//4434
f 2533//4437 2531//4437 2532//4437
f 2535//4439 2533//4439 2534//4438
f 2537//4440 2535//4440 2536//4440
f 2538//4441 2537//4441 2295//4441
f 2539//4442 2538//4442 2297//4442
f 2541//4444 2539//4443 2540//4443
f 2543//4445 2541//4446 2542//4445
f 2545//4448 2543//4447 2544//4447
f 2547//4449 2545//4450 2546//4449
f 2315//4451 2547//4451 2548//4451
f 2315//4452 2548//4452 2316//4452
f 2548//4453 2549//4453 2316//4453
f 2549//4454 2550//4454 2316//4454
f 2550//4455 2317//4455 2316//4455
f 2551//4456 2317//4456 2550//4456
f 2553//4457 2551//4457 2552//4457
f 2555//4458 2553//4458 2554//4458
f 2557//4460 2555//4460 2556//4459
f 2559//4462 2557//4461 2558//4461
f 2237//4463 2559//4463 2233//4463
f 2559//4464 2558//4464 2233//4464
f 2558//4465 2560//4465 2233//4465
f 2560//4466 2235//4466 2233//4466
f 2561//4467 2235//4467 2560//4467
f 2563//4468 2561//4468 2562//4468
f 2565//4469 2563//4469 2564//4469
f 2567//4470 2565//4470 2566//4470
f 2548//4472 2567//4471 2549//4471
f 2567//4473 2566//4474 2549//4473
f 2566//4474 2550//4475 2549//4473
f 2552//4477 2550//4476 2566//4476
f 2554//4478 2552//4479 2564//4478
f 2556//4480 2554//4480 2562//4480
f 2558//4481 2556//4482 2560//4481
f 2556//4484 2562//4484 2560//4483
f 2562//4484 2561//4484 2560//4483
f 2568//4485 2307//4485 2511//4485
f 2569//4486 2568//4486 2512//4486
f 2570//4487 2569//4487 2513//4487
f 2571//4490 2570//4489 2514//4488
f 2516//4491 2571//4492 2515//4491
f 2571//4416 2514//4416 2515//4416
f 2308//4493 2572//4493 2309//4493
f 2572//4494 2573//4494 2309//4494
f 2573//4495 2574//4495 2309//4495
f 2574//4496 2310//4496 2309//4496
f 2525//4497 2310//4497 2574//4497
f 2525//4498 2574//4499 2523//4498
f 2574//4499 2575//4500 2523//4498
f 2575//4501 2521//4501 2523//4501
f 2576//4502 2521//4501 2575//4501
f 2578//4503 2576//4503 2577//4503
f 2570//4504 2578//4504 2579//4504
f 2570//4487 2579//4487 2569//4487
f 2579//4505 2580//4505 2569//4505
f 2580//4486 2568//4486 2569//4486
f 2308//4508 2568//4507 2580//4506
f 2308//4509 2580//4509 2572//4509
f 2580//4505 2579//4505 2572//4510
f 2579//4511 2577//4511 2572//4511
f 2577//4511 2573//4511 2572//4511
f 2575//4512 2573//4512 2577//4512
f 2575//4513 2577//4503 2576//4503
f 2581//4514 2312//4432 2529//4433
f 2582//4515 2581//4515 2531//4515
f 2583//4517 2582//4517 2533//4516
f 2584//4519 2583//4518 2535//4518
f 2538//4520 2584//4520 2537//4520
f 2584//4440 2535//4440 2537//4440
f 2313//4521 2585//4521 2314//4521
f 2585//4522 2586//4522 2314//4522
f 2586//4523 2587//4523 2314//4523
f 2587//4524 2315//4524 2314//4524
f 2547//4525 2315//4525 2587//4525
f 2547//4527 2587//4526 2545//4526
f 2587//4526 2588//4526 2545//4526
f 2588//4528 2543//4529 2545//4528
f 2589//4530 2543//4529 2588//4528
f 2591//4531 2589//4532 2590//4531
f 2583//4534 2591//4533 2592//4533
f 2583//4517 2592//4517 2582//4517
f 2592//4535 2593//4536 2582//4535
f 2593//4515 2581//4515 2582//4515
f 2313//4537 2581//4537 2593//4537
f 2313//4538 2593//4538 2585//4538
f 2593//4536 2592//4535 2585//4536
f 2592//4541 2590//4540 2585//4539
f 2590//4540 2586//4539 2585//4539
f 2588//4542 2586//4542 2590//4542
f 2588//4543 2590//4531 2589//4532
f 2594//4546 2317//4545 2551//4544
f 2595//4547 2594//4547 2553//4547
f 2596//4548 2595//4548 2555//4548
f 2597//4550 2596//4550 2557//4549
f 2598//4552 2597//4552 2559//4551
f 2599//4553 2598//4553 2237//4553
f 2600//4554 2599//4554 2239//4554
f 2346//4555 2600//4555 2348//4555
f 2346//4555 2348//4555 2347//4556
f 2561//4557 2301//4557 2235//4557
f 2601//4558 2301//4558 2561//4558
f 2602//4560 2601//4560 2563//4559
f 2603//4563 2602//4562 2565//4561
f 2546//4564 2603//4564 2567//4564
f 2547//4449 2546//4449 2548//4449
f 2546//4472 2567//4471 2548//4472
f 2604//4565 2301//4565 2601//4565
f 2605//4566 2604//4567 2602//4566
f 2544//4568 2605//4568 2603//4568
f 2545//4448 2544//4447 2546//4448
f 2544//4564 2603//4564 2546//4564
f 2299//4569 2540//4569 2297//4569
f 2540//4570 2539//4570 2297//4570
f 2538//4571 2295//4571 2297//4571
f 2536//4572 2295//4572 2537//4572
f 2293//4573 2295//4573 2536//4573
f 2607//4574 2293//4574 2606//4574
f 2609//4575 2607//4575 2608//4575
f 2611//4576 2609//4576 2610//4576
f 2613//4577 2611//4577 2612//4577
f 2526//4578 2613//4578 2527//4578
f 2613//4580 2612//4579 2527//4579
f 2612//4579 2528//4579 2527//4579
f 2530//4581 2528//4581 2612//4581
f 2532//4582 2530//4582 2610//4582
f 2534//4584 2532//4584 2608//4583
f 2536//4586 2534//4586 2606//4585
f 2536//4587 2606//4587 2293//4587
f 2607//4588 2291//4588 2293//4588
f 2614//4589 2291//4589 2607//4589
f 2615//4590 2614//4590 2609//4590
f 2616//4591 2615//4591 2611//4591
f 2524//4592 2616//4592 2613//4592
f 2525//4425 2524//4425 2526//4593
f 2524//4578 2613//4578 2526//4578
f 2617//4594 2291//4594 2614//4594
f 2618//4595 2617//4595 2615//4595
f 2522//4596 2618//4596 2616//4596
f 2523//4424 2522//4423 2524//4424
f 2522//4597 2616//4592 2524//4592
f 2289//4598 2518//4598 2287//4598
f 2518//4599 2517//4599 2287//4599
f 2516//4600 2285//4600 2287//4600
f 2476//4601 2285//4601 2515//4601
f 2619//4602 2281//4602 2478//4602
f 2620//4603 2619//4603 2480//4603
f 2621//4604 2620//4604 2482//4604
f 2463//4606 2621//4606 2484//4605
f 2464//4314 2463//4314 2465//4314
f 2463//4338 2484//4338 2465//4338
f 2279//4607 2622//4607 2277//4607
f 2622//4608 2623//4608 2277//4608
f 2623//4609 2457//4609 2277//4609
f 2457//4610 2275//4610 2277//4610
f 2456//4611 2275//4611 2457//4611
f 2455//4612 2273//4612 2275//4612
f 2453//4613 2273//4613 2454//4613
f 2271//4614 2273//4614 2453//4614
f 2625//4615 2271//4615 2624//4615
f 2627//4616 2625//4617 2626//4616
f 2629//4618 2627//4619 2628//4618
f 2631//4620 2629//4621 2630//4620
f 2443//4623 2631//4622 2444//4622
f 2631//4624 2630//4624 2444//4624
f 2630//4624 2445//4624 2444//4624
f 2447//4626 2445//4625 2630//4625
f 2449//4627 2447//4627 2628//4627
f 2451//4628 2449//4628 2626//4628
f 2453//4629 2451//4629 2624//4629
f 2453//4630 2624//4630 2271//4630
f 2625//4631 2269//4631 2271//4631
f 2632//4632 2269//4632 2625//4632
f 2633//4633 2632//4633 2627//4633
f 2634//4635 2633//4634 2629//4634
f 2441//4636 2634//4636 2631//4636
f 2442//4295 2441//4295 2443//4295
f 2441//4622 2631//4622 2443//4623
f 2635//4637 2269//4637 2632//4637
f 2636//4638 2635//4639 2633//4638
f 2439//4641 2636//4641 2634//4640
f 2440//4293 2439//4293 2441//4293
f 2439//4636 2634//4636 2441//4636
f 2267//4642 2435//4642 2265//4642
f 2435//4643 2434//4643 2265//4643
f 2433//4644 2263//4644 2265//4644
f 2393//4645 2263//4645 2432//4645
f 2637//4646 2259//4646 2395//4646
f 2638//4648 2637//4648 2397//4647
f 2639//4649 2638//4649 2399//4649
f 2380//4650 2639//4650 2401//4650
f 2381//4186 2380//4186 2382//4186
f 2380//4212 2401//4212 2382//4212
f 2257//4651 2640//4651 2255//4651
f 2640//4652 2641//4652 2255//4652
f 2641//4653 2374//4653 2255//4653
f 2374//4654 2253//4654 2255//4654
f 2373//4655 2253//4655 2374//4655
f 2372//4656 2251//4656 2253//4656
f 2370//4657 2251//4657 2371//4657
f 2249//4658 2251//4658 2370//4658
f 2643//4659 2249//4659 2642//4659
f 2645//4660 2643//4660 2644//4660
f 2647//4661 2645//4661 2646//4661
f 2649//4663 2647//4662 2648//4662
f 2360//4665 2649//4664 2361//4664
f 2649//4668 2648//4667 2361//4666
f 2648//4667 2362//4667 2361//4666
f 2364//4670 2362//4669 2648//4669
f 2366//4671 2364//4671 2646//4671
f 2368//4674 2366//4673 2644//4672
f 2370//4675 2368//4675 2642//4675
f 2370//4676 2642//4676 2249//4676
f 2643//4677 2247//4677 2249//4677
f 2650//4678 2247//4678 2643//4678
f 2651//4679 2650//4679 2645//4679
f 2652//4681 2651//4681 2647//4680
f 2358//4683 2652//4683 2649//4682
f 2359//4164 2358//4164 2360//4164
f 2358//4665 2649//4664 2360//4665
f 2653//4684 2247//4684 2650//4684
f 2654//4686 2653//4686 2651//4685
f 2356//4688 2654//4688 2652//4687
f 2357//4163 2356//4163 2358//4163
f 2356//4689 2652//4683 2358//4683
f 2245//4690 2352//4690 2243//4690
f 2352//4691 2351//4691 2243//4691
f 2350//4692 2241//4692 2243//4692
f 2348//4693 2241//4693 2349//4693
f 2239//4694 2241//4694 2348//4694
f 2239//4695 2348//4695 2600//4695
f 2599//4696 2237//4696 2239//4696
f 2559//4697 2237//4697 2598//4697
f 2629//4621 2631//4620 2634//4620
f 2445//4625 2447//4626 2446//4625
f 2633//4634 2634//4635 2636//4698
f 2630//4700 2628//4699 2447//4699
f 2629//4701 2628//4699 2630//4700
f 2627//4619 2629//4618 2633//4702
f 2632//4633 2633//4633 2635//4633
f 2485//4703 2332//4703 2331//4703
f 2428//4197 2385//4197 2387//4197
f 2637//4704 2257//4704 2259//4704
f 2640//4705 2257//4705 2637//4705
f 2655//4706 2640//4707 2638//4706
f 2378//4709 2655//4708 2639//4708
f 2379//4185 2378//4185 2380//4185
f 2378//4650 2639//4650 2380//4650
f 2641//4707 2640//4707 2655//4706
f 2374//4711 2641//4710 2376//4710
f 2374//4181 2376//4183 2375//4183
f 2326//4712 2325//4712 2415//4712
f 2650//4660 2643//4660 2645//4660
f 2656//4713 2245//4713 2653//4713
f 2354//4715 2656//4715 2654//4714
f 2355//4162 2354//4162 2356//4162
f 2354//4688 2654//4688 2356//4688
f 2402//4716 2321//4716 2320//4716
f 2594//4546 2318//4717 2317//4545
f 2338//4718 2318//4718 2594//4718
f 2657//4719 2338//4719 2595//4719
f 2658//4720 2657//4720 2596//4720
f 2659//4721 2658//4722 2597//4721
f 2599//4723 2659//4723 2598//4723
f 2659//4724 2597//4552 2598//4552
f 2601//4468 2561//4468 2563//4468
f 2660//4725 2299//4725 2604//4725
f 2542//4727 2660//4726 2605//4726
f 2543//4445 2542//4445 2544//4445
f 2542//4728 2605//4568 2544//4568
f 2529//4581 2528//4581 2530//4581
f 2617//4729 2289//4729 2291//4729
f 2661//4730 2289//4730 2617//4730
f 2520//4732 2661//4732 2618//4731
f 2521//4422 2520//4420 2522//4420
f 2520//4596 2618//4596 2522//4596
f 2518//4733 2289//4733 2661//4733
f 2519//4419 2518//4419 2520//4419
f 2518//4732 2661//4732 2520//4732
f 2568//4507 2308//4508 2307//4734
f 2511//4735 2468//4324 2470//4324
f 2619//4736 2279//4736 2281//4736
f 2622//4737 2279//4737 2619//4737
f 2662//4739 2622//4739 2620//4738
f 2461//4740 2662//4740 2621//4740
f 2462//4313 2461//4313 2463//4313
f 2461//4606 2621//4606 2463//4606
f 2623//4741 2622//4739 2662//4739
f 2457//4743 2623//4743 2459//4742
f 2457//4311 2459//4311 2458//4311
f 2337//4744 2336//4744 2498//4744
f 2632//4745 2625//4617 2627//4616
f 2594//4547 2595//4547 2338//4547
f 2553//4458 2555//4458 2595//4458
f 2554//4480 2556//4480 2555//4480
f 2595//4548 2596//4548 2657//4746
f 2555//4460 2557//4460 2596//4460
f 2556//4482 2558//4481 2557//4481
f 2562//4748 2554//4747 2564//4747
f 2562//4748 2564//4747 2563//4748
f 2554//4478 2553//4749 2552//4479
f 2553//4457 2594//4457 2551//4457
f 2339//4751 2663//4750 2340//4750
f 2663//4752 2342//4753 2340//4752
f 2342//4753 2341//4754 2340//4752
f 2657//4750 2663//4750 2339//4751
f 2657//4719 2339//4719 2338//4719
f 2596//4550 2597//4550 2658//4550
f 2664//4755 2663//4755 2658//4755
f 2665//4756 2664//4756 2659//4756
f 2600//4757 2665//4757 2599//4757
f 2665//4723 2659//4723 2599//4723
f 2557//4461 2559//4462 2597//4462
f 2658//4722 2659//4721 2664//4722
f 2657//4720 2658//4720 2663//4720
f 2341//4153 2343//4152 2402//4758
f 2342//4759 2344//4759 2343//4759
f 2664//4759 2344//4759 2342//4759
f 2664//4755 2342//4755 2663//4755
f 2403//4760 2343//4154 2345//4155
f 2665//4756 2344//4756 2664//4756
f 2346//4761 2344//4761 2665//4761
f 2346//4762 2665//4757 2600//4757
f 2345//4763 2344//4761 2346//4761
f 2411//4764 2413//4240 2412//4240
f 2345//4156 2347//4156 2404//4156
f 2412//4765 2404//4229 2405//4229
f 2410//4767 2412//4767 2666//4766
f 2355//4768 2410//4768 2353//4768
f 2410//4768 2666//4768 2353//4768
f 2666//4769 2351//4770 2353//4769
f 2350//4770 2351//4770 2666//4769
f 2350//4230 2666//4230 2405//4230
f 2666//4766 2412//4767 2405//4766
f 2407//4250 2409//4251 2408//4771
f 2352//4161 2354//4772 2353//4161
f 2656//4715 2354//4715 2352//4773
f 2656//4774 2352//4774 2245//4774
f 2649//4663 2652//4662 2647//4662
f 2652//4681 2654//4681 2651//4681
f 2654//4686 2656//4686 2653//4686
f 2247//4775 2653//4775 2245//4775
f 2362//4669 2364//4670 2363//4670
f 2646//4776 2648//4776 2647//4776
f 2364//4776 2648//4776 2646//4776
f 2363//4173 2365//4173 2415//4173
f 2645//4661 2647//4661 2651//4661
f 2364//4671 2366//4671 2365//4671
f 2650//4679 2651//4679 2653//4679
f 2646//4777 2644//4777 2366//4777
f 2645//4777 2644//4777 2646//4777
f 2365//4174 2367//4175 2416//4175
f 2366//4673 2368//4674 2367//4674
f 2417//4176 2367//4176 2369//4176
f 2642//4778 2644//4778 2643//4778
f 2368//4778 2644//4778 2642//4778
f 2369//4675 2368//4675 2370//4675
f 2426//4268 2425//4268 2424//4268
f 2420//4276 2422//4276 2421//4276
f 2418//4257 2425//4257 2417//4257
f 2667//4780 2425//4779 2418//4779
f 2373//4782 2667//4781 2372//4781
f 2667//4258 2418//4258 2372//4258
f 2423//4780 2425//4779 2667//4780
f 2377//4784 2423//4783 2375//4783
f 2423//4783 2667//4783 2375//4783
f 2667//4781 2373//4782 2375//4782
f 2378//4785 2377//4184 2376//4184
f 2378//4709 2376//4709 2655//4708
f 2376//4710 2641//4710 2655//4710
f 2401//4211 2639//4211 2399//4211
f 2639//4649 2655//4786 2638//4649
f 2384//4217 2386//4216 2385//4216
f 2398//4787 2400//4787 2399//4787
f 2386//4787 2400//4787 2398//4787
f 2387//4218 2386//4218 2388//4218
f 2397//4210 2399//4210 2638//4210
f 2637//4648 2638//4648 2640//4648
f 2398//4788 2396//4788 2388//4788
f 2397//4788 2396//4788 2398//4788
f 2637//4209 2395//4208 2397//4209
f 2428//4281 2429//4281 2485//4789
f 2387//4198 2389//4198 2429//4790
f 2486//4282 2429//4282 2430//4282
f 2388//4219 2390//4219 2389//4219
f 2430//4199 2389//4199 2391//4199
f 2391//4791 2390//4221 2392//4220
f 2494//4792 2496//4368 2495//4368
f 2430//4283 2431//4284 2487//4284
f 2495//4353 2487//4353 2488//4353
f 2493//4794 2495//4793 2668//4793
f 2438//4795 2493//4795 2436//4795
f 2493//4795 2668//4796 2436//4795
f 2668//4797 2434//4797 2436//4797
f 2433//4797 2434//4797 2668//4797
f 2433//4354 2668//4355 2488//4355
f 2668//4793 2495//4793 2488//4794
f 2391//4200 2393//4201 2431//4201
f 2490//4373 2492//4374 2491//4798
f 2437//4292 2439//4292 2438//4292
f 2636//4641 2439//4641 2437//4641
f 2635//4639 2636//4638 2669//4638
f 2269//4799 2635//4799 2267//4799
f 2635//4800 2669//4800 2267//4800
f 2669//4801 2435//4801 2267//4801
f 2437//4802 2435//4803 2669//4802
f 2437//4802 2669//4802 2636//4804
f 2436//4291 2435//4289 2437//4805
f 2446//4302 2448//4302 2498//4806
f 2628//4807 2627//4807 2626//4807
f 2628//4807 2626//4807 2449//4807
f 2447//4627 2449//4627 2448//4627
f 2448//4304 2450//4305 2499//4808
f 2449//4628 2451//4628 2450//4628
f 2500//4306 2450//4306 2452//4306
f 2624//4810 2626//4810 2625//4809
f 2451//4811 2626//4810 2624//4810
f 2452//4629 2451//4629 2453//4629
f 2509//4395 2508//4395 2507//4812
f 2503//4405 2505//4405 2504//4405
f 2501//4380 2508//4381 2500//4381
f 2670//4814 2508//4814 2501//4813
f 2456//4816 2670//4816 2455//4815
f 2670//4383 2501//4382 2455//4383
f 2506//4814 2508//4814 2670//4814
f 2460//4817 2506//4817 2458//4817
f 2506//4817 2670//4817 2458//4817
f 2670//4816 2456//4816 2458//4816
f 2461//4312 2460//4312 2459//4312
f 2461//4740 2459//4740 2662//4740
f 2459//4742 2623//4743 2662//4743
f 2484//4337 2621//4337 2482//4337
f 2621//4604 2662//4604 2620//4604
f 2467//4341 2469//4341 2468//4341
f 2481//4818 2483//4818 2482//4818
f 2469//4818 2483//4818 2481//4818
f 2470//4342 2469//4342 2471//4342
f 2480//4336 2482//4336 2620//4336
f 2619//4603 2620//4603 2622//4603
f 2481//4819 2479//4819 2471//4819
f 2480//4819 2479//4819 2481//4819
f 2619//4335 2478//4335 2480//4335
f 2511//4411 2512//4411 2568//4411
f 2470//4326 2472//4325 2512//4326
f 2569//4820 2512//4412 2513//4413
f 2471//4343 2473//4343 2472//4343
f 2513//4328 2472//4327 2474//4328
f 2474//4345 2473//4345 2475//4345
f 2577//4504 2579//4504 2578//4504
f 2513//4415 2514//4415 2570//4415
f 2578//4821 2570//4489 2571//4490
f 2576//4822 2578//4822 2671//4822
f 2521//4825 2576//4824 2519//4823
f 2576//4824 2671//4824 2519//4823
f 2671//4826 2517//4826 2519//4826
f 2516//4826 2517//4826 2671//4826
f 2516//4491 2671//4827 2571//4492
f 2671//4822 2578//4822 2571//4822
f 2474//4329 2476//4329 2514//4828
f 2573//4512 2575//4512 2574//4512
f 2611//4577 2613//4577 2616//4577
f 2615//4591 2616//4591 2618//4591
f 2612//4831 2610//4830 2530//4829
f 2611//4832 2610//4830 2612//4831
f 2617//4595 2618//4595 2661//4595
f 2609//4576 2611//4576 2615//4833
f 2617//4590 2614//4590 2615//4590
f 2529//4435 2531//4436 2581//4436
f 2530//4582 2532//4582 2531//4834
f 2582//4835 2531//4437 2533//4437
f 2608//4838 2610//4837 2609//4836
f 2532//4838 2610//4837 2608//4838
f 2533//4584 2532//4584 2534//4584
f 2607//4575 2609//4575 2614//4839
f 2608//4841 2606//4841 2534//4840
f 2607//4842 2606//4841 2608//4841
f 2312//4843 2581//4843 2313//4843
f 2583//4439 2533//4439 2535//4439
f 2535//4586 2534//4586 2536//4586
f 2592//4533 2591//4533 2590//4844
f 2586//4542 2588//4542 2587//4542
f 2584//4519 2591//4519 2583//4518
f 2672//4845 2591//4846 2584//4845
f 2539//4848 2672//4848 2538//4847
f 2672//4849 2584//4520 2538//4520
f 2589//4846 2591//4846 2672//4845
f 2543//4851 2589//4851 2541//4850
f 2589//4851 2672//4850 2541//4850
f 2672//4848 2539//4848 2541//4848
f 2542//4852 2541//4444 2540//4443
f 2542//4727 2540//4727 2660//4726
f 2540//4853 2299//4853 2660//4853
f 2567//4470 2603//4854 2565//4470
f 2603//4563 2605//4855 2602//4562
f 2605//4566 2660//4856 2604//4567
f 2301//4857 2604//4857 2299//4857
f 2550//4476 2552//4477 2551//4858
f 2564//4859 2566//4859 2565//4859
f 2552//4859 2566//4859 2564//4859
f 2563//4469 2565//4469 2602//4469
f 2601//4560 2602//4560 2604//4560
f 2673//60 148//60 135//60
f 2674//60 148//60 2673//60
f 2675//61 295//61 294//61
f 2676//61 295//61 2675//61
f 321//3789 2677//83 323//83
f 220//83 2677//83 321//3789
f 2679//3794 220//83 2678//4860
f 220//83 321//3789 2678//4860
f 2679//3794 223//83 220//83
f 2680//3786 223//83 2679//3794
f 2681//83 223//83 2680//3786
f 2683//3787 2681//83 2682//3787
f 2685//3794 2683//3787 2684//83
f 2683//3787 2682//3787 2684//83
f 2682//3787 2681//83 2680//3786
f 2683//3787 2687//3794 2686//83
f 2685//3794 2687//3794 2683//3787
f 2688//3787 318//3818 314//3787
f 263//3787 318//3818 2688//3787
f 2689//83 318//3818 263//3787
f 2689//83 263//3787 2690//3789
f 263//3787 295//3786 2690//3789
f 295//3786 2691//3788 2690//3789
f 2676//3787 2691//3788 295//3786
f 2692//4861 2691//3788 2676//3787
f 2694//83 2692//4861 2693//3788
f 2694//83 2693//3788 2695//3794
f 2693//3788 2696//83 2695//3794
f 2697//83 2696//83 2693//3788
f 2693//3788 2692//4861 2676//3787
f 2084//4862 2698//83 2086//83
f 2699//83 2698//83 2084//4862
f 2699//83 2084//4862 2700//3794
f 2084//4862 2701//83 2700//3794
f 2701//83 2702//83 2700//3794
f 2703//83 2702//83 2701//83
f 2704//83 2703//83 161//3851
f 2704//83 161//3851 319//3786
f 161//3851 162//83 319//3786
f 162//83 2705//3787 319//3786
f 2705//3787 313//3787 319//3786
f 161//3851 2703//83 2701//83
f 327//4864 147//83 2706//4863
f 147//83 148//83 2706//4863
f 148//83 2707//83 2706//4863
f 2674//3786 2707//83 148//83
f 2708//83 2707//83 2674//3786
f 2708//83 2674//3786 2709//4865
f 2674//3786 2079//4866 2709//4865
f 2079//4866 2710//83 2709//4865
f 2711//83 2710//83 2079//4866
f 2711//83 2079//4866 2082//83
f 327//4864 2712//83 147//83
f 325//83 2712//83 327//4864
f 2673//68 2079//71 2674//71
f 1987//67 2079//71 2673//68
f 1978//67 1987//67 1977//67
f 1987//67 2673//68 1977//67
f 2673//68 1989//69 1977//67
f 315//3779 2268//3782 2266//3783
f 2675//82 315//3779 2264//3841
f 2260//4135 2675//82 2262//4135
f 2675//82 2264//3841 2262//4135
f 315//3779 2270//3783 2268//3782
f 2272//3780 2270//3783 315//3779
f 2272//3780 315//3779 2274//4867
f 315//3779 1983//4142 2274//4867
f 1983//4142 2276//82 2274//4867
f 1982//82 2276//82 1983//4142
f 1982//82 1983//4142 1981//82
f 1982//82 2278//3783 2276//82
f 2280//3783 2278//3783 1982//82
f 2280//3783 1982//82 2282//3847
f 1982//82 2284//4144 2282//3847
f 2286//4144 2284//4144 1982//82
f 2288//3779 2286//4144 1992//82
f 2288//3779 1992//82 2290//4141
f 1992//82 2292//3841 2290//4141
f 2294//4141 2292//3841 1992//82
f 2294//4141 1992//82 2296//82
f 1992//82 1990//3783 2296//82
f 1990//3783 332//82 2296//82
f 332//82 2298//4137 2296//82
f 2300//3841 2298//4137 332//82
f 2300//3841 332//82 2302//3841
f 332//82 2234//4139 2302//3841
f 2236//3782 2234//4139 332//82
f 2238//3779 2236//3782 2713//3783
f 2238//3779 2713//3783 2240//3780
f 2713//3783 2242//82 2240//3780
f 2714//82 2242//82 2713//3783
f 2244//3846 2242//82 2714//82
f 2244//3846 2714//82 2246//4135
f 2714//82 2248//82 2246//4135
f 2250//3782 2248//82 2714//82
f 2252//82 2250//3782 2715//3779
f 2252//82 2715//3779 2254//4135
f 2715//3779 2256//82 2254//4135
f 2258//3779 2256//82 2715//3779
f 2260//4135 2258//3779 2675//82
f 2258//3779 2715//3779 2675//82
f 1992//82 2286//4144 1982//82
f 2713//3783 2236//3782 332//82
f 2713//3783 332//82 299//82
f 332//82 2716//82 299//82
f 2716//82 298//3779 299//82
f 2715//3779 2250//3782 2714//82
f 315//3779 2266//3783 2264//3841
f 1990//3783 331//4142 332//82
f 1988//3781 331//4142 1990//3783
f 1989//3783 331//4142 1988//3781
f 2717//82 331//4142 1989//3783
f 2717//82 1989//3783 133//82
f 1989//3783 135//82 133//82
f 2673//82 135//82 1989//3783
f 1992//82 1991//82 1990//3783
f 316//4142 1983//4142 315//3779
f 1984//4142 1983//4142 316//4142
f 1984//4142 316//4142 1985//3779
f 316//4142 2718//3779 1985//3779
f 2718//3779 165//3783 1985//3779
f 165//3783 168//82 1985//3779
f 168//82 2719//82 1985//3779
f 294//82 315//3779 2675//82
f 2720//3782 315//3779 294//82
f 2720//3782 294//82 292//4140
f 2681//61 299//61 223//61
f 2713//61 299//61 2681//61
f 332//60 2677//60 2716//60
f 323//60 2677//60 332//60
f 325//61 2717//61 2712//61
f 331//61 2717//61 325//61
f 2683//71 2713//71 2681//71
f 2714//71 2713//71 2683//71
f 2715//64 2676//64 2675//64
f 2693//64 2676//64 2715//64
f 2688//64 292//64 263//64
f 2720//64 292//64 2688//64
f 314//60 2720//60 2688//60
f 315//60 2720//60 314//60
f 316//61 2705//61 2718//61
f 313//61 2705//61 316//61
f 2718//64 162//64 165//64
f 2705//64 162//64 2718//64
f 2701//60 168//60 161//60
f 2719//60 168//60 2701//60
f 2084//64 2719//64 2701//64
f 1986//64 2719//64 2084//64
f 1980//64 2719//64 1986//64
f 1980//64 1986//64 1979//4868
f 1980//64 1985//64 2719//64
f 320//4870 2704//4869 319//4869
f 2051//4870 2704//4869 320//4870
f 2703//4872 2704//4872 2051//4871
f 2702//4873 2703//4873 2049//4064
f 2055//4874 2702//4875 2053//4874
f 2702//4873 2049//4064 2053//4064
f 2049//4871 2703//4872 2051//4871
f 2055//4874 2700//4875 2702//4875
f 2699//4876 2700//4876 2055//4876
f 2698//4878 2699//4878 2057//4877
f 2086//4881 2698//4880 2058//4879
f 2086//4881 2058//4879 2056//4882
f 2057//4876 2699//4876 2055//4876
f 2058//4878 2698//4878 2057//4877
f 2017//3812 2697//3813 2018//3812
f 2696//3813 2697//3813 2017//3812
f 2695//4884 2696//3809 2019//4883
f 2694//4887 2695//4886 2020//4885
f 2692//3806 2694//3806 2021//3806
f 2691//4888 2692//3805 2022//4888
f 2690//3802 2691//4889 2023//3802
f 2689//3800 2690//3800 2024//3800
f 318//4891 2689//4891 317//4890
f 2689//4891 2024//4890 317//4890
f 2019//4883 2696//3809 2017//4892
f 2020//4885 2695//4886 2019//4885
f 2021//3806 2694//3806 2020//4893
f 2022//4888 2692//3805 2021//4888
f 2023//3802 2691//4889 2022//3802
f 2024//3800 2690//3800 2023//3800
f 2044//4894 321//4894 322//4894
f 2678//4894 321//4894 2044//4894
f 2679//4895 2678//4895 2045//3833
f 2680//4897 2679//4896 2046//3839
f 2682//4899 2680//4898 2047//3828
f 2684//3826 2682//3827 2048//3827
f 2685//4900 2684//4900 2036//4900
f 2687//3823 2685//3824 2035//3824
f 2686//4901 2687//4901 2033//4901
f 2687//4901 2035//4901 2033//4901
f 2045//3833 2678//4895 2044//4895
f 2046//3839 2679//4896 2045//3839
f 2047//3828 2680//4898 2046//3828
f 2048//3827 2682//3827 2047//3827
f 2036//4900 2684//4900 2048//4900
f 2035//3824 2685//3824 2036//3823
f 2060//4903 2711//4902 2082//4902
f 2062//4904 2711//4902 2060//4903
f 2710//4907 2711//4906 2062//4905
f 2709//4908 2710//4909 2061//4908
f 2054//4912 2709//4911 2059//4910
f 2709//4908 2061//4908 2059//4908
f 2061//4913 2710//4907 2062//4905
f 2054//4912 2708//4914 2709//4911
f 2707//4916 2708//4916 2054//4915
f 2706//4918 2707//4918 2052//4917
f 327//4920 2706//4920 2050//4919
f 327//4920 2050//4919 328//4919
f 2052//4921 2707//4916 2054//4915
f 2050//4917 2706//4918 2052//4917
f 2722//4922 341//4922 2721//4922
f 341//4922 2723//4922 2721//4922
f 2724//4922 2723//4922 341//4922
f 2724//4922 341//4922 2725//4922
f 341//4922 2726//4922 2725//4922
f 2727//4922 2726//4922 341//4922
f 2727//4922 341//4922 2728//4922
f 341//4922 2729//4922 336//4922
f 2730//4922 2729//4922 341//4922
f 2730//4922 341//4922 2731//4922
f 341//4922 2732//4922 2731//4922
f 2733//4922 2732//4922 341//4922
f 2733//4922 341//4922 2734//4922
f 341//4922 2735//4922 2734//4922
f 2736//4922 2735//4922 341//4922
f 2737//4922 2736//4922 2722//4922
f 2736//4922 341//4922 2722//4922
f 2737//4922 2738//4922 2736//4922
f 346//4922 2738//4922 2737//4922
f 2740//4922 346//4922 2739//4922
f 346//4922 2737//4922 2739//4922
f 346//4922 2741//4922 2738//4922
f 2742//4922 2741//4922 346//4922
f 2742//4922 346//4922 2743//4922
f 346//4922 2744//4922 2743//4922
f 2745//4922 2744//4922 346//4922
f 2745//4922 346//4922 2746//4922
f 346//4922 2747//4922 2746//4922
f 348//4922 2747//4922 346//4922
f 346//4922 2749//4922 2748//4922
f 2750//4922 2749//4922 346//4922
f 2750//4922 346//4922 2751//4922
f 346//4922 2752//4922 2751//4922
f 2740//4922 2752//4922 346//4922
f 352//4922 344//4922 335//4922
f 352//4922 335//4922 350//4922
f 2755//4922 2754//4922 2753//4922
f 2754//4922 2756//4922 2753//4922
f 2756//4922 2757//4922 2753//4922
f 2758//4922 2757//4922 2756//4922
f 2759//4922 2757//4922 2758//4922
f 2761//4922 2759//4922 2760//4922
f 2761//4922 2760//4922 2762//4922
f 2760//4922 2759//4922 2758//4922
f 2764//4922 2760//4922 2763//4922
f 2766//4922 2764//4922 2765//4922
f 2764//4922 2763//4922 2765//4922
f 2763//4922 2760//4922 2758//4922
f 2755//4922 352//4922 2754//4922
f 344//4922 352//4922 2755//4922
f 2729//4923 334//4923 336//4923
f 2767//4923 334//4923 2729//4923
f 2768//4925 2767//4924 2730//4924
f 2769//4926 2768//4926 2731//4926
f 2770//4928 2769//4927 2732//4927
f 2771//4930 2770//4929 2733//4929
f 2772//4931 2771//4931 2734//4931
f 2773//4932 2772//4932 2735//4932
f 2774//4933 2773//4933 2736//4933
f 2773//4933 2735//4933 2736//4933
f 2730//4924 2767//4924 2729//4925
f 2731//4926 2768//4926 2730//4926
f 2732//4927 2769//4927 2731//4927
f 2733//4929 2770//4929 2732//4930
f 2734//4931 2771//4931 2733//4931
f 2735//4932 2772//4932 2734//4932
f 353//4922 2776//4922 2775//4922
f 2776//4922 2777//4922 2775//4922
f 2778//4922 2777//4922 2776//4922
f 2778//4922 2776//4922 2779//4922
f 2776//4922 2780//4922 2779//4922
f 2781//4922 2780//4922 2776//4922
f 2781//4922 2776//4922 2782//4922
f 353//4922 2774//4922 2776//4922
f 334//4922 2774//4922 353//4922
f 334//4922 353//4922 333//4922
f 353//4922 354//4922 333//4922
f 2774//4922 2772//4922 2773//4922
f 2771//4922 2772//4922 2774//4922
f 2771//4922 2774//4922 2770//4922
f 2774//4922 2769//4922 2770//4922
f 2768//4922 2769//4922 2774//4922
f 2768//4922 2774//4922 2767//4922
f 2774//4922 334//4922 2767//4922
f 2741//4934 2776//4934 2738//4934
f 2782//4934 2776//4934 2741//4934
f 2781//4935 2782//4935 2742//4935
f 2780//4936 2781//4936 2743//4936
f 2779//4938 2780//4937 2744//4937
f 2778//4940 2779//4939 2745//4939
f 2777//4941 2778//4941 2746//4941
f 2775//4943 2777//4942 2747//4942
f 353//4944 2775//4944 348//4944
f 2775//4944 2747//4944 348//4944
f 2742//4935 2782//4935 2741//4935
f 2743//4936 2781//4936 2742//4936
f 2744//4937 2780//4937 2743//4938
f 2745//4939 2779//4939 2744//4939
f 2746//4941 2778//4941 2745//4941
f 2747//4942 2777//4942 2746//4943
f 335//60 354//60 350//60
f 333//60 354//60 335//60
f 2738//61 2774//61 2736//61
f 2776//61 2774//61 2738//61
f 2784//61 2783//61 1963//61
f 2785//61 2783//61 2784//61
f 2764//61 2783//61 2785//61
f 2764//61 2785//61 2760//61
f 2785//61 2786//61 2760//61
f 2786//61 2787//61 2760//61
f 2787//61 2788//61 2760//61
f 2764//61 2789//61 2783//61
f 2787//61 2790//61 1962//61
f 2786//61 2790//61 2787//61
f 2793//3778 2792//3778 2791//3778
f 2792//3778 2794//3778 2791//3778
f 2794//3778 2795//3778 2791//3778
f 2796//3778 2795//3778 2794//3778
f 2797//3778 2795//3778 2796//3778
f 2799//3778 2797//3778 2798//3778
f 2801//3778 2799//3778 2800//3778
f 2803//3778 2801//3778 2802//3778
f 2805//3778 2803//3778 2804//3778
f 2807//3778 2805//3778 2806//3778
f 2809//3778 2807//3778 2808//3778
f 2811//3778 2809//3778 2810//3778
f 2809//3778 2808//3778 2810//3778
f 2798//3778 2797//3778 2796//3778
f 2800//3778 2799//3778 2798//3778
f 2802//3778 2801//3778 2800//3778
f 2804//3778 2803//3778 2802//3778
f 2806//3778 2805//3778 2804//3778
f 2808//3778 2807//3778 2806//3778
f 2793//3778 2812//3778 2792//3778
f 2813//3778 2812//3778 2793//3778
f 2814//3778 2812//3778 2813//3778
f 2816//3778 2814//3778 2815//3778
f 2818//3778 2816//3778 2817//3778
f 2820//3778 2818//3778 2819//3778
f 2822//3778 2820//3778 2821//3778
f 2824//3778 2822//3778 2823//3778
f 2826//3778 2824//3778 2825//3778
f 2828//3778 2826//3778 2827//3778
f 2830//3778 2828//3778 2829//3778
f 2830//3778 2829//3778 2831//3778
f 2815//3778 2814//3778 2813//3778
f 2817//3778 2816//3778 2815//3778
f 2819//3778 2818//3778 2817//3778
f 2821//3778 2820//3778 2819//3778
f 2823//3778 2822//3778 2821//3778
f 2825//3778 2824//3778 2823//3778
f 2827//3778 2826//3778 2825//3778
f 2829//3778 2828//3778 2827//3778
f 2834//4922 2833//4922 2832//4922
f 2834//4922 2832//4922 2835//4922
f 2832//4922 2836//4922 2835//4922
f 2836//4922 2837//4922 2835//4922
f 2838//4922 2837//4922 2836//4922
f 2839//4922 2837//4922 2838//4922
f 2841//4922 2839//4922 2840//4922
f 2843//4922 2841//4922 2842//4922
f 2841//4922 2840//4922 2842//4922
f 2846//4922 2845//4922 2844//4922
f 2845//4922 2847//4922 2844//4922
f 2847//4922 2848//4922 2844//4922
f 2849//4922 2848//4922 2847//4922
f 2850//4922 2848//4922 2849//4922
f 2852//4922 2850//4922 2851//4922
f 2852//4922 2851//4922 2853//4922
f 2851//4922 2854//4922 2853//4922
f 2854//4922 2855//4922 2853//4922
f 2856//4922 2855//4922 2854//4922
f 2857//4922 2855//4922 2856//4922
f 2859//4922 2857//4922 2858//4922
f 2859//4922 2858//4922 2860//4922
f 2858//4922 2861//4922 2860//4922
f 2861//4922 2862//4922 2860//4922
f 2863//4922 2862//4922 2861//4922
f 2864//4922 2862//4922 2863//4922
f 2866//4922 2864//4922 2865//4922
f 2868//4922 2866//4922 2867//4922
f 2868//4922 2867//4922 2869//4922
f 2867//4922 2870//4922 2869//4922
f 2870//4922 2871//4922 2869//4922
f 2872//4922 2871//4922 2870//4922
f 2873//4922 2871//4922 2872//4922
f 2875//4922 2873//4922 2874//4922
f 2875//4922 2874//4922 2876//4922
f 2874//4922 2877//4922 2876//4922
f 2877//4922 2878//4922 2876//4922
f 2879//4922 2878//4922 2877//4922
f 2880//4922 2878//4922 2879//4922
f 2882//4922 2880//4922 2881//4922
f 2884//4922 2882//4922 2883//4922
f 2884//4922 2883//4922 2885//4922
f 2883//4922 2886//4922 2885//4922
f 2886//4922 2887//4922 2885//4922
f 2888//4922 2887//4922 2886//4922
f 2889//4922 2887//4922 2888//4922
f 2891//4922 2889//4922 2890//4922
f 2891//4922 2890//4922 2892//4922
f 2890//4922 2893//4922 2892//4922
f 2893//4922 2894//4922 2892//4922
f 2895//4922 2894//4922 2893//4922
f 2896//4922 2894//4922 2895//4922
f 2898//4922 2896//4922 2897//4922
f 2900//4922 2898//4922 2899//4922
f 2900//4922 2899//4922 2901//4922
f 2899//4922 2902//4922 2901//4922
f 2902//4922 2903//4922 2901//4922
f 2904//4922 2903//4922 2902//4922
f 2843//4922 2903//4922 2904//4922
f 2843//4922 2904//4922 2841//4922
f 2851//4922 2850//4922 2849//4922
f 2858//4922 2857//4922 2856//4922
f 2865//4922 2864//4922 2863//4922
f 2867//4922 2866//4922 2865//4922
f 2874//4922 2873//4922 2872//4922
f 2881//4922 2880//4922 2879//4922
f 2883//4922 2882//4922 2881//4922
f 2890//4922 2889//4922 2888//4922
f 2897//4922 2896//4922 2895//4922
f 2899//4922 2898//4922 2897//4922
f 2839//4922 2838//4922 2840//4922
f 2846//4922 2834//4922 2845//4922
f 2833//4922 2834//4922 2846//4922
f 2906//4946 2835//4946 2905//4945
f 2835//4947 2837//4947 2905//4947
f 2837//4947 2907//4947 2905//4947
f 2839//4948 2907//4948 2837//4948
f 2908//4948 2907//4948 2839//4948
f 2909//4951 2908//4950 2841//4949
f 2910//4952 2909//4952 2904//4952
f 2911//4953 2910//4953 2902//4953
f 2912//4955 2911//4954 2899//4954
f 2913//4956 2912//4956 2897//4956
f 2914//4959 2913//4958 2895//4957
f 2915//4960 2914//4960 2893//4960
f 2916//4961 2915//4961 2890//4961
f 2917//4963 2916//4962 2888//4962
f 2918//4964 2917//4964 2886//4964
f 2919//4965 2918//4965 2883//4965
f 2920//4967 2919//4966 2881//4966
f 2921//4969 2920//4968 2879//4968
f 2922//4971 2921//4970 2877//4970
f 2923//4972 2922//4972 2874//4972
f 2924//4973 2923//4973 2872//4973
f 2925//4976 2924//4975 2870//4974
f 2926//4977 2925//4977 2867//4977
f 2927//4978 2926//4978 2865//4978
f 2928//4980 2927//4979 2863//4979
f 2929//4981 2928//4981 2861//4981
f 2930//4984 2929//4983 2858//4982
f 2931//4985 2930//4985 2856//4985
f 2932//4986 2931//4986 2854//4986
f 2933//4988 2932//4987 2851//4987
f 2934//4989 2933//4989 2849//4989
f 2935//4990 2934//4990 2847//4990
f 2936//4992 2935//4991 2845//4991
f 2906//4994 2936//4993 2834//4993
f 2906//4946 2834//4945 2835//4946
f 2841//4949 2908//4950 2839//4949
f 2904//4952 2909//4952 2841//4995
f 2902//4953 2910//4953 2904//4953
f 2899//4954 2911//4954 2902//4954
f 2897//4956 2912//4956 2899//4956
f 2895//4957 2913//4958 2897//4958
f 2893//4960 2914//4960 2895//4960
f 2890//4961 2915//4961 2893//4961
f 2888//4962 2916//4962 2890//4963
f 2886//4964 2917//4964 2888//4964
f 2883//4965 2918//4965 2886//4965
f 2881//4966 2919//4966 2883//4967
f 2879//4968 2920//4968 2881//4968
f 2877//4970 2921//4970 2879//4971
f 2874//4972 2922//4972 2877//4972
f 2872//4973 2923//4973 2874//4973
f 2870//4974 2924//4975 2872//4974
f 2867//4977 2925//4977 2870//4996
f 2865//4978 2926//4978 2867//4978
f 2863//4979 2927//4979 2865//4979
f 2861//4981 2928//4981 2863//4981
f 2858//4982 2929//4983 2861//4983
f 2856//4985 2930//4985 2858//4985
f 2854//4986 2931//4986 2856//4986
f 2851//4987 2932//4987 2854//4988
f 2849//4989 2933//4989 2851//4989
f 2847//4990 2934//4990 2849//4990
f 2845//4991 2935//4991 2847//4992
f 2834//4993 2936//4993 2845//4993
f 2833//4997 2793//4997 2832//4997
f 2793//4997 2791//4997 2832//4997
f 2791//4999 2836//4998 2832//4998
f 2795//5000 2836//4998 2791//4999
f 2838//5002 2836//5001 2795//5001
f 2840//5003 2838//5003 2797//5003
f 2842//5004 2840//5004 2799//5004
f 2843//5005 2842//5005 2801//5005
f 2903//5006 2843//5006 2803//5006
f 2901//5007 2903//5007 2805//5007
f 2900//5008 2901//5008 2807//5008
f 2898//5010 2900//5009 2809//5009
f 2896//5011 2898//5011 2811//5011
f 2894//5012 2896//5013 2810//5012
f 2892//5014 2894//5015 2808//5014
f 2891//5017 2892//5017 2806//5016
f 2889//5018 2891//5019 2804//5018
f 2887//5020 2889//5020 2802//5020
f 2885//5021 2887//5021 2800//5021
f 2884//5022 2885//5022 2798//5022
f 2882//5023 2884//5023 2796//5023
f 2880//5024 2882//5024 2794//5024
f 2878//5025 2880//5025 2792//5025
f 2876//5026 2878//5026 2812//5026
f 2875//5027 2876//5028 2814//5027
f 2873//5030 2875//5030 2816//5029
f 2871//5031 2873//5031 2818//5031
f 2869//5032 2871//5032 2820//5032
f 2868//5033 2869//5034 2822//5033
f 2866//5035 2868//5036 2824//5035
f 2864//5037 2866//5037 2826//5037
f 2862//5038 2864//5039 2828//5038
f 2860//5040 2862//5041 2830//5040
f 2859//5042 2860//5042 2831//5042
f 2857//5043 2859//5043 2829//5043
f 2855//5044 2857//5044 2827//5044
f 2853//5045 2855//5045 2825//5045
f 2852//5046 2853//5046 2823//5046
f 2850//5047 2852//5048 2821//5047
f 2848//5049 2850//5050 2819//5049
f 2844//5051 2848//5051 2817//5051
f 2846//5052 2844//5052 2815//5052
f 2833//5053 2846//5053 2813//5053
f 2833//5053 2813//5053 2793//5053
f 2797//5001 2838//5002 2795//5001
f 2799//5003 2840//5003 2797//5003
f 2801//5004 2842//5004 2799//5004
f 2803//5005 2843//5005 2801//5005
f 2805//5006 2903//5006 2803//5006
f 2807//5007 2901//5007 2805//5007
f 2809//5008 2900//5008 2807//5008
f 2811//5009 2898//5010 2809//5009
f 2810//5011 2896//5011 2811//5011
f 2808//5012 2894//5012 2810//5012
f 2806//5015 2892//5014 2808//5014
f 2804//5017 2891//5017 2806//5016
f 2802//5019 2889//5018 2804//5018
f 2800//5020 2887//5020 2802//5020
f 2798//5021 2885//5021 2800//5021
f 2796//5022 2884//5022 2798//5022
f 2794//5023 2882//5023 2796//5023
f 2792//5054 2880//5024 2794//5024
f 2812//5025 2878//5025 2792//5025
f 2814//5026 2876//5026 2812//5026
f 2816//5028 2875//5027 2814//5027
f 2818//5029 2873//5030 2816//5029
f 2820//5031 2871//5031 2818//5031
f 2822//5032 2869//5032 2820//5032
f 2824//5033 2868//5033 2822//5033
f 2826//5035 2866//5035 2824//5035
f 2828//5037 2864//5037 2826//5037
f 2830//5038 2862//5038 2828//5038
f 2831//5041 2860//5040 2830//5040
f 2829//5042 2859//5042 2831//5042
f 2827//5043 2857//5043 2829//5043
f 2825//5044 2855//5044 2827//5044
f 2823//5045 2853//5045 2825//5045
f 2821//5046 2852//5046 2823//5046
f 2819//5047 2850//5047 2821//5047
f 2817//5050 2848//5049 2819//5049
f 2815//5051 2844//5051 2817//5051
f 2813//5052 2846//5052 2815//5052
f 2939//5055 2938//5055 2937//5055
f 2938//5056 2940//5056 2937//5056
f 2940//5057 2941//5057 2937//5057
f 2942//5058 2941//5058 2940//5058
f 2943//5059 2941//5059 2942//5059
f 2945//5060 2943//5060 2944//5060
f 2947//5061 2945//5061 2946//5061
f 2949//5062 2947//5062 2948//5062
f 2951//5063 2949//5063 2950//5063
f 2953//5064 2951//5064 2952//5064
f 2955//5065 2953//5065 2954//5065
f 2957//5066 2955//5066 2956//5066
f 2959//5067 2957//5067 2958//5067
f 2961//5068 2959//5068 2960//5068
f 2963//5069 2961//5069 2962//5069
f 2965//5070 2963//5070 2964//5070
f 2967//5071 2965//5071 2966//5071
f 2969//5072 2967//5072 2968//5072
f 2971//5073 2969//5073 2970//5073
f 2973//5074 2971//5074 2972//5074
f 2975//5075 2973//5075 2974//5075
f 2977//5076 2975//5076 2976//5076
f 2979//5077 2977//5077 2978//5077
f 2981//5078 2979//5078 2980//5078
f 2983//5079 2981//5079 2982//5079
f 2985//5080 2983//5080 2984//5080
f 2987//5081 2985//5081 2986//5081
f 2989//5082 2987//5082 2988//5082
f 2991//5083 2989//5083 2990//5083
f 2993//5084 2991//5084 2992//5084
f 2995//5085 2993//5085 2994//5085
f 2997//5086 2995//5086 2996//5086
f 2999//5087 2997//5087 2998//5087
f 3001//5088 2999//5088 3000//5088
f 3003//5089 3001//5089 3002//5089
f 3005//5090 3003//5090 3004//5090
f 2939//5091 3005//5091 3006//5091
f 2939//5092 3006//5092 2938//5092
f 2944//5093 2943//5093 2942//5093
f 2946//5094 2945//5094 2944//5094
f 2948//5095 2947//5095 2946//5095
f 2950//5096 2949//5096 2948//5096
f 2952//5097 2951//5097 2950//5097
f 2954//5098 2953//5098 2952//5098
f 2956//5099 2955//5099 2954//5099
f 2958//5100 2957//5100 2956//5100
f 2960//5101 2959//5101 2958//5101
f 2962//5102 2961//5102 2960//5102
f 2964//5103 2963//5103 2962//5103
f 2966//5104 2965//5104 2964//5104
f 2968//5105 2967//5105 2966//5105
f 2970//5106 2969//5106 2968//5106
f 2972//5107 2971//5107 2970//5107
f 2974//5108 2973//5108 2972//5108
f 2976//5109 2975//5109 2974//5109
f 2978//5110 2977//5110 2976//5110
f 2980//5111 2979//5111 2978//5111
f 2982//5112 2981//5112 2980//5112
f 2984//5113 2983//5113 2982//5113
f 2986//5114 2985//5114 2984//5114
f 2988//5115 2987//5115 2986//5115
f 2990//5116 2989//5116 2988//5116
f 2992//5117 2991//5117 2990//5117
f 2994//5118 2993//5118 2992//5118
f 2996//5119 2995//5119 2994//5119
f 2998//5120 2997//5120 2996//5120
f 3000//5121 2999//5121 2998//5121
f 3002//5122 3001//5122 3000//5122
f 3004//5123 3003//5123 3002//5123
f 3006//5124 3005//5124 3004//5124
f 2906//3778 3007//3778 2936//3778
f 3007//3778 3008//3778 2936//3778
f 3008//3778 2935//3778 2936//3778
f 3009//3778 2935//3778 3008//3778
f 2934//3778 2935//3778 3009//3778
f 2933//3778 2934//3778 3010//3778
f 2932//3778 2933//3778 3011//3778
f 2931//3778 2932//3778 3012//3778
f 2930//3778 2931//3778 3013//3778
f 3015//3778 2930//3778 3014//3778
f 2930//3778 3013//3778 3014//3778
f 3010//3778 2934//3778 3009//3778
f 3011//3778 2933//3778 3010//3778
f 3012//3778 2932//3778 3011//3778
f 3013//3778 2931//3778 3012//3778
f 3015//3778 2929//3778 2930//3778
f 3016//3778 2929//3778 3015//3778
f 2928//3778 2929//3778 3016//3778
f 2927//3778 2928//3778 3017//3778
f 2926//3778 2927//3778 3018//3778
f 2925//3778 2926//3778 3019//3778
f 2924//3778 2925//3778 3020//3778
f 2923//3778 2924//3778 3021//3778
f 2922//3778 2923//3778 3022//3778
f 2921//3778 2922//3778 3023//3778
f 2920//3778 2921//3778 3024//3778
f 2919//3778 2920//3778 3025//3778
f 3027//3778 2919//3778 3026//3778
f 2919//3778 3025//3778 3026//3778
f 3017//3778 2928//3778 3016//3778
f 3018//3778 2927//3778 3017//3778
f 3019//3778 2926//3778 3018//3778
f 3020//3778 2925//3778 3019//3778
f 3021//3778 2924//3778 3020//3778
f 3022//3778 2923//3778 3021//3778
f 3023//3778 2922//3778 3022//3778
f 3024//3778 2921//3778 3023//3778
f 3025//3778 2920//3778 3024//3778
f 3027//3778 2918//3778 2919//3778
f 3028//3778 2918//3778 3027//3778
f 2917//3778 2918//3778 3028//3778
f 2916//3778 2917//3778 3029//3778
f 2915//3778 2916//3778 3030//3778
f 2914//3778 2915//3778 3031//3778
f 2913//3778 2914//3778 3032//3778
f 2912//3778 2913//3778 3033//3778
f 2911//3778 2912//3778 3034//3778
f 2910//3778 2911//3778 3035//3778
f 2909//3778 2910//3778 3036//3778
f 3038//3778 2909//3778 3037//3778
f 2909//3778 3036//3778 3037//3778
f 3029//3778 2917//3778 3028//3778
f 3030//3778 2916//3778 3029//3778
f 3031//3778 2915//3778 3030//3778
f 3032//3778 2914//3778 3031//3778
f 3033//3778 2913//3778 3032//3778
f 3034//3778 2912//3778 3033//3778
f 3035//3778 2911//3778 3034//3778
f 3036//3778 2910//3778 3035//3778
f 3038//3778 2908//3778 2909//3778
f 3039//3778 2908//3778 3038//3778
f 2907//3778 2908//3778 3039//3778
f 2905//3778 2907//3778 3040//3778
f 2906//3778 2905//3778 3041//3778
f 2906//3778 3041//3778 3007//3778
f 3040//3778 2907//3778 3039//3778
f 3041//3778 2905//3778 3040//3778
f 3022//5127 3042//5126 3023//5125
f 3042//5126 3043//5128 3023//5125
f 3043//5129 3044//5129 3023//5129
f 3044//5130 3024//5130 3023//5130
f 3045//5131 3024//5131 3044//5131
f 3047//5134 3045//5133 3046//5132
f 3049//5135 3047//5135 3048//5135
f 3051//5138 3049//5137 3050//5136
f 3053//5139 3051//5139 3052//5139
f 3054//5140 3053//5140 2945//5140
f 3055//5141 3054//5141 2947//5141
f 3057//5142 3055//5142 3056//5142
f 3059//5144 3057//5143 3058//5143
f 3061//5145 3059//5145 3060//5145
f 3063//5147 3061//5146 3062//5146
f 3027//5148 3063//5148 3064//5148
f 3027//5149 3064//5149 3028//5149
f 3064//5152 3065//5151 3028//5150
f 3065//5151 3066//5153 3028//5150
f 3066//5154 3029//5154 3028//5154
f 3067//5155 3029//5155 3066//5155
f 3069//5156 3067//5156 3068//5156
f 3071//5158 3069//5158 3070//5157
f 3073//5160 3071//5160 3072//5159
f 3075//5161 3073//5161 3074//5161
f 3076//5162 3075//5162 2955//5162
f 3077//5163 3076//5163 2957//5163
f 3079//5164 3077//5164 3078//5164
f 3081//5165 3079//5165 3080//5165
f 3083//5166 3081//5166 3082//5166
f 3085//5168 3083//5167 3084//5167
f 3032//5171 3085//5170 3086//5169
f 3032//5171 3086//5169 3033//5172
f 3086//5173 3087//5173 3033//5173
f 3087//5176 3088//5175 3033//5174
f 3088//5175 3034//5177 3033//5174
f 3089//5178 3034//5178 3088//5178
f 3091//5180 3089//5180 3090//5179
f 3093//5181 3091//5181 3092//5181
f 3095//5182 3093//5182 3094//5182
f 3097//5183 3095//5183 3096//5183
f 2967//5184 3097//5184 2965//5184
f 3097//5185 3096//5185 2965//5185
f 3096//5186 3098//5186 2965//5186
f 3098//5187 2963//5187 2965//5187
f 3099//5188 2963//5188 3098//5188
f 3101//5189 3099//5189 3100//5189
f 3103//5192 3101//5191 3102//5190
f 3105//5193 3103//5193 3104//5193
f 3086//5194 3105//5194 3087//5194
f 3105//5195 3104//5196 3087//5195
f 3104//5196 3088//5195 3087//5195
f 3090//5199 3088//5198 3104//5197
f 3092//5200 3090//5201 3102//5200
f 3094//5202 3092//5202 3100//5202
f 3096//5203 3094//5203 3098//5203
f 3094//5204 3100//5204 3098//5204
f 3100//5204 3099//5204 3098//5204
f 3106//5205 3024//5205 3045//5205
f 3107//5207 3106//5206 3047//5206
f 3108//5208 3107//5208 3049//5208
f 3109//5210 3108//5209 3051//5209
f 3054//5213 3109//5212 3053//5211
f 3109//5214 3051//5139 3053//5139
f 3025//5215 3110//5215 3026//5215
f 3110//5217 3111//5216 3026//5216
f 3111//5218 3112//5218 3026//5218
f 3112//5219 3027//5219 3026//5219
f 3063//5220 3027//5220 3112//5220
f 3063//5223 3112//5222 3061//5221
f 3112//5222 3113//5224 3061//5221
f 3113//5225 3059//5225 3061//5225
f 3114//5225 3059//5225 3113//5225
f 3116//5227 3114//5226 3115//5226
f 3108//5229 3116//5229 3117//5228
f 3108//5208 3117//5208 3107//5208
f 3117//5230 3118//5230 3107//5230
f 3118//5231 3106//5206 3107//5207
f 3025//5232 3106//5232 3118//5232
f 3025//5233 3118//5233 3110//5233
f 3118//5230 3117//5230 3110//5230
f 3117//5234 3115//5234 3110//5234
f 3115//5234 3111//5234 3110//5234
f 3113//5236 3111//5235 3115//5235
f 3113//5227 3115//5226 3114//5226
f 3119//5237 3029//5237 3067//5237
f 3120//5238 3119//5238 3069//5238
f 3121//5239 3120//5239 3071//5239
f 3122//5240 3121//5241 3073//5240
f 3076//5243 3122//5243 3075//5242
f 3122//5161 3073//5161 3075//5161
f 3030//5244 3123//5244 3031//5244
f 3123//5245 3124//5245 3031//5245
f 3124//5246 3125//5246 3031//5246
f 3125//5247 3032//5247 3031//5247
f 3085//5248 3032//5248 3125//5248
f 3085//5250 3125//5250 3083//5249
f 3125//5250 3126//5250 3083//5249
f 3126//5251 3081//5251 3083//5251
f 3127//5251 3081//5251 3126//5251
f 3129//5254 3127//5253 3128//5252
f 3121//5255 3129//5255 3130//5255
f 3121//5239 3130//5239 3120//5239
f 3130//5256 3131//5257 3120//5256
f 3131//5238 3119//5238 3120//5238
f 3030//5258 3119//5258 3131//5258
f 3030//5259 3131//5259 3123//5259
f 3131//5257 3130//5256 3123//5256
f 3130//5260 3128//5260 3123//5260
f 3128//5260 3124//5261 3123//5260
f 3126//5263 3124//5262 3128//5262
f 3126//5252 3128//5252 3127//5253
f 3089//5266 3035//5265 3034//5264
f 3132//5267 3035//5265 3089//5266
f 3133//5269 3132//5269 3091//5268
f 3134//5270 3133//5270 3093//5270
f 3135//5272 3134//5272 3095//5271
f 3136//5273 3135//5273 3097//5273
f 3137//5274 3136//5274 2967//5274
f 3138//5275 3137//5275 2969//5275
f 3140//5276 3138//5277 3139//5276
f 3142//5278 3140//5278 3141//5278
f 3144//5281 3142//5280 3143//5279
f 3146//5282 3144//5283 3145//5282
f 3038//5284 3146//5284 3147//5284
f 3038//5285 3147//5285 3039//5285
f 3147//5286 3148//5286 3039//5286
f 3148//5287 3149//5287 3039//5287
f 3149//5288 3040//5288 3039//5288
f 3150//5289 3040//5289 3149//5289
f 3152//5291 3150//5291 3151//5290
f 3154//5293 3152//5293 3153//5292
f 3156//5294 3154//5294 3155//5294
f 3158//5295 3156//5295 3157//5295
f 3159//5296 3158//5296 2977//5296
f 3160//5297 3159//5297 2979//5297
f 3162//5298 3160//5298 3161//5298
f 3164//5299 3162//5300 3163//5299
f 3166//5301 3164//5301 3165//5301
f 3168//5303 3166//5302 3167//5302
f 3008//5304 3168//5304 3169//5304
f 3008//5305 3169//5305 3009//5305
f 3169//5306 3170//5306 3009//5306
f 3170//5309 3171//5308 3009//5307
f 3171//5308 3010//5310 3009//5307
f 3172//5311 3010//5311 3171//5311
f 3174//5314 3172//5313 3173//5312
f 3176//5316 3174//5315 3175//5315
f 3178//5318 3176//5318 3177//5317
f 3180//5319 3178//5319 3179//5319
f 2989//5320 3180//5320 2987//5320
f 3180//5321 3179//5321 2987//5321
f 3179//5322 3181//5322 2987//5322
f 3181//5323 2985//5323 2987//5323
f 3182//5324 2985//5324 3181//5324
f 3184//5325 3182//5325 3183//5325
f 3186//5328 3184//5327 3185//5326
f 3188//5329 3186//5329 3187//5329
f 3169//5330 3188//5330 3170//5330
f 3188//5331 3187//5331 3170//5331
f 3187//5331 3171//5331 3170//5331
f 3173//5333 3171//5332 3187//5332
f 3175//5335 3173//5334 3185//5334
f 3177//5337 3175//5337 3183//5336
f 3179//5338 3177//5338 3181//5338
f 3177//5340 3183//5339 3181//5339
f 3183//5339 3182//5339 3181//5339
f 3189//5341 3035//5341 3132//5341
f 3190//5342 3189//5342 3133//5342
f 3191//5343 3190//5343 3134//5343
f 3192//5344 3191//5344 3135//5344
f 3137//5345 3192//5345 3136//5345
f 3192//5273 3135//5273 3136//5273
f 3036//5346 3193//5346 3037//5346
f 3193//5347 3194//5347 3037//5347
f 3194//5348 3195//5348 3037//5348
f 3195//5349 3038//5349 3037//5349
f 3146//5350 3038//5350 3195//5350
f 3146//5351 3195//5352 3144//5351
f 3195//5352 3196//5352 3144//5351
f 3196//5354 3142//5354 3144//5353
f 3197//5354 3142//5354 3196//5354
f 3199//5355 3197//5355 3198//5355
f 3191//5356 3199//5356 3200//5356
f 3191//5343 3200//5343 3190//5343
f 3200//5357 3201//5357 3190//5357
f 3201//5358 3189//5342 3190//5342
f 3036//5359 3189//5359 3201//5359
f 3036//5360 3201//5360 3193//5360
f 3201//5357 3200//5357 3193//5357
f 3200//5361 3198//5361 3193//5361
f 3198//5361 3194//5361 3193//5361
f 3196//5362 3194//5362 3198//5362
f 3196//5355 3198//5355 3197//5355
f 3202//5363 3040//5363 3150//5363
f 3203//5364 3202//5364 3152//5364
f 3204//5366 3203//5366 3154//5365
f 3205//5368 3204//5368 3156//5367
f 3159//5369 3205//5369 3158//5369
f 3205//5295 3156//5295 3158//5295
f 3041//5370 3206//5370 3007//5370
f 3206//5371 3207//5371 3007//5371
f 3207//5372 3208//5372 3007//5372
f 3208//5373 3008//5373 3007//5373
f 3168//5374 3008//5374 3208//5374
f 3168//5375 3208//5376 3166//5375
f 3208//5376 3209//5376 3166//5375
f 3209//5377 3164//5377 3166//5377
f 3210//5378 3164//5377 3209//5377
f 3212//5379 3210//5379 3211//5379
f 3204//5380 3212//5381 3213//5380
f 3204//5366 3213//5366 3203//5366
f 3213//5382 3214//5383 3203//5382
f 3214//5364 3202//5364 3203//5364
f 3041//5384 3202//5384 3214//5384
f 3041//5385 3214//5385 3206//5385
f 3214//5383 3213//5382 3206//5382
f 3213//5386 3211//5386 3206//5386
f 3211//5386 3207//5386 3206//5386
f 3209//5387 3207//5387 3211//5387
f 3209//5379 3211//5379 3210//5379
f 3172//5389 3011//5389 3010//5388
f 3215//5390 3011//5389 3172//5389
f 3216//5391 3215//5391 3174//5391
f 3217//5392 3216//5392 3176//5392
f 3218//5393 3217//5393 3178//5393
f 3219//5395 3218//5394 3180//5394
f 3220//5396 3219//5396 2989//5396
f 3221//5397 3220//5397 2991//5397
f 3223//5398 3221//5398 3222//5398
f 3225//5401 3223//5400 3224//5399
f 3227//5402 3225//5402 3226//5402
f 3229//5403 3227//5404 3228//5403
f 3014//5405 3229//5405 3230//5405
f 3014//5406 3230//5406 3015//5406
f 3230//5407 3231//5407 3015//5407
f 3231//5408 3232//5408 3015//5408
f 3232//5409 3016//5409 3015//5409
f 3233//5412 3016//5411 3232//5410
f 3235//5413 3233//5413 3234//5413
f 3237//5416 3235//5415 3236//5414
f 3239//5417 3237//5417 3238//5417
f 3241//5419 3239//5419 3240//5418
f 3242//5420 3241//5420 2999//5420
f 3243//5421 3242//5421 3001//5421
f 3245//5422 3243//5422 3244//5422
f 3247//5423 3245//5424 3246//5423
f 3249//5425 3247//5425 3248//5425
f 3251//5426 3249//5426 3250//5426
f 3019//5427 3251//5427 3252//5427
f 3019//5428 3252//5428 3020//5428
f 3252//5429 3253//5429 3020//5429
f 3253//5430 3254//5430 3020//5430
f 3254//5431 3021//5431 3020//5431
f 3255//5432 3021//5432 3254//5432
f 3257//5435 3255//5434 3256//5433
f 3259//5436 3257//5436 3258//5436
f 3261//5438 3259//5438 3260//5437
f 3263//5439 3261//5439 3262//5439
f 2941//5440 3263//5440 2937//5440
f 3263//5441 3262//5441 2937//5441
f 3262//5442 3264//5442 2937//5442
f 3264//5443 2939//5443 2937//5443
f 3265//5444 2939//5444 3264//5444
f 3267//5445 3265//5445 3266//5445
f 3269//5446 3267//5446 3268//5446
f 3271//5448 3269//5447 3270//5447
f 3252//5450 3271//5449 3253//5449
f 3271//5451 3270//5451 3253//5451
f 3270//5451 3254//5451 3253//5451
f 3256//5453 3254//5452 3270//5452
f 3258//5454 3256//5454 3268//5454
f 3260//5455 3258//5455 3266//5455
f 3262//5456 3260//5456 3264//5456
f 3260//5458 3266//5458 3264//5457
f 3266//5458 3265//5458 3264//5457
f 3272//5459 3011//5459 3215//5459
f 3273//5461 3272//5460 3216//5460
f 3274//5462 3273//5462 3217//5462
f 3275//5463 3274//5464 3218//5463
f 3220//5465 3275//5465 3219//5465
f 3275//5395 3218//5394 3219//5395
f 3012//5466 3276//5466 3013//5466
f 3276//5467 3277//5467 3013//5467
f 3277//5468 3278//5468 3013//5468
f 3278//5469 3014//5469 3013//5469
f 3229//5470 3014//5470 3278//5470
f 3229//5472 3278//5472 3227//5471
f 3278//5472 3279//5472 3227//5471
f 3279//5473 3225//5473 3227//5473
f 3280//5473 3225//5473 3279//5473
f 3282//5474 3280//5474 3281//5474
f 3274//5475 3282//5475 3283//5475
f 3274//5462 3283//5462 3273//5462
f 3283//5477 3284//5477 3273//5476
f 3284//5478 3272//5460 3273//5461
f 3012//5481 3272//5480 3284//5479
f 3012//5482 3284//5482 3276//5482
f 3284//5477 3283//5477 3276//5477
f 3283//5483 3281//5484 3276//5483
f 3281//5484 3277//5483 3276//5483
f 3279//5486 3277//5486 3281//5485
f 3279//5474 3281//5474 3280//5474
f 3285//5487 3016//5411 3233//5412
f 3286//5488 3285//5488 3235//5488
f 3287//5489 3286//5489 3237//5489
f 3288//5490 3287//5490 3239//5490
f 3242//5491 3288//5491 3241//5491
f 3288//5419 3239//5419 3241//5419
f 3017//5492 3289//5492 3018//5492
f 3289//5493 3290//5493 3018//5493
f 3290//5495 3291//5495 3018//5494
f 3291//5496 3019//5496 3018//5496
f 3251//5497 3019//5497 3291//5497
f 3251//5499 3291//5499 3249//5498
f 3291//5499 3292//5499 3249//5498
f 3292//5500 3247//5500 3249//5500
f 3293//5501 3247//5500 3292//5500
f 3295//5502 3293//5503 3294//5502
f 3287//5506 3295//5505 3296//5504
f 3287//5489 3296//5489 3286//5489
f 3296//5507 3297//5508 3286//5507
f 3297//5509 3285//5488 3286//5488
f 3017//5510 3285//5510 3297//5510
f 3017//5511 3297//5511 3289//5511
f 3297//5508 3296//5507 3289//5508
f 3296//5514 3294//5513 3289//5512
f 3294//5513 3290//5513 3289//5512
f 3292//5515 3290//5515 3294//5515
f 3292//5502 3294//5502 3293//5503
f 3298//5518 3021//5517 3255//5516
f 3299//5519 3298//5519 3257//5519
f 3300//5520 3299//5520 3259//5520
f 3301//5522 3300//5522 3261//5521
f 3302//5523 3301//5523 3263//5523
f 3303//5524 3302//5524 2941//5524
f 3304//5525 3303//5525 2943//5525
f 3050//5526 3304//5526 3052//5526
f 3050//5526 3052//5526 3051//5526
f 3265//5527 3005//5527 2939//5527
f 3305//5528 3005//5528 3265//5528
f 3306//5529 3305//5529 3267//5529
f 3307//5530 3306//5530 3269//5530
f 3250//5532 3307//5531 3271//5531
f 3251//5426 3250//5426 3252//5533
f 3250//5534 3271//5449 3252//5450
f 3308//5535 3005//5535 3305//5535
f 3309//5536 3308//5536 3306//5536
f 3248//5537 3309//5537 3307//5537
f 3249//5425 3248//5425 3250//5425
f 3248//5531 3307//5531 3250//5532
f 3003//5538 3244//5538 3001//5538
f 3244//5539 3243//5539 3001//5539
f 3242//5540 2999//5540 3001//5540
f 3240//5541 2999//5541 3241//5541
f 2997//5542 2999//5542 3240//5542
f 3311//5543 2997//5543 3310//5543
f 3313//5544 3311//5544 3312//5544
f 3315//5547 3313//5546 3314//5545
f 3317//5549 3315//5548 3316//5548
f 3230//5550 3317//5550 3231//5550
f 3317//5551 3316//5551 3231//5551
f 3316//5551 3232//5551 3231//5551
f 3234//5552 3232//5552 3316//5552
f 3236//5554 3234//5553 3314//5553
f 3238//5555 3236//5555 3312//5555
f 3240//5556 3238//5557 3310//5556
f 3240//5558 3310//5558 2997//5558
f 3311//5559 2995//5559 2997//5559
f 3318//5560 2995//5560 3311//5560
f 3319//5561 3318//5561 3313//5561
f 3320//5563 3319//5562 3315//5562
f 3228//5565 3320//5565 3317//5564
f 3229//5403 3228//5403 3230//5403
f 3228//5550 3317//5550 3230//5550
f 3321//5566 2995//5566 3318//5566
f 3322//5568 3321//5567 3319//5567
f 3226//5569 3322//5570 3320//5569
f 3227//5402 3226//5402 3228//5402
f 3226//5565 3320//5565 3228//5565
f 2993//5571 3222//5571 2991//5571
f 3222//5572 3221//5572 2991//5572
f 3220//5573 2989//5573 2991//5573
f 3180//5574 2989//5574 3219//5574
f 3323//5575 2985//5575 3182//5575
f 3324//5576 3323//5576 3184//5576
f 3325//5577 3324//5577 3186//5577
f 3167//5578 3325//5578 3188//5578
f 3168//5303 3167//5302 3169//5302
f 3167//5330 3188//5330 3169//5330
f 2983//5579 3326//5579 2981//5579
f 3326//5580 3327//5580 2981//5580
f 3327//5581 3161//5581 2981//5581
f 3161//5582 2979//5582 2981//5582
f 3160//5583 2979//5583 3161//5583
f 3159//5584 2977//5584 2979//5584
f 3157//5585 2977//5585 3158//5585
f 2975//5586 2977//5586 3157//5586
f 3329//5587 2975//5587 3328//5587
f 3331//5588 3329//5588 3330//5588
f 3333//5589 3331//5589 3332//5589
f 3335//5590 3333//5590 3334//5590
f 3147//5591 3335//5591 3148//5591
f 3335//5594 3334//5593 3148//5592
f 3334//5593 3149//5592 3148//5592
f 3151//5595 3149//5596 3334//5595
f 3153//5598 3151//5598 3332//5597
f 3155//5599 3153//5599 3330//5599
f 3157//5600 3155//5600 3328//5600
f 3157//5601 3328//5601 2975//5601
f 3329//5602 2973//5602 2975//5602
f 3336//5603 2973//5603 3329//5603
f 3337//5604 3336//5604 3331//5604
f 3338//5605 3337//5605 3333//5605
f 3145//5606 3338//5606 3335//5606
f 3146//5282 3145//5282 3147//5282
f 3145//5591 3335//5591 3147//5591
f 3339//5607 2973//5607 3336//5607
f 3340//5609 3339//5609 3337//5608
f 3143//5611 3340//5611 3338//5610
f 3144//5281 3143//5279 3145//5279
f 3143//5606 3338//5606 3145//5606
f 2971//5612 3139//5612 2969//5612
f 3139//5613 3138//5613 2969//5613
f 3137//5614 2967//5614 2969//5614
f 3097//5615 2967//5615 3136//5615
f 3341//5616 2963//5616 3099//5616
f 3342//5617 3341//5617 3101//5617
f 3343//5618 3342//5619 3103//5618
f 3084//5622 3343//5621 3105//5620
f 3085//5168 3084//5167 3086//5167
f 3084//5194 3105//5194 3086//5194
f 2961//5623 3344//5623 2959//5623
f 3344//5624 3345//5624 2959//5624
f 3345//5625 3078//5625 2959//5625
f 3078//5626 2957//5626 2959//5626
f 3077//5627 2957//5627 3078//5627
f 3076//5628 2955//5628 2957//5628
f 3074//5629 2955//5629 3075//5629
f 2953//5630 2955//5630 3074//5630
f 3347//5631 2953//5631 3346//5631
f 3349//5632 3347//5632 3348//5632
f 3351//5634 3349//5634 3350//5633
f 3353//5635 3351//5635 3352//5635
f 3064//5636 3353//5636 3065//5636
f 3353//5637 3352//5637 3065//5637
f 3352//5637 3066//5637 3065//5637
f 3068//5638 3066//5638 3352//5638
f 3070//5639 3068//5640 3350//5639
f 3072//5642 3070//5641 3348//5641
f 3074//5645 3072//5644 3346//5643
f 3074//5646 3346//5646 2953//5646
f 3347//5647 2951//5647 2953//5647
f 3354//5648 2951//5648 3347//5648
f 3355//5649 3354//5649 3349//5649
f 3356//5650 3355//5650 3351//5650
f 3062//5653 3356//5652 3353//5651
f 3063//5147 3062//5146 3064//5146
f 3062//5636 3353//5636 3064//5636
f 3357//5654 2951//5654 3354//5654
f 3358//5655 3357//5655 3355//5655
f 3060//5656 3358//5656 3356//5656
f 3061//5145 3060//5145 3062//5145
f 3060//5652 3356//5652 3062//5653
f 2949//5657 3056//5657 2947//5657
f 3056//5658 3055//5658 2947//5658
f 3054//5659 2945//5659 2947//5659
f 3052//5660 2945//5660 3053//5660
f 2943//5661 2945//5661 3052//5661
f 2943//5662 3052//5662 3304//5662
f 3303//5663 2941//5663 2943//5663
f 3263//5664 2941//5664 3302//5664
f 3333//5590 3335//5590 3338//5665
f 3149//5596 3151//5595 3150//5596
f 3337//5605 3338//5605 3340//5605
f 3334//5666 3332//5666 3151//5666
f 3333//5667 3332//5666 3334//5666
f 3331//5589 3333//5589 3337//5668
f 3336//5604 3337//5604 3339//5604
f 3189//5669 3036//5669 3035//5669
f 3132//5180 3089//5180 3091//5180
f 3341//5670 2961//5670 2963//5670
f 3344//5671 2961//5671 3341//5671
f 3359//5673 3344//5673 3342//5672
f 3082//5675 3359//5675 3343//5674
f 3083//5166 3082//5166 3084//5166
f 3082//5622 3343//5621 3084//5622
f 3345//5673 3344//5673 3359//5673
f 3078//5676 3345//5676 3080//5676
f 3078//5164 3080//5677 3079//5164
f 3030//5678 3029//5678 3119//5678
f 3354//5632 3347//5632 3349//5632
f 3360//5679 2949//5679 3357//5679
f 3058//5680 3360//5680 3358//5680
f 3059//5144 3058//5143 3060//5144
f 3058//5656 3358//5656 3060//5656
f 3106//5681 3025//5681 3024//5681
f 3298//5518 3022//5682 3021//5517
f 3042//5683 3022//5683 3298//5683
f 3361//5684 3042//5684 3299//5684
f 3362//5685 3361//5685 3300//5685
f 3363//5686 3362//5686 3301//5686
f 3303//5687 3363//5687 3302//5687
f 3363//5523 3301//5523 3302//5523
f 3305//5445 3265//5445 3267//5445
f 3364//5688 3003//5688 3308//5688
f 3246//5689 3364//5689 3309//5689
f 3247//5423 3246//5423 3248//5423
f 3246//5690 3309//5537 3248//5537
f 3233//5552 3232//5552 3234//5552
f 3321//5691 2993//5691 2995//5691
f 3365//5692 2993//5692 3321//5692
f 3224//5693 3365//5693 3322//5693
f 3225//5401 3224//5399 3226//5399
f 3224//5694 3322//5570 3226//5569
f 3222//5695 2993//5695 3365//5695
f 3223//5398 3222//5398 3224//5398
f 3222//5693 3365//5693 3224//5693
f 3272//5480 3012//5481 3011//5696
f 3215//5314 3172//5313 3174//5314
f 3323//5697 2983//5697 2985//5697
f 3326//5698 2983//5698 3323//5698
f 3366//5700 3326//5700 3324//5699
f 3165//5701 3366//5701 3325//5701
f 3166//5301 3165//5301 3167//5301
f 3165//5578 3325//5578 3167//5578
f 3327//5702 3326//5700 3366//5700
f 3161//5703 3327//5703 3163//5703
f 3161//5298 3163//5704 3162//5298
f 3041//5705 3040//5705 3202//5705
f 3336//5588 3329//5588 3331//5588
f 3298//5519 3299//5519 3042//5706
f 3257//5436 3259//5436 3299//5436
f 3258//5455 3260//5455 3259//5455
f 3299//5520 3300//5520 3361//5520
f 3259//5438 3261//5438 3300//5438
f 3260//5456 3262//5456 3261//5456
f 3266//5708 3258//5707 3268//5707
f 3266//5708 3268//5707 3267//5709
f 3258//5454 3257//5454 3256//5454
f 3257//5435 3298//5434 3255//5434
f 3043//5711 3367//5710 3044//5710
f 3367//5712 3046//5712 3044//5712
f 3046//5712 3045//5712 3044//5712
f 3361//5713 3367//5710 3043//5711
f 3361//5684 3043//5684 3042//5684
f 3300//5522 3301//5522 3362//5522
f 3368//5714 3367//5714 3362//5714
f 3369//5715 3368//5715 3363//5715
f 3304//5716 3369//5716 3303//5716
f 3369//5687 3363//5687 3303//5687
f 3261//5439 3263//5439 3301//5439
f 3362//5686 3363//5686 3368//5686
f 3361//5685 3362//5685 3367//5685
f 3045//5133 3047//5134 3106//5717
f 3046//5718 3048//5718 3047//5718
f 3368//5718 3048//5718 3046//5718
f 3368//5714 3046//5714 3367//5714
f 3107//5135 3047//5135 3049//5135
f 3369//5715 3048//5715 3368//5715
f 3050//5720 3048//5719 3369//5719
f 3050//5716 3369//5716 3304//5716
f 3049//5721 3048//5719 3050//5720
f 3115//5229 3117//5228 3116//5229
f 3049//5137 3051//5138 3108//5138
f 3116//5210 3108//5209 3109//5210
f 3114//5722 3116//5722 3370//5722
f 3059//5723 3114//5723 3057//5723
f 3114//5723 3370//5724 3057//5723
f 3370//5725 3055//5726 3057//5725
f 3054//5725 3055//5726 3370//5725
f 3054//5213 3370//5213 3109//5212
f 3370//5722 3116//5722 3109//5722
f 3111//5235 3113//5236 3112//5235
f 3056//5142 3058//5142 3057//5142
f 3360//5680 3058//5680 3056//5680
f 3360//5727 3056//5727 2949//5727
f 3353//5635 3356//5635 3351//5635
f 3356//5650 3358//5728 3355//5650
f 3358//5655 3360//5729 3357//5655
f 2951//5730 3357//5730 2949//5730
f 3066//5638 3068//5638 3067//5638
f 3350//5732 3352//5731 3351//5731
f 3068//5733 3352//5731 3350//5732
f 3067//5156 3069//5156 3119//5156
f 3349//5634 3351//5634 3355//5634
f 3068//5640 3070//5639 3069//5639
f 3354//5649 3355//5649 3357//5649
f 3350//5734 3348//5734 3070//5734
f 3349//5735 3348//5734 3350//5734
f 3069//5158 3071//5158 3120//5158
f 3070//5641 3072//5642 3071//5736
f 3121//5160 3071//5160 3073//5160
f 3346//5737 3348//5737 3347//5737
f 3072//5737 3348//5737 3346//5737
f 3073//5644 3072//5644 3074//5645
f 3130//5255 3129//5255 3128//5255
f 3124//5262 3126//5263 3125//5263
f 3122//5240 3129//5241 3121//5241
f 3371//5739 3129//5738 3122//5738
f 3077//5740 3371//5740 3076//5740
f 3371//5741 3122//5243 3076//5243
f 3127//5739 3129//5738 3371//5739
f 3081//5742 3127//5742 3079//5742
f 3127//5742 3371//5742 3079//5742
f 3371//5740 3077//5740 3079//5740
f 3082//5743 3081//5165 3080//5165
f 3082//5675 3080//5744 3359//5675
f 3080//5676 3345//5676 3359//5676
f 3105//5193 3343//5193 3103//5193
f 3343//5618 3359//5618 3342//5619
f 3088//5198 3090//5199 3089//5199
f 3102//5745 3104//5745 3103//5745
f 3090//5746 3104//5745 3102//5745
f 3091//5200 3090//5201 3092//5200
f 3101//5191 3103//5192 3342//5191
f 3341//5617 3342//5617 3344//5617
f 3102//5747 3100//5747 3092//5747
f 3101//5747 3100//5747 3102//5747
f 3341//5189 3099//5189 3101//5189
f 3132//5269 3133//5269 3189//5269
f 3091//5181 3093//5181 3133//5181
f 3190//5270 3133//5270 3134//5270
f 3092//5202 3094//5202 3093//5202
f 3134//5748 3093//5182 3095//5182
f 3095//5749 3094//5203 3096//5203
f 3198//5356 3200//5356 3199//5356
f 3134//5272 3135//5272 3191//5272
f 3199//5344 3191//5344 3192//5344
f 3197//5750 3199//5750 3372//5750
f 3142//5751 3197//5751 3140//5751
f 3197//5751 3372//5752 3140//5751
f 3372//5753 3138//5753 3140//5753
f 3137//5753 3138//5753 3372//5753
f 3137//5345 3372//5754 3192//5345
f 3372//5750 3199//5750 3192//5750
f 3095//5183 3097//5183 3135//5183
f 3194//5362 3196//5362 3195//5362
f 3141//5278 3143//5278 3142//5278
f 3340//5611 3143//5611 3141//5755
f 3339//5609 3340//5609 3373//5609
f 2973//5756 3339//5756 2971//5756
f 3339//5757 3373//5757 2971//5757
f 3373//5758 3139//5758 2971//5758
f 3141//5759 3139//5760 3373//5759
f 3141//5759 3373//5759 3340//5759
f 3140//5276 3139//5276 3141//5276
f 3150//5291 3152//5291 3202//5291
f 3332//5762 3331//5762 3330//5761
f 3332//5762 3330//5761 3153//5761
f 3151//5598 3153//5598 3152//5598
f 3152//5293 3154//5293 3203//5763
f 3153//5599 3155//5599 3154//5599
f 3204//5294 3154//5294 3156//5294
f 3328//5764 3330//5764 3329//5764
f 3155//5764 3330//5764 3328//5764
f 3156//5600 3155//5600 3157//5600
f 3213//5380 3212//5381 3211//5380
f 3207//5387 3209//5387 3208//5387
f 3205//5368 3212//5368 3204//5368
f 3374//5765 3212//5765 3205//5765
f 3160//5766 3374//5766 3159//5766
f 3374//5369 3205//5369 3159//5369
f 3210//5765 3212//5765 3374//5765
f 3164//5767 3210//5767 3162//5767
f 3210//5767 3374//5767 3162//5767
f 3374//5766 3160//5766 3162//5766
f 3165//5299 3164//5299 3163//5299
f 3165//5701 3163//5768 3366//5701
f 3163//5703 3327//5703 3366//5703
f 3188//5329 3325//5329 3186//5329
f 3325//5577 3366//5577 3324//5577
f 3171//5332 3173//5333 3172//5332
f 3185//5771 3187//5770 3186//5769
f 3173//5772 3187//5770 3185//5771
f 3174//5335 3173//5334 3175//5335
f 3184//5327 3186//5328 3324//5328
f 3323//5576 3324//5576 3326//5576
f 3185//5774 3183//5773 3175//5773
f 3184//5773 3183//5773 3185//5774
f 3323//5775 3182//5325 3184//5325
f 3215//5391 3216//5391 3272//5391
f 3174//5315 3176//5316 3216//5315
f 3273//5392 3216//5392 3217//5392
f 3175//5337 3177//5337 3176//5337
f 3217//5318 3176//5318 3178//5318
f 3178//5338 3177//5338 3179//5338
f 3281//5475 3283//5475 3282//5475
f 3217//5393 3218//5393 3274//5393
f 3282//5464 3274//5464 3275//5463
f 3280//5776 3282//5776 3375//5776
f 3225//5777 3280//5778 3223//5777
f 3280//5778 3375//5779 3223//5777
f 3375//5780 3221//5780 3223//5780
f 3220//5781 3221//5780 3375//5780
f 3220//5465 3375//5782 3275//5465
f 3375//5776 3282//5776 3275//5783
f 3178//5319 3180//5319 3218//5319
f 3277//5486 3279//5486 3278//5486
f 3315//5548 3317//5549 3320//5784
f 3319//5562 3320//5563 3322//5563
f 3316//5787 3314//5786 3234//5785
f 3315//5787 3314//5786 3316//5787
f 3321//5567 3322//5568 3365//5568
f 3313//5546 3315//5547 3319//5546
f 3321//5561 3318//5561 3319//5561
f 3233//5413 3235//5413 3285//5413
f 3234//5553 3236//5554 3235//5554
f 3286//5788 3235//5415 3237//5416
f 3312//5790 3314//5789 3313//5789
f 3236//5790 3314//5789 3312//5790
f 3237//5555 3236//5555 3238//5555
f 3311//5544 3313//5544 3318//5544
f 3312//5791 3310//5791 3238//5791
f 3311//5791 3310//5791 3312//5791
f 3016//5792 3285//5792 3017//5792
f 3287//5793 3237//5417 3239//5417
f 3239//5556 3238//5557 3240//5556
f 3296//5504 3295//5505 3294//5505
f 3290//5515 3292//5515 3291//5515
f 3288//5490 3295//5490 3287//5490
f 3376//5794 3295//5795 3288//5794
f 3243//5796 3376//5796 3242//5796
f 3376//5491 3288//5491 3242//5491
f 3293//5795 3295//5795 3376//5794
f 3247//5799 3293//5798 3245//5797
f 3293//5798 3376//5798 3245//5797
f 3376//5796 3243//5796 3245//5796
f 3246//5422 3245//5422 3244//5422
f 3246//5689 3244//5800 3364//5689
f 3244//5801 3003//5801 3364//5801
f 3271//5448 3307//5447 3269//5447
f 3307//5530 3309//5802 3306//5530
f 3309//5536 3364//5536 3308//5536
f 3005//5803 3308//5803 3003//5803
f 3254//5452 3256//5453 3255//5804
f 3268//5805 3270//5805 3269//5805
f 3256//5805 3270//5805 3268//5805
f 3267//5446 3269//5446 3306//5446
f 3305//5529 3306//5529 3308//5529
f 3377//60 171//60 172//60
f 3378//60 171//60 3377//60
f 3379//61 279//61 285//61
f 3380//61 279//61 3379//61
f 345//4922 3381//4922 347//4922
f 264//4922 3381//4922 345//4922
f 3383//4922 264//4922 3382//4922
f 264//4922 345//4922 3382//4922
f 3383//4922 291//4922 264//4922
f 3384//4922 291//4922 3383//4922
f 3385//4922 291//4922 3384//4922
f 3387//4922 3385//4922 3386//4922
f 3389//4922 3387//4922 3388//4922
f 3387//4922 3386//4922 3388//4922
f 3386//4922 3385//4922 3384//4922
f 3387//4922 3391//4922 3390//4922
f 3389//4922 3391//4922 3387//4922
f 3392//4922 342//4922 338//4922
f 280//4922 342//4922 3392//4922
f 3393//4922 342//4922 280//4922
f 3393//4922 280//4922 3394//4922
f 280//4922 279//4922 3394//4922
f 279//4922 3395//4922 3394//4922
f 3380//4922 3395//4922 279//4922
f 3396//4922 3395//4922 3380//4922
f 3398//4922 3396//4922 3397//4922
f 3398//4922 3397//4922 3399//4922
f 3397//4922 3400//4922 3399//4922
f 3401//4922 3400//4922 3397//4922
f 3397//4922 3396//4922 3380//4922
f 2787//4922 3402//4922 2788//4922
f 3403//4922 3402//4922 2787//4922
f 3403//4922 2787//4922 3404//4922
f 2787//4922 3405//4922 3404//4922
f 3405//4922 3406//4922 3404//4922
f 3407//4922 3406//4922 3405//4922
f 3408//4922 3407//4922 180//4922
f 343//4922 3408//4922 181//4922
f 337//4922 343//4922 3409//4922
f 343//4922 181//4922 3409//4922
f 180//4922 3407//4922 3405//4922
f 181//4922 3408//4922 180//4922
f 351//4922 170//4922 3410//4922
f 170//4922 171//4922 3410//4922
f 171//4922 3411//4922 3410//4922
f 3378//4922 3411//4922 171//4922
f 3412//4922 3411//4922 3378//4922
f 3412//4922 3378//4922 3413//4922
f 3378//4922 2783//4922 3413//4922
f 2783//4922 3414//4922 3413//4922
f 3415//4922 3414//4922 2783//4922
f 3415//4922 2783//4922 2789//4922
f 351//4922 3416//4922 170//4922
f 349//4922 3416//4922 351//4922
f 3377//73 2783//73 3378//73
f 1963//73 2783//73 3377//73
f 1954//73 1963//73 1953//73
f 1963//73 3377//73 1953//73
f 3377//73 1965//73 1953//73
f 3416//73 169//73 170//73
f 3417//73 169//73 3416//73
f 339//3778 2972//3778 2970//3778
f 3379//3778 339//3778 2968//3778
f 2964//3778 3379//3778 2966//3778
f 3379//3778 2968//3778 2966//3778
f 339//3778 2974//3778 2972//3778
f 2976//3778 2974//3778 339//3778
f 2976//3778 339//3778 2978//3778
f 339//3778 1959//3778 2978//3778
f 1959//3778 2980//3778 2978//3778
f 1958//3778 2980//3778 1959//3778
f 1958//3778 1959//3778 1957//3778
f 1958//3778 2982//3778 2980//3778
f 2984//3778 2982//3778 1958//3778
f 2984//3778 1958//3778 2986//3778
f 1958//3778 2988//3778 2986//3778
f 2990//3778 2988//3778 1958//3778
f 2992//3778 2990//3778 1968//3778
f 2992//3778 1968//3778 2994//3778
f 1968//3778 2996//3778 2994//3778
f 2998//3778 2996//3778 1968//3778
f 2998//3778 1968//3778 3000//3778
f 1968//3778 1966//3778 3000//3778
f 1966//3778 356//3778 3000//3778
f 356//3778 3002//3778 3000//3778
f 3004//3778 3002//3778 356//3778
f 3004//3778 356//3778 3006//3778
f 356//3778 2938//3778 3006//3778
f 2940//3778 2938//3778 356//3778
f 2942//3778 2940//3778 3418//3778
f 2942//3778 3418//3778 2944//3778
f 3418//3778 2946//3778 2944//3778
f 3419//3778 2946//3778 3418//3778
f 2948//3778 2946//3778 3419//3778
f 2948//3778 3419//3778 2950//3778
f 3419//3778 2952//3778 2950//3778
f 2954//3778 2952//3778 3419//3778
f 2956//3778 2954//3778 3420//3778
f 2956//3778 3420//3778 2958//3778
f 3420//3778 2960//3778 2958//3778
f 2962//3778 2960//3778 3420//3778
f 2964//3778 2962//3778 3379//3778
f 2962//3778 3420//3778 3379//3778
f 1968//3778 2990//3778 1958//3778
f 3418//3778 2940//3778 356//3778
f 3418//3778 356//3778 268//3778
f 356//3778 3421//3778 268//3778
f 3421//3778 265//3778 268//3778
f 3420//3778 2954//3778 3419//3778
f 339//3778 2970//3778 2968//3778
f 1966//3778 355//3778 356//3778
f 1964//3778 355//3778 1966//3778
f 1965//3778 355//3778 1964//3778
f 3417//3778 355//3778 1965//3778
f 3417//3778 1965//3778 169//3778
f 1965//3778 172//3778 169//3778
f 3377//3778 172//3778 1965//3778
f 1968//3778 1967//3778 1966//3778
f 340//3778 1959//3778 339//3778
f 1960//3778 1959//3778 340//3778
f 1960//3778 340//3778 1961//3778
f 340//3778 3422//3778 1961//3778
f 3422//3778 183//3778 1961//3778
f 183//3778 191//3778 1961//3778
f 191//3778 3423//3778 1961//3778
f 285//3778 339//3778 3379//3778
f 3424//3778 339//3778 285//3778
f 3424//3778 285//3778 282//3778
f 3385//61 268//61 291//61
f 3418//61 268//61 3385//61
f 3421//73 264//73 265//73
f 3381//73 264//73 3421//73
f 356//60 3381//60 3421//60
f 347//60 3381//60 356//60
f 349//61 3417//61 3416//61
f 355//61 3417//61 349//61
f 3387//73 3418//73 3385//73
f 3419//73 3418//73 3387//73
f 3420//72 3380//72 3379//72
f 3397//72 3380//72 3420//72
f 3392//72 282//72 280//72
f 3424//72 282//72 3392//72
f 338//60 3424//60 3392//60
f 339//60 3424//60 338//60
f 340//61 3409//61 3422//61
f 337//61 3409//61 340//61
f 3422//72 181//72 183//72
f 3409//72 181//72 3422//72
f 3405//60 191//60 180//60
f 3423//60 191//60 3405//60
f 2787//72 3423//72 3405//72
f 1962//72 3423//72 2787//72
f 1956//72 3423//72 1962//72
f 1956//72 1962//72 1955//72
f 1956//72 1961//72 3423//72
f 344//5806 3408//5806 343//5806
f 2755//5807 3408//5806 344//5806
f 3407//5810 3408//5809 2755//5808
f 3406//5811 3407//5812 2753//5811
f 2759//5813 3406//5813 2757//5813
f 3406//5811 2753//5811 2757//5812
f 2753//5809 3407//5810 2755//5808
f 2759//5813 3404//5813 3406//5813
f 3403//5815 3404//5814 2759//5814
f 3402//5816 3403//5816 2761//5816
f 2788//5817 3402//5817 2762//5817
f 2788//5817 2762//5817 2760//5818
f 2761//5814 3403//5815 2759//5814
f 2762//5816 3402//5816 2761//5816
f 2721//4933 3401//4933 2722//4933
f 3400//4933 3401//4933 2721//4933
f 3399//4932 3400//4932 2723//4932
f 3398//4931 3399//4931 2724//4931
f 3396//4929 3398//4930 2725//4929
f 3395//4927 3396//4927 2726//4927
f 3394//4926 3395//5819 2727//4926
f 3393//4925 3394//4924 2728//4924
f 342//4923 3393//4923 341//4923
f 3393//4923 2728//4923 341//4923
f 2723//4932 3400//4932 2721//4932
f 2724//4931 3399//4931 2723//4931
f 2725//4929 3398//4930 2724//4930
f 2726//4927 3396//4927 2725//4927
f 2727//4926 3395//5819 2726//4926
f 2728//4924 3394//4924 2727//5820
f 2748//4944 345//4944 346//4944
f 3382//4944 345//4944 2748//4944
f 3383//5821 3382//4942 2749//5821
f 3384//4941 3383//4941 2750//5822
f 3386//4939 3384//4939 2751//4939
f 3388//4937 3386//4937 2752//4937
f 3389//4936 3388//4936 2740//4936
f 3391//4935 3389//4935 2739//4935
f 3390//4934 3391//4934 2737//4934
f 3391//4934 2739//4934 2737//4934
f 2749//5821 3382//4942 2748//4943
f 2750//5822 3383//4941 2749//4941
f 2751//4939 3384//4939 2750//4940
f 2752//4937 3386//4937 2751//4937
f 2740//4936 3388//4936 2752//4936
f 2739//4935 3389//4935 2740//4935
f 2764//5824 3415//5823 2789//5823
f 2766//5824 3415//5823 2764//5824
f 3414//5825 3415//5825 2766//5825
f 3413//5826 3414//5827 2765//5826
f 2758//5828 3413//5828 2763//5828
f 3413//5826 2765//5826 2763//5827
f 2765//5825 3414//5825 2766//5825
f 2758//5828 3412//5828 3413//5828
f 3411//5829 3412//5830 2758//5829
f 3410//5832 3411//5832 2756//5831
f 351//5833 3410//5834 2754//5833
f 351//5833 2754//5833 352//5833
f 2756//5830 3411//5829 2758//5829
f 2754//5835 3410//5832 2756//5831
f 549//58 365//264 3425//55
f 365//264 3426//55 3425//55
f 3427//55 3426//55 365//264
f 3427//55 365//264 3428//269
f 365//264 3429//266 3428//269
f 3430//51 3429//266 365//264
f 3430//51 365//264 3431//55
f 365//264 3432//57 360//57
f 3433//55 3432//57 365//264
f 3433//55 365//264 3434//58
f 365//264 3435//57 3434//58
f 3436//3663 3435//57 365//264
f 3436//3663 365//264 3437//57
f 365//264 3438//57 3437//57
f 3439//58 3438//57 365//264
f 540//58 3439//58 549//58
f 3439//58 365//264 549//58
f 540//58 3440//58 3439//58
f 370//57 3440//58 540//58
f 3442//3663 370//57 3441//57
f 370//57 540//58 3441//57
f 370//57 3443//57 3440//58
f 3444//58 3443//57 370//57
f 3444//58 370//57 3445//3660
f 370//57 3446//55 3445//3660
f 3447//57 3446//55 370//57
f 3447//57 370//57 3448//53
f 370//57 3449//58 3448//53
f 372//58 3449//58 370//57
f 370//57 3451//58 3450//55
f 3452//55 3451//58 370//57
f 3452//55 370//57 3453//258
f 370//57 3454//81 3453//258
f 3442//3663 3454//81 370//57
f 376//5836 368//55 359//58
f 376//5836 359//58 374//58
f 3457//5837 3456//58 3455//55
f 3456//58 3458//257 3455//55
f 3458//257 3459//55 3455//55
f 3460//258 3459//55 3458//257
f 3461//257 3459//55 3460//258
f 3463//55 3461//257 3462//81
f 3463//55 3462//81 3464//55
f 3462//81 3461//257 3460//258
f 3466//269 3462//81 3465//55
f 3468//257 3466//269 3467//58
f 3466//269 3465//55 3467//58
f 3465//55 3462//81 3460//258
f 3457//5837 376//5836 3456//58
f 368//55 376//5836 3457//5837
f 3432//5840 358//5839 360//5838
f 3469//5839 358//5839 3432//5840
f 3470//5843 3469//5842 3433//5841
f 3471//5846 3470//5845 3434//5844
f 3472//5849 3471//5848 3435//5847
f 3473//5850 3472//5851 3436//5850
f 3474//5852 3473//5852 3437//5852
f 3475//5855 3474//5854 3438//5853
f 3476//5856 3475//5856 3439//5856
f 3475//5856 3438//5856 3439//5856
f 3433//5841 3469//5842 3432//5857
f 3434//5844 3470//5845 3433//5858
f 3435//5847 3471//5848 3434//5847
f 3436//5850 3472//5851 3435//5850
f 3437//5852 3473//5852 3436//5852
f 3438//5853 3474//5854 3437//5859
f 377//257 3478//261 3477//55
f 3478//261 3479//81 3477//55
f 3480//55 3479//81 3478//261
f 3480//55 3478//261 3481//3669
f 3478//261 3482//5837 3481//3669
f 3483//55 3482//5837 3478//261
f 3483//55 3478//261 3484//55
f 377//257 3476//263 3478//261
f 358//258 3476//263 377//257
f 358//258 377//257 357//58
f 377//257 378//58 357//58
f 3476//263 3474//55 3475//55
f 3473//81 3474//55 3476//263
f 3473//81 3476//263 3472//269
f 3476//263 3471//55 3472//269
f 3470//257 3471//55 3476//263
f 3470//257 3476//263 3469//263
f 3476//263 358//258 3469//263
f 3443//5860 3478//5861 3440//5860
f 3484//5862 3478//5861 3443//5860
f 3483//5865 3484//5864 3444//5863
f 3482//5866 3483//5866 3445//5866
f 3481//5867 3482//5867 3446//5867
f 3480//5870 3481//5869 3447//5868
f 3479//5872 3480//5872 3448//5871
f 3477//5875 3479//5874 3449//5873
f 377//5876 3477//5876 372//5876
f 3477//5876 3449//5876 372//5876
f 3444//5863 3484//5864 3443//5877
f 3445//5866 3483//5866 3444//5866
f 3446//5867 3482//5867 3445//5878
f 3447//5868 3481//5869 3446//5879
f 3448//5871 3480//5872 3447//5872
f 3449//5873 3479//5874 3448//5875
f 359//60 378//60 374//60
f 357//60 378//60 359//60
f 3440//61 3476//61 3439//61
f 3478//61 3476//61 3440//61
f 1910//61 3485//61 412//61
f 3485//61 3486//61 412//61
f 3486//61 3487//61 412//61
f 3487//61 417//61 412//61
f 1911//61 417//61 3487//61
f 1910//61 1911//61 382//61
f 3485//61 1910//61 381//61
f 1910//61 382//61 381//61
f 382//61 1911//61 3487//61
f 3489//61 3488//61 2011//61
f 3486//61 3488//61 3489//61
f 3490//61 3488//61 3486//61
f 3490//61 3486//61 3466//61
f 3486//61 3485//61 3466//61
f 3485//61 3491//61 3466//61
f 3491//61 3462//61 3466//61
f 3492//61 3462//61 3491//61
f 2010//61 3492//61 3493//61
f 3492//61 3491//61 3493//61
f 3492//61 3494//61 3462//61
f 3497//63 3496//97 3495//92
f 3496//97 3498//5880 3495//92
f 3498//5880 3499//97 3495//92
f 3500//99 3499//97 3498//5880
f 3501//135 3499//97 3500//99
f 3503//98 3501//135 3502//98
f 3505//107 3503//98 3504//63
f 3507//63 3505//107 3506//98
f 3509//63 3507//63 3508//98
f 3511//97 3509//63 3510//63
f 3513//63 3511//97 3512//63
f 3515//63 3513//63 3514//5881
f 3513//63 3512//63 3514//5881
f 3502//98 3501//135 3500//99
f 3504//63 3503//98 3502//98
f 3506//98 3505//107 3504//63
f 3508//98 3507//63 3506//98
f 3510//63 3509//63 3508//98
f 3512//63 3511//97 3510//63
f 3497//63 3516//63 3496//97
f 3517//5882 3516//63 3497//63
f 3518//92 3516//63 3517//5882
f 3520//92 3518//92 3519//97
f 3522//63 3520//92 3521//63
f 3524//63 3522//63 3523//5883
f 3526//97 3524//63 3525//97
f 3528//99 3526//97 3527//63
f 3530//105 3528//99 3529//63
f 3532//99 3530//105 3531//5884
f 3534//63 3532//99 3533//63
f 3534//63 3533//63 3535//63
f 3519//97 3518//92 3517//5882
f 3521//63 3520//92 3519//97
f 3523//5883 3522//63 3521//63
f 3525//97 3524//63 3523//5883
f 3527//63 3526//97 3525//97
f 3529//63 3528//99 3527//63
f 3531//5884 3530//105 3529//63
f 3533//63 3532//99 3531//5884
f 3538//269 3537//3660 3536//81
f 3538//269 3536//81 3539//81
f 3536//81 3540//263 3539//81
f 3540//263 3541//5885 3539//81
f 3542//58 3541//5885 3540//263
f 3543//5886 3541//5885 3542//58
f 3545//5837 3543//5886 3544//263
f 3547//81 3545//5837 3546//3663
f 3545//5837 3544//263 3546//3663
f 3550//55 3549//263 3548//57
f 3549//263 3551//55 3548//57
f 3551//55 3552//253 3548//57
f 3553//266 3552//253 3551//55
f 3554//257 3552//253 3553//266
f 3556//254 3554//257 3555//5837
f 3556//254 3555//5837 3557//81
f 3555//5837 3558//265 3557//81
f 3558//265 3559//258 3557//81
f 3560//55 3559//258 3558//265
f 3561//5887 3559//258 3560//55
f 3563//261 3561//5887 3562//51
f 3563//261 3562//51 3564//55
f 3562//51 3565//55 3564//55
f 3565//55 3566//263 3564//55
f 3567//257 3566//263 3565//55
f 3568//257 3566//263 3567//257
f 3570//81 3568//257 3569//266
f 3572//81 3570//81 3571//58
f 3572//81 3571//58 3573//58
f 3571//58 3574//258 3573//58
f 3574//258 3575//253 3573//58
f 3576//81 3575//253 3574//258
f 3577//261 3575//253 3576//81
f 3579//53 3577//261 3578//269
f 3579//53 3578//269 3580//264
f 3578//269 3581//55 3580//264
f 3581//55 3582//258 3580//264
f 3583//263 3582//258 3581//55
f 3584//253 3582//258 3583//263
f 3586//263 3584//253 3585//55
f 3588//269 3586//263 3587//263
f 3588//269 3587//263 3589//264
f 3587//263 3590//265 3589//264
f 3590//265 3591//5885 3589//264
f 3592//260 3591//5885 3590//265
f 3593//3668 3591//5885 3592//260
f 3595//51 3593//3668 3594//263
f 3595//51 3594//263 3596//58
f 3594//263 3597//57 3596//58
f 3597//57 3598//264 3596//58
f 3599//265 3598//264 3597//57
f 3600//264 3598//264 3599//265
f 3602//254 3600//264 3601//258
f 3604//266 3602//254 3603//57
f 3604//266 3603//57 3605//258
f 3603//57 3606//81 3605//258
f 3606//81 3607//3663 3605//258
f 3608//55 3607//3663 3606//81
f 3547//81 3607//3663 3608//55
f 3547//81 3608//55 3545//5837
f 3555//5837 3554//257 3553//266
f 3562//51 3561//5887 3560//55
f 3569//266 3568//257 3567//257
f 3571//58 3570//81 3569//266
f 3578//269 3577//261 3576//81
f 3585//55 3584//253 3583//263
f 3587//263 3586//263 3585//55
f 3594//263 3593//3668 3592//260
f 3601//258 3600//264 3599//265
f 3603//57 3602//254 3601//258
f 3543//5886 3542//58 3544//263
f 3550//55 3538//269 3549//263
f 3537//3660 3538//269 3550//55
f 3610//5888 3539//5888 3609//5888
f 3539//5889 3541//5889 3609//5889
f 3541//5889 3611//5890 3609//5889
f 3543//5892 3611//5892 3541//5891
f 3612//5893 3611//5892 3543//5892
f 3613//5896 3612//5895 3545//5894
f 3614//5898 3613//5898 3608//5897
f 3615//5901 3614//5900 3606//5899
f 3616//5904 3615//5903 3603//5902
f 3617//5907 3616//5906 3601//5905
f 3618//5909 3617//5909 3599//5908
f 3619//5910 3618//5911 3597//5910
f 3620//5912 3619//5912 3594//5912
f 3621//5915 3620//5914 3592//5913
f 3622//5917 3621//5916 3590//5916
f 3623//5920 3622//5919 3587//5918
f 3624//5921 3623//5921 3585//5921
f 3625//5923 3624//5923 3583//5922
f 3626//5925 3625//5924 3581//5924
f 3627//5926 3626//5927 3578//5926
f 3628//5928 3627//5928 3576//5928
f 3629//5931 3628//5930 3574//5929
f 3630//5933 3629//5933 3571//5932
f 3631//5936 3630//5935 3569//5934
f 3632//5939 3631//5938 3567//5937
f 3633//5942 3632//5941 3565//5940
f 3634//5944 3633//5943 3562//5943
f 3635//5946 3634//5945 3560//5945
f 3636//5947 3635//5947 3558//5947
f 3637//5948 3636//5948 3555//5948
f 3638//5950 3637//5950 3553//5949
f 3639//5953 3638//5952 3551//5951
f 3640//5954 3639//5955 3549//5954
f 3610//5958 3640//5957 3538//5956
f 3610//5888 3538//5888 3539//5888
f 3545//5894 3612//5895 3543//5896
f 3608//5897 3613//5898 3545//5959
f 3606//5899 3614//5900 3608//5960
f 3603//5902 3615//5903 3606//5903
f 3601//5905 3616//5906 3603//5961
f 3599//5908 3617//5909 3601//5908
f 3597//5910 3618//5911 3599//5962
f 3594//5912 3619//5912 3597//5912
f 3592//5913 3620//5914 3594//5915
f 3590//5916 3621//5916 3592//5917
f 3587//5918 3622//5919 3590//5963
f 3585//5921 3623//5921 3587//5921
f 3583//5922 3624//5923 3585//5923
f 3581//5924 3625//5924 3583//5924
f 3578//5926 3626//5927 3581//5927
f 3576//5928 3627//5928 3578//5964
f 3574//5929 3628//5930 3576//5931
f 3571//5932 3629//5933 3574//5932
f 3569//5934 3630//5935 3571//5965
f 3567//5937 3631//5938 3569//5938
f 3565//5940 3632//5941 3567//5966
f 3562//5943 3633//5943 3565//5944
f 3560//5945 3634//5945 3562//5945
f 3558//5947 3635//5947 3560//5967
f 3555//5948 3636//5948 3558//5968
f 3553//5949 3637//5950 3555//5969
f 3551//5951 3638//5952 3553//5970
f 3549//5954 3639//5955 3551//5955
f 3538//5956 3640//5957 3549//5958
f 3537//5973 3497//5972 3536//5971
f 3497//5972 3495//5974 3536//5971
f 3495//5976 3540//5975 3536//5975
f 3499//5977 3540//5975 3495//5976
f 3542//5979 3540//5979 3499//5978
f 3544//5982 3542//5981 3501//5980
f 3546//5984 3544//5984 3503//5983
f 3547//5987 3546//5986 3505//5985
f 3607//5990 3547//5989 3507//5988
f 3605//5993 3607//5992 3509//5991
f 3604//5996 3605//5995 3511//5994
f 3602//5998 3604//5997 3513//5997
f 3600//6000 3602//6000 3515//5999
f 3598//6002 3600//6002 3514//6001
f 3596//6003 3598//6003 3512//6003
f 3595//6006 3596//6005 3510//6004
f 3593//6008 3595//6008 3508//6007
f 3591//6009 3593//6009 3506//6009
f 3589//6010 3591//6011 3504//6010
f 3588//6014 3589//6013 3502//6012
f 3586//6017 3588//6016 3500//6015
f 3584//6020 3586//6019 3498//6018
f 3582//6023 3584//6022 3496//6021
f 3580//6026 3582//6025 3516//6024
f 3579//6029 3580//6028 3518//6027
f 3577//6030 3579//6030 3520//6030
f 3575//6031 3577//6032 3522//6031
f 3573//6033 3575//6033 3524//6033
f 3572//6035 3573//6035 3526//6034
f 3570//6037 3572//6036 3528//6036
f 3568//6040 3570//6039 3530//6038
f 3566//6042 3568//6041 3532//6041
f 3564//6045 3566//6044 3534//6043
f 3563//6048 3564//6047 3535//6046
f 3561//6051 3563//6050 3533//6049
f 3559//6054 3561//6053 3531//6052
f 3557//6055 3559//6055 3529//6055
f 3556//6058 3557//6057 3527//6056
f 3554//6061 3556//6060 3525//6059
f 3552//6064 3554//6063 3523//6062
f 3548//6067 3552//6066 3521//6065
f 3550//6070 3548//6069 3519//6068
f 3537//6073 3550//6072 3517//6071
f 3537//6073 3517//6071 3497//6071
f 3501//5978 3542//5979 3499//5978
f 3503//6074 3544//5982 3501//5980
f 3505//5984 3546//5984 3503//5983
f 3507//5985 3547//5987 3505//5985
f 3509//6075 3607//5990 3507//5988
f 3511//6076 3605//5993 3509//5991
f 3513//6077 3604//5996 3511//5994
f 3515//5997 3602//5998 3513//5997
f 3514//6000 3600//6000 3515//5999
f 3512//6078 3598//6002 3514//6001
f 3510//6003 3596//6003 3512//6003
f 3508//6079 3595//6006 3510//6004
f 3506//6007 3593//6008 3508//6007
f 3504//6009 3591//6009 3506//6009
f 3502//6010 3589//6010 3504//6010
f 3500//6080 3588//6014 3502//6012
f 3498//6081 3586//6017 3500//6015
f 3496//6082 3584//6020 3498//6018
f 3516//6083 3582//6023 3496//6021
f 3518//6084 3580//6026 3516//6024
f 3520//6029 3579//6029 3518//6027
f 3522//6030 3577//6030 3520//6030
f 3524//6031 3575//6031 3522//6031
f 3526//6085 3573//6033 3524//6033
f 3528//6034 3572//6035 3526//6034
f 3530//6036 3570//6037 3528//6036
f 3532//6086 3568//6040 3530//6038
f 3534//6041 3566//6042 3532//6041
f 3535//6043 3564//6045 3534//6043
f 3533//6046 3563//6048 3535//6046
f 3531//6087 3561//6051 3533//6049
f 3529//6052 3559//6054 3531//6052
f 3527//6055 3557//6055 3529//6055
f 3525//6088 3556//6058 3527//6056
f 3523//6089 3554//6061 3525//6059
f 3521//6090 3552//6064 3523//6062
f 3519//6091 3548//6067 3521//6065
f 3517//6070 3550//6070 3519//6068
f 3643//6092 3642//6092 3641//6092
f 3642//6093 3644//6093 3641//6093
f 3644//6094 3645//6094 3641//6094
f 3646//6095 3645//6095 3644//6095
f 3647//6096 3645//6096 3646//6096
f 3649//6097 3647//6097 3648//6097
f 3651//6098 3649//6098 3650//6098
f 3653//6099 3651//6099 3652//6099
f 3655//6100 3653//6100 3654//6100
f 3657//6101 3655//6101 3656//6101
f 3659//6102 3657//6102 3658//6102
f 3661//6103 3659//6103 3660//6103
f 3663//6104 3661//6104 3662//6104
f 3665//6105 3663//6105 3664//6105
f 3667//6106 3665//6106 3666//6106
f 3669//6107 3667//6107 3668//6107
f 3671//6108 3669//6108 3670//6108
f 3673//6109 3671//6109 3672//6109
f 3675//6110 3673//6110 3674//6110
f 3677//6111 3675//6111 3676//6111
f 3679//6112 3677//6112 3678//6112
f 3681//6113 3679//6113 3680//6113
f 3683//6114 3681//6114 3682//6114
f 3685//6115 3683//6115 3684//6115
f 3687//6116 3685//6116 3686//6116
f 3689//6117 3687//6117 3688//6117
f 3691//6118 3689//6118 3690//6118
f 3693//6119 3691//6119 3692//6119
f 3695//6120 3693//6120 3694//6120
f 3697//6121 3695//6121 3696//6121
f 3699//6122 3697//6122 3698//6122
f 3701//6123 3699//6123 3700//6123
f 3703//6124 3701//6124 3702//6124
f 3705//6125 3703//6125 3704//6125
f 3707//6126 3705//6126 3706//6126
f 3709//6127 3707//6127 3708//6127
f 3643//6128 3709//6128 3710//6128
f 3643//6129 3710//6129 3642//6129
f 3648//6130 3647//6130 3646//6130
f 3650//6131 3649//6131 3648//6131
f 3652//6132 3651//6132 3650//6132
f 3654//6133 3653//6133 3652//6133
f 3656//6134 3655//6134 3654//6134
f 3658//6135 3657//6135 3656//6135
f 3660//6136 3659//6136 3658//6136
f 3662//6137 3661//6137 3660//6137
f 3664//6138 3663//6138 3662//6138
f 3666//6139 3665//6139 3664//6139
f 3668//6140 3667//6140 3666//6140
f 3670//6141 3669//6141 3668//6141
f 3672//6142 3671//6142 3670//6142
f 3674//6143 3673//6143 3672//6143
f 3676//6144 3675//6144 3674//6144
f 3678//6145 3677//6145 3676//6145
f 3680//6146 3679//6146 3678//6146
f 3682//6147 3681//6147 3680//6147
f 3684//6148 3683//6148 3682//6148
f 3686//6149 3685//6149 3684//6149
f 3688//6150 3687//6150 3686//6150
f 3690//6151 3689//6151 3688//6151
f 3692//6152 3691//6152 3690//6152
f 3694//6153 3693//6153 3692//6153
f 3696//6154 3695//6154 3694//6154
f 3698//6155 3697//6155 3696//6155
f 3700//6156 3699//6156 3698//6156
f 3702//6157 3701//6157 3700//6157
f 3704//6158 3703//6158 3702//6158
f 3706//6159 3705//6159 3704//6159
f 3708//6160 3707//6160 3706//6160
f 3710//6161 3709//6161 3708//6161
f 3610//6163 3711//88 3640//6162
f 3711//88 3712//6164 3640//6162
f 3712//6164 3639//135 3640//6162
f 3713//101 3639//135 3712//6164
f 3638//89 3639//135 3713//101
f 3637//95 3638//89 3714//94
f 3636//63 3637//95 3715//95
f 3635//6165 3636//63 3716//95
f 3634//99 3635//6165 3717//99
f 3719//107 3634//99 3718//6166
f 3634//99 3717//99 3718//6166
f 3714//94 3638//89 3713//101
f 3715//95 3637//95 3714//94
f 3716//95 3636//63 3715//95
f 3717//99 3635//6165 3716//95
f 3719//107 3633//99 3634//99
f 3720//107 3633//99 3719//107
f 3632//107 3633//99 3720//107
f 3631//84 3632//107 3721//84
f 3630//135 3631//84 3722//5884
f 3629//86 3630//135 3723//6167
f 3628//63 3629//86 3724//95
f 3627//89 3628//63 3725//6168
f 3626//86 3627//89 3726//6169
f 3625//99 3626//86 3727//92
f 3624//107 3625//99 3728//99
f 3623//63 3624//107 3729//104
f 3731//89 3623//63 3730//63
f 3623//63 3729//104 3730//63
f 3721//84 3632//107 3720//107
f 3722//5884 3631//84 3721//84
f 3723//6167 3630//135 3722//5884
f 3724//95 3629//86 3723//6167
f 3725//6168 3628//63 3724//95
f 3726//6169 3627//89 3725//6168
f 3727//92 3626//86 3726//6169
f 3728//99 3625//99 3727//92
f 3729//104 3624//107 3728//99
f 3731//89 3622//63 3623//63
f 3732//63 3622//63 3731//89
f 3621//63 3622//63 3732//63
f 3620//89 3621//63 3733//105
f 3619//92 3620//89 3734//6167
f 3618//63 3619//92 3735//99
f 3617//98 3618//63 3736//99
f 3616//63 3617//98 3737//87
f 3615//99 3616//63 3738//107
f 3614//63 3615//99 3739//99
f 3613//63 3614//63 3740//95
f 3742//84 3613//63 3741//6170
f 3613//63 3740//95 3741//6170
f 3733//105 3621//63 3732//63
f 3734//6167 3620//89 3733//105
f 3735//99 3619//92 3734//6167
f 3736//99 3618//63 3735//99
f 3737//87 3617//98 3736//99
f 3738//107 3616//63 3737//87
f 3739//99 3615//99 3738//107
f 3740//95 3614//63 3739//99
f 3742//84 3612//91 3613//63
f 3743//63 3612//91 3742//84
f 3611//90 3612//91 3743//63
f 3609//87 3611//90 3744//63
f 3610//6163 3609//87 3745//5884
f 3610//6163 3745//5884 3711//88
f 3744//63 3611//90 3743//63
f 3745//5884 3609//87 3744//63
f 3726//6173 3746//6172 3727//6171
f 3746//6172 3747//6174 3727//6171
f 3747//6175 3748//6175 3727//6175
f 3748//6176 3728//6176 3727//6176
f 3749//6177 3728//6177 3748//6177
f 3751//6179 3749//6179 3750//6178
f 3753//6180 3751//6180 3752//6180
f 3755//6181 3753//6181 3754//6181
f 3757//6182 3755//6182 3756//6182
f 3758//6183 3757//6183 3649//6183
f 3759//6184 3758//6184 3651//6184
f 3761//6185 3759//6185 3760//6185
f 3763//6186 3761//6187 3762//6186
f 3765//6190 3763//6189 3764//6188
f 3767//6191 3765//6191 3766//6191
f 3731//6192 3767//6192 3768//6192
f 3731//6193 3768//6193 3732//6193
f 3768//6196 3769//6195 3732//6194
f 3769//6195 3770//6197 3732//6194
f 3770//6198 3733//6198 3732//6198
f 3771//6199 3733//6199 3770//6199
f 3773//6200 3771//6200 3772//6200
f 3775//6201 3773//6201 3774//6201
f 3777//6202 3775//6202 3776//6202
f 3779//6205 3777//6204 3778//6203
f 3780//6206 3779//6206 3659//6206
f 3781//6207 3780//6207 3661//6207
f 3783//6210 3781//6209 3782//6208
f 3785//6211 3783//6211 3784//6211
f 3787//6212 3785//6212 3786//6212
f 3789//6213 3787//6213 3788//6213
f 3736//6216 3789//6215 3790//6214
f 3736//6216 3790//6214 3737//6217
f 3790//6218 3791//6218 3737//6218
f 3791//6221 3792//6220 3737//6219
f 3792//6220 3738//6222 3737//6219
f 3793//6223 3738//6223 3792//6223
f 3795//6224 3793//6224 3794//6224
f 3797//6225 3795//6225 3796//6225
f 3799//6226 3797//6226 3798//6226
f 3801//6229 3799//6228 3800//6227
f 3671//6230 3801//6230 3669//6230
f 3801//6231 3800//6231 3669//6231
f 3800//6232 3802//6232 3669//6232
f 3802//6233 3667//6233 3669//6233
f 3803//6234 3667//6234 3802//6234
f 3805//6235 3803//6235 3804//6235
f 3807//6238 3805//6237 3806//6236
f 3809//6239 3807//6239 3808//6239
f 3790//6240 3809//6240 3791//6240
f 3809//6241 3808//6242 3791//6241
f 3808//6242 3792//6242 3791//6241
f 3794//6244 3792//6244 3808//6243
f 3796//6245 3794//6245 3806//6245
f 3798//6246 3796//6246 3804//6246
f 3800//6248 3798//6247 3802//6247
f 3798//6249 3804//6250 3802//6249
f 3804//6250 3803//6250 3802//6249
f 3810//6251 3728//6251 3749//6251
f 3811//6253 3810//6252 3751//6252
f 3812//6255 3811//6254 3753//6254
f 3813//6257 3812//6257 3755//6256
f 3758//6258 3813//6258 3757//6258
f 3813//6259 3755//6182 3757//6182
f 3729//6260 3814//6260 3730//6260
f 3814//6261 3815//6261 3730//6261
f 3815//6262 3816//6262 3730//6262
f 3816//6263 3731//6263 3730//6263
f 3767//6264 3731//6264 3816//6264
f 3767//6265 3816//6265 3765//6265
f 3816//6265 3817//6266 3765//6265
f 3817//6268 3763//6268 3765//6267
f 3818//6268 3763//6268 3817//6268
f 3820//6269 3818//6269 3819//6269
f 3812//6270 3820//6270 3821//6270
f 3812//6255 3821//6255 3811//6254
f 3821//6271 3822//6271 3811//6271
f 3822//6253 3810//6252 3811//6253
f 3729//6272 3810//6272 3822//6272
f 3729//6273 3822//6273 3814//6273
f 3822//6271 3821//6271 3814//6271
f 3821//6274 3819//6275 3814//6274
f 3819//6275 3815//6275 3814//6274
f 3817//6276 3815//6277 3819//6276
f 3817//6269 3819//6269 3818//6269
f 3823//6278 3733//6278 3771//6278
f 3824//6279 3823//6279 3773//6279
f 3825//6280 3824//6280 3775//6280
f 3826//6281 3825//6282 3777//6281
f 3780//6283 3826//6284 3779//6283
f 3826//6204 3777//6204 3779//6205
f 3734//6285 3827//6285 3735//6285
f 3827//6286 3828//6286 3735//6286
f 3828//6287 3829//6287 3735//6287
f 3829//6288 3736//6288 3735//6288
f 3789//6289 3736//6289 3829//6289
f 3789//6290 3829//6290 3787//6290
f 3829//6290 3830//6290 3787//6290
f 3830//6292 3785//6292 3787//6291
f 3831//6292 3785//6292 3830//6292
f 3833//6294 3831//6293 3832//6293
f 3825//6295 3833//6295 3834//6295
f 3825//6280 3834//6280 3824//6280
f 3834//6296 3835//6296 3824//6296
f 3835//6279 3823//6279 3824//6279
f 3734//6297 3823//6297 3835//6297
f 3734//6298 3835//6298 3827//6298
f 3835//6296 3834//6296 3827//6296
f 3834//6301 3832//6300 3827//6299
f 3832//6300 3828//6300 3827//6299
f 3830//6303 3828//6303 3832//6302
f 3830//6293 3832//6293 3831//6293
f 3793//6306 3739//6305 3738//6304
f 3836//6307 3739//6305 3793//6306
f 3837//6308 3836//6309 3795//6308
f 3838//6311 3837//6311 3797//6310
f 3839//6312 3838//6312 3799//6312
f 3840//6313 3839//6314 3801//6313
f 3841//6315 3840//6315 3671//6315
f 3842//6316 3841//6316 3673//6316
f 3844//6317 3842//6318 3843//6317
f 3846//6319 3844//6320 3845//6319
f 3848//6321 3846//6322 3847//6321
f 3850//6323 3848//6323 3849//6323
f 3742//6324 3850//6324 3851//6324
f 3742//6325 3851//6325 3743//6325
f 3851//6326 3852//6326 3743//6326
f 3852//6327 3853//6327 3743//6327
f 3853//6328 3744//6328 3743//6328
f 3854//6329 3744//6329 3853//6329
f 3856//6331 3854//6330 3855//6330
f 3858//6332 3856//6332 3857//6332
f 3860//6335 3858//6334 3859//6333
f 3862//6336 3860//6337 3861//6336
f 3863//6338 3862//6338 3681//6338
f 3864//6339 3863//6339 3683//6339
f 3866//6341 3864//6341 3865//6340
f 3868//6343 3866//6343 3867//6342
f 3870//6344 3868//6345 3869//6344
f 3872//6346 3870//6347 3871//6346
f 3712//6348 3872//6348 3873//6348
f 3712//6349 3873//6349 3713//6349
f 3873//6350 3874//6350 3713//6350
f 3874//6353 3875//6352 3713//6351
f 3875//6352 3714//6354 3713//6351
f 3876//6355 3714//6355 3875//6355
f 3878//6356 3876//6356 3877//6356
f 3880//6357 3878//6357 3879//6357
f 3882//6358 3880//6359 3881//6358
f 3884//6361 3882//6361 3883//6360
f 3693//6362 3884//6362 3691//6362
f 3884//6363 3883//6363 3691//6363
f 3883//6364 3885//6364 3691//6364
f 3885//6365 3689//6365 3691//6365
f 3886//6366 3689//6366 3885//6366
f 3888//6367 3886//6367 3887//6367
f 3890//6370 3888//6369 3889//6368
f 3892//6371 3890//6371 3891//6371
f 3873//6372 3892//6372 3874//6372
f 3892//6373 3891//6373 3874//6373
f 3891//6373 3875//6373 3874//6373
f 3877//6374 3875//6375 3891//6374
f 3879//6376 3877//6376 3889//6376
f 3881//6378 3879//6377 3887//6377
f 3883//6379 3881//6379 3885//6379
f 3881//6380 3887//6380 3885//6380
f 3887//6380 3886//6380 3885//6380
f 3893//6381 3739//6381 3836//6381
f 3894//6382 3893//6382 3837//6382
f 3895//6384 3894//6384 3838//6383
f 3896//6385 3895//6385 3839//6385
f 3841//6387 3896//6386 3840//6386
f 3896//6314 3839//6314 3840//6313
f 3740//6388 3897//6388 3741//6388
f 3897//6389 3898//6389 3741//6389
f 3898//6390 3899//6390 3741//6390
f 3899//6391 3742//6391 3741//6391
f 3850//6392 3742//6392 3899//6392
f 3850//6394 3899//6393 3848//6393
f 3899//6393 3900//6393 3848//6393
f 3900//6396 3846//6395 3848//6395
f 3901//6396 3846//6395 3900//6396
f 3903//6397 3901//6397 3902//6397
f 3895//6398 3903//6399 3904//6398
f 3895//6384 3904//6400 3894//6384
f 3904//6401 3905//6401 3894//6401
f 3905//6402 3893//6382 3894//6382
f 3740//6403 3893//6403 3905//6403
f 3740//6404 3905//6404 3897//6404
f 3905//6401 3904//6401 3897//6401
f 3904//6405 3902//6405 3897//6405
f 3902//6405 3898//6405 3897//6405
f 3900//6406 3898//6406 3902//6406
f 3900//6407 3902//6397 3901//6397
f 3906//6408 3744//6408 3854//6408
f 3907//6409 3906//6409 3856//6409
f 3908//6411 3907//6410 3858//6410
f 3909//6412 3908//6412 3860//6412
f 3863//6415 3909//6414 3862//6413
f 3909//6337 3860//6337 3862//6336
f 3745//6416 3910//6416 3711//6416
f 3910//6417 3911//6417 3711//6417
f 3911//6418 3912//6418 3711//6418
f 3912//6419 3712//6419 3711//6419
f 3872//6420 3712//6420 3912//6420
f 3872//6422 3912//6421 3870//6421
f 3912//6421 3913//6423 3870//6421
f 3913//6424 3868//6425 3870//6424
f 3914//6426 3868//6425 3913//6424
f 3916//6428 3914//6427 3915//6427
f 3908//6429 3916//6429 3917//6429
f 3908//6411 3917//6411 3907//6410
f 3917//6430 3918//6430 3907//6430
f 3918//6409 3906//6409 3907//6409
f 3745//6431 3906//6431 3918//6431
f 3745//6432 3918//6432 3910//6432
f 3918//6430 3917//6430 3910//6430
f 3917//6433 3915//6433 3910//6433
f 3915//6433 3911//6433 3910//6433
f 3913//6434 3911//6434 3915//6434
f 3913//6427 3915//6427 3914//6427
f 3876//6437 3715//6436 3714//6435
f 3919//6438 3715//6436 3876//6437
f 3920//6440 3919//6440 3878//6439
f 3921//6441 3920//6441 3880//6441
f 3922//6442 3921//6442 3882//6442
f 3923//6444 3922//6443 3884//6443
f 3924//6445 3923//6445 3693//6445
f 3925//6446 3924//6446 3695//6446
f 3927//6447 3925//6447 3926//6447
f 3929//6448 3927//6448 3928//6448
f 3931//6449 3929//6449 3930//6449
f 3933//6450 3931//6450 3932//6450
f 3718//6451 3933//6451 3934//6451
f 3718//6452 3934//6452 3719//6452
f 3934//6453 3935//6453 3719//6453
f 3935//6454 3936//6454 3719//6454
f 3936//6455 3720//6455 3719//6455
f 3937//6458 3720//6457 3936//6456
f 3939//6459 3937//6459 3938//6459
f 3941//6460 3939//6460 3940//6460
f 3943//6461 3941//6461 3942//6461
f 3945//6463 3943//6463 3944//6462
f 3946//6464 3945//6464 3703//6464
f 3947//6465 3946//6465 3705//6465
f 3949//6467 3947//6467 3948//6466
f 3951//6468 3949//6468 3950//6468
f 3953//6469 3951//6469 3952//6469
f 3955//6470 3953//6470 3954//6470
f 3723//6471 3955//6471 3956//6471
f 3723//6472 3956//6472 3724//6472
f 3956//6473 3957//6473 3724//6473
f 3957//6474 3958//6474 3724//6474
f 3958//6475 3725//6475 3724//6475
f 3959//6476 3725//6476 3958//6476
f 3961//6478 3959//6477 3960//6477
f 3963//6481 3961//6480 3962//6479
f 3965//6483 3963//6483 3964//6482
f 3967//6485 3965//6485 3966//6484
f 3645//6486 3967//6486 3641//6486
f 3967//6487 3966//6487 3641//6487
f 3966//6488 3968//6488 3641//6488
f 3968//6489 3643//6489 3641//6489
f 3969//6490 3643//6490 3968//6490
f 3971//6491 3969//6491 3970//6491
f 3973//6492 3971//6492 3972//6492
f 3975//6494 3973//6493 3974//6493
f 3956//6495 3975//6495 3957//6495
f 3975//6496 3974//6497 3957//6496
f 3974//6497 3958//6497 3957//6496
f 3960//6498 3958//6498 3974//6498
f 3962//6499 3960//6500 3972//6499
f 3964//6501 3962//6501 3970//6501
f 3966//6502 3964//6502 3968//6502
f 3964//6503 3970//6503 3968//6503
f 3970//6503 3969//6503 3968//6503
f 3976//6504 3715//6504 3919//6504
f 3977//6505 3976//6505 3920//6505
f 3978//6507 3977//6507 3921//6506
f 3979//6509 3978//6509 3922//6508
f 3924//6512 3979//6511 3923//6510
f 3979//6443 3922//6443 3923//6444
f 3716//6513 3980//6513 3717//6513
f 3980//6514 3981//6514 3717//6514
f 3981//6515 3982//6515 3717//6515
f 3982//6516 3718//6516 3717//6516
f 3933//6517 3718//6517 3982//6517
f 3933//6518 3982//6518 3931//6518
f 3982//6518 3983//6518 3931//6518
f 3983//6519 3929//6519 3931//6519
f 3984//6520 3929//6519 3983//6519
f 3986//6521 3984//6522 3985//6521
f 3978//6523 3986//6523 3987//6523
f 3978//6507 3987//6507 3977//6507
f 3987//6524 3988//6525 3977//6524
f 3988//6505 3976//6505 3977//6505
f 3716//6528 3976//6527 3988//6526
f 3716//6529 3988//6529 3980//6529
f 3988//6525 3987//6524 3980//6525
f 3987//6530 3985//6531 3980//6530
f 3985//6531 3981//6530 3980//6530
f 3983//6534 3981//6533 3985//6532
f 3983//6522 3985//6521 3984//6522
f 3989//6535 3720//6457 3937//6458
f 3990//6536 3989//6536 3939//6536
f 3991//6539 3990//6538 3941//6537
f 3992//6540 3991//6540 3943//6540
f 3946//6541 3992//6541 3945//6541
f 3992//6463 3943//6463 3945//6463
f 3721//6542 3993//6542 3722//6542
f 3993//6543 3994//6543 3722//6543
f 3994//6544 3995//6544 3722//6544
f 3995//6545 3723//6545 3722//6545
f 3955//6546 3723//6546 3995//6546
f 3955//6547 3995//6547 3953//6547
f 3995//6547 3996//6548 3953//6547
f 3996//6550 3951//6549 3953//6549
f 3997//6550 3951//6549 3996//6550
f 3999//6552 3997//6552 3998//6551
f 3991//6553 3999//6553 4000//6553
f 3991//6539 4000//6538 3990//6538
f 4000//6554 4001//6554 3990//6554
f 4001//6555 3989//6536 3990//6536
f 3721//6556 3989//6556 4001//6556
f 3721//6557 4001//6557 3993//6557
f 4001//6554 4000//6554 3993//6558
f 4000//6559 3998//6560 3993//6559
f 3998//6560 3994//6560 3993//6559
f 3996//6563 3994//6562 3998//6561
f 3996//6552 3998//6551 3997//6552
f 4002//6566 3725//6565 3959//6564
f 4003//6567 4002//6567 3961//6567
f 4004//6570 4003//6569 3963//6568
f 4005//6571 4004//6571 3965//6571
f 4006//6572 4005//6573 3967//6572
f 4007//6574 4006//6574 3645//6574
f 4008//6575 4007//6575 3647//6575
f 3754//6576 4008//6576 3756//6576
f 3754//6576 3756//6576 3755//6576
f 3969//6577 3709//6577 3643//6577
f 4009//6578 3709//6578 3969//6578
f 4010//6580 4009//6580 3971//6579
f 4011//6581 4010//6581 3973//6581
f 3954//6582 4011//6583 3975//6582
f 3955//6470 3954//6470 3956//6470
f 3954//6495 3975//6495 3956//6495
f 4012//6584 3709//6584 4009//6584
f 4013//6587 4012//6586 4010//6585
f 3952//6588 4013//6589 4011//6588
f 3953//6469 3952//6469 3954//6469
f 3952//6583 4011//6583 3954//6582
f 3707//6590 3948//6590 3705//6590
f 3948//6591 3947//6591 3705//6591
f 3946//6592 3703//6592 3705//6592
f 3944//6593 3703//6593 3945//6593
f 3701//6594 3703//6594 3944//6594
f 4015//6595 3701//6595 4014//6595
f 4017//6597 4015//6597 4016//6596
f 4019//6598 4017//6599 4018//6598
f 4021//6600 4019//6601 4020//6600
f 3934//6602 4021//6602 3935//6602
f 4021//6603 4020//6603 3935//6603
f 4020//6603 3936//6603 3935//6603
f 3938//6605 3936//6605 4020//6604
f 3940//6606 3938//6607 4018//6606
f 3942//6608 3940//6608 4016//6608
f 3944//6609 3942//6609 4014//6609
f 3944//6610 4014//6610 3701//6610
f 4015//6611 3699//6611 3701//6611
f 4022//6612 3699//6612 4015//6612
f 4023//6614 4022//6613 4017//6613
f 4024//6615 4023//6615 4019//6615
f 3932//6617 4024//6617 4021//6616
f 3933//6450 3932//6450 3934//6450
f 3932//6602 4021//6602 3934//6602
f 4025//6618 3699//6618 4022//6618
f 4026//6619 4025//6619 4023//6619
f 3930//6620 4026//6621 4024//6620
f 3931//6449 3930//6449 3932//6622
f 3930//6617 4024//6617 3932//6617
f 3697//6623 3926//6623 3695//6623
f 3926//6624 3925//6624 3695//6624
f 3924//6625 3693//6625 3695//6625
f 3884//6626 3693//6626 3923//6626
f 4027//6627 3689//6627 3886//6627
f 4028//6629 4027//6628 3888//6628
f 4029//6631 4028//6631 3890//6630
f 3871//6632 4029//6632 3892//6632
f 3872//6346 3871//6346 3873//6633
f 3871//6634 3892//6372 3873//6372
f 3687//6635 4030//6635 3685//6635
f 4030//6636 4031//6636 3685//6636
f 4031//6637 3865//6637 3685//6637
f 3865//6638 3683//6638 3685//6638
f 3864//6639 3683//6639 3865//6639
f 3863//6640 3681//6640 3683//6640
f 3861//6641 3681//6641 3862//6641
f 3679//6642 3681//6642 3861//6642
f 4033//6643 3679//6643 4032//6643
f 4035//6645 4033//6644 4034//6644
f 4037//6647 4035//6647 4036//6646
f 4039//6648 4037//6648 4038//6648
f 3851//6650 4039//6649 3852//6649
f 4039//6653 4038//6652 3852//6651
f 4038//6652 3853//6652 3852//6651
f 3855//6655 3853//6654 4038//6654
f 3857//6658 3855//6657 4036//6656
f 3859//6659 3857//6659 4034//6659
f 3861//6660 3859//6660 4032//6660
f 3861//6661 4032//6661 3679//6661
f 4033//6662 3677//6662 3679//6662
f 4040//6663 3677//6663 4033//6663
f 4041//6664 4040//6664 4035//6664
f 4042//6667 4041//6666 4037//6665
f 3849//6669 4042//6669 4039//6668
f 3850//6323 3849//6323 3851//6323
f 3849//6650 4039//6649 3851//6650
f 4043//6670 3677//6670 4040//6670
f 4044//6671 4043//6671 4041//6671
f 3847//6672 4044//6672 4042//6672
f 3848//6321 3847//6321 3849//6321
f 3847//6673 4042//6669 3849//6669
f 3675//6674 3843//6674 3673//6674
f 3843//6675 3842//6675 3673//6675
f 3841//6676 3671//6676 3673//6676
f 3801//6677 3671//6677 3840//6677
f 4045//6678 3667//6678 3803//6678
f 4046//6679 4045//6679 3805//6679
f 4047//6680 4046//6680 3807//6680
f 3788//6681 4047//6681 3809//6681
f 3789//6213 3788//6213 3790//6682
f 3788//6683 3809//6240 3790//6240
f 3665//6684 4048//6684 3663//6684
f 4048//6685 4049//6685 3663//6685
f 4049//6686 3782//6686 3663//6686
f 3782//6687 3661//6687 3663//6687
f 3781//6688 3661//6688 3782//6688
f 3780//6689 3659//6689 3661//6689
f 3778//6690 3659//6690 3779//6690
f 3657//6691 3659//6691 3778//6691
f 4051//6692 3657//6692 4050//6692
f 4053//6694 4051//6693 4052//6693
f 4055//6695 4053//6696 4054//6695
f 4057//6699 4055//6698 4056//6697
f 3768//6700 4057//6701 3769//6700
f 4057//6703 4056//6702 3769//6702
f 4056//6702 3770//6702 3769//6702
f 3772//6704 3770//6704 4056//6704
f 3774//6705 3772//6705 4054//6705
f 3776//6707 3774//6707 4052//6706
f 3778//6710 3776//6709 4050//6708
f 3778//6711 4050//6711 3657//6711
f 4051//6712 3655//6712 3657//6712
f 4058//6713 3655//6713 4051//6713
f 4059//6714 4058//6714 4053//6714
f 4060//6715 4059//6715 4055//6715
f 3766//6717 4060//6717 4057//6716
f 3767//6191 3766//6191 3768//6718
f 3766//6700 4057//6701 3768//6700
f 4061//6719 3655//6719 4058//6719
f 4062//6721 4061//6721 4059//6720
f 3764//6723 4062//6723 4060//6722
f 3765//6190 3764//6188 3766//6190
f 3764//6717 4060//6717 3766//6717
f 3653//6724 3760//6724 3651//6724
f 3760//6725 3759//6725 3651//6725
f 3758//6726 3649//6726 3651//6726
f 3756//6727 3649//6727 3757//6727
f 3647//6728 3649//6728 3756//6728
f 3647//6729 3756//6729 4008//6729
f 4007//6730 3645//6730 3647//6730
f 3967//6731 3645//6731 4006//6731
f 4037//6648 4039//6648 4042//6732
f 3853//6654 3855//6655 3854//6733
f 4041//6666 4042//6667 4044//6734
f 4038//6735 4036//6735 3855//6735
f 4037//6736 4036//6735 4038//6735
f 4035//6647 4037//6647 4041//6737
f 4040//6664 4041//6664 4043//6664
f 3893//6738 3740//6738 3739//6738
f 3836//6739 3793//6224 3795//6224
f 4045//6740 3665//6740 3667//6740
f 4048//6741 3665//6741 4045//6741
f 4063//6743 4048//6743 4046//6742
f 3786//6744 4063//6744 4047//6744
f 3787//6212 3786//6212 3788//6212
f 3786//6745 4047//6681 3788//6681
f 4049//6743 4048//6743 4063//6743
f 3782//6746 4049//6746 3784//6746
f 3782//6208 3784//6208 3783//6210
f 3734//6747 3733//6747 3823//6747
f 4058//6694 4051//6693 4053//6694
f 4064//6748 3653//6748 4061//6748
f 3762//6749 4064//6749 4062//6749
f 3763//6186 3762//6186 3764//6186
f 3762//6723 4062//6723 3764//6723
f 3810//6750 3729//6750 3728//6750
f 4002//6566 3726//6751 3725//6565
f 3746//6752 3726//6752 4002//6752
f 4065//6753 3746//6753 4003//6753
f 4066//6754 4065//6754 4004//6754
f 4067//6755 4066//6755 4005//6755
f 4007//6758 4067//6757 4006//6756
f 4067//6573 4005//6573 4006//6572
f 4009//6491 3969//6491 3971//6491
f 4068//6759 3707//6759 4012//6759
f 3950//6761 4068//6760 4013//6760
f 3951//6468 3950//6468 3952//6468
f 3950//6588 4013//6589 3952//6588
f 3937//6605 3936//6605 3938//6605
f 4025//6762 3697//6762 3699//6762
f 4069//6763 3697//6763 4025//6763
f 3928//6764 4069//6764 4026//6764
f 3929//6448 3928//6448 3930//6448
f 3928//6621 4026//6621 3930//6620
f 3926//6765 3697//6765 4069//6765
f 3927//6447 3926//6447 3928//6447
f 3926//6764 4069//6764 3928//6764
f 3976//6527 3716//6528 3715//6766
f 3919//6356 3876//6356 3878//6356
f 4027//6767 3687//6767 3689//6767
f 4030//6768 3687//6768 4027//6768
f 4070//6770 4030//6770 4028//6769
f 3869//6771 4070//6771 4029//6771
f 3870//6344 3869//6344 3871//6345
f 3869//6632 4029//6632 3871//6632
f 4031//6772 4030//6770 4070//6770
f 3865//6774 4031//6773 3867//6773
f 3865//6340 3867//6340 3866//6341
f 3745//6775 3744//6775 3906//6775
f 4040//6776 4033//6644 4035//6645
f 4002//6567 4003//6567 3746//6567
f 3961//6480 3963//6481 4003//6481
f 3962//6501 3964//6501 3963//6501
f 4003//6569 4004//6570 4065//6570
f 3963//6483 3965//6483 4004//6483
f 3964//6502 3966//6502 3965//6502
f 3970//6777 3962//6778 3972//6777
f 3970//6777 3972//6777 3971//6777
f 3962//6499 3961//6500 3960//6500
f 3961//6478 4002//6478 3959//6477
f 3747//6779 4071//6779 3748//6779
f 4071//6780 3750//6780 3748//6780
f 3750//6780 3749//6780 3748//6780
f 4065//6779 4071//6779 3747//6779
f 4065//6753 3747//6781 3746//6753
f 4004//6571 4005//6571 4066//6571
f 4072//6783 4071//6783 4066//6782
f 4073//6784 4072//6784 4067//6784
f 4008//6786 4073//6785 4007//6785
f 4073//6758 4067//6757 4007//6758
f 3965//6485 3967//6485 4005//6485
f 4066//6755 4067//6755 4072//6787
f 4065//6754 4066//6754 4071//6788
f 3749//6179 3751//6179 3810//6179
f 3750//6790 3752//6790 3751//6789
f 4072//6790 3752//6790 3750//6790
f 4072//6783 3750//6783 4071//6783
f 3811//6180 3751//6180 3753//6180
f 4073//6784 3752//6784 4072//6784
f 3754//6791 3752//6791 4073//6791
f 3754//6786 4073//6785 4008//6786
f 3753//6791 3752//6791 3754//6791
f 3819//6270 3821//6270 3820//6270
f 3753//6181 3755//6181 3812//6181
f 3820//6792 3812//6257 3813//6257
f 3818//6794 3820//6793 4074//6793
f 3763//6796 3818//6796 3761//6795
f 3818//6796 4074//6795 3761//6795
f 4074//6797 3759//6797 3761//6797
f 3758//6797 3759//6797 4074//6797
f 3758//6258 4074//6798 3813//6258
f 4074//6793 3820//6793 3813//6799
f 3815//6277 3817//6276 3816//6277
f 3760//6185 3762//6185 3761//6185
f 4064//6749 3762//6749 3760//6749
f 4064//6800 3760//6800 3653//6800
f 4057//6699 4060//6801 4055//6698
f 4060//6715 4062//6715 4059//6715
f 4062//6721 4064//6721 4061//6721
f 3655//6802 4061//6802 3653//6802
f 3770//6704 3772//6704 3771//6704
f 4054//6805 4056//6804 4055//6803
f 3772//6805 4056//6804 4054//6805
f 3771//6200 3773//6200 3823//6200
f 4053//6696 4055//6695 4059//6806
f 3772//6705 3774//6705 3773//6705
f 4058//6714 4059//6714 4061//6714
f 4054//6807 4052//6807 3774//6807
f 4053//6807 4052//6807 4054//6807
f 3773//6201 3775//6201 3824//6201
f 3774//6707 3776//6707 3775//6707
f 3825//6202 3775//6202 3777//6202
f 4050//6808 4052//6808 4051//6808
f 3776//6808 4052//6808 4050//6808
f 3777//6809 3776//6709 3778//6710
f 3834//6295 3833//6295 3832//6295
f 3828//6303 3830//6303 3829//6303
f 3826//6281 3833//6282 3825//6282
f 4075//6810 3833//6811 3826//6810
f 3781//6812 4075//6812 3780//6812
f 4075//6284 3826//6284 3780//6283
f 3831//6811 3833//6811 4075//6810
f 3785//6814 3831//6813 3783//6813
f 3831//6813 4075//6813 3783//6813
f 4075//6812 3781//6812 3783//6812
f 3786//6211 3785//6211 3784//6211
f 3786//6744 3784//6744 4063//6744
f 3784//6746 4049//6746 4063//6746
f 3809//6239 4047//6239 3807//6239
f 4047//6680 4063//6680 4046//6680
f 3792//6244 3794//6244 3793//6244
f 3806//6815 3808//6815 3807//6815
f 3794//6815 3808//6815 3806//6815
f 3795//6245 3794//6245 3796//6245
f 3805//6237 3807//6238 4046//6238
f 4045//6679 4046//6679 4048//6816
f 3806//6818 3804//6818 3796//6817
f 3805//6819 3804//6818 3806//6818
f 4045//6235 3803//6235 3805//6235
f 3836//6309 3837//6308 3893//6309
f 3795//6225 3797//6225 3837//6225
f 3894//6311 3837//6311 3838//6311
f 3796//6246 3798//6246 3797//6246
f 3838//6226 3797//6226 3799//6226
f 3799//6248 3798//6247 3800//6248
f 3902//6399 3904//6398 3903//6399
f 3838//6312 3839//6312 3895//6312
f 3903//6820 3895//6385 3896//6385
f 3901//6821 3903//6821 4076//6821
f 3846//6822 3901//6822 3844//6822
f 3901//6822 4076//6823 3844//6822
f 4076//6824 3842//6824 3844//6824
f 3841//6824 3842//6824 4076//6824
f 3841//6387 4076//6387 3896//6386
f 4076//6821 3903//6821 3896//6821
f 3799//6228 3801//6229 3839//6825
f 3898//6406 3900//6406 3899//6406
f 3845//6319 3847//6319 3846//6319
f 4044//6672 3847//6672 3845//6826
f 4043//6671 4044//6671 4077//6671
f 3677//6827 4043//6827 3675//6827
f 4043//6828 4077//6828 3675//6828
f 4077//6829 3843//6829 3675//6829
f 3845//6832 3843//6831 4077//6830
f 3845//6832 4077//6830 4044//6833
f 3844//6317 3843//6317 3845//6317
f 3854//6330 3856//6331 3906//6331
f 4036//6834 4035//6834 4034//6834
f 4036//6834 4034//6834 3857//6835
f 3855//6657 3857//6658 3856//6836
f 3856//6332 3858//6332 3907//6837
f 3857//6659 3859//6659 3858//6659
f 3908//6838 3858//6334 3860//6335
f 4032//6841 4034//6840 4033//6839
f 3859//6842 4034//6840 4032//6841
f 3860//6660 3859//6660 3861//6660
f 3917//6429 3916//6429 3915//6429
f 3911//6434 3913//6434 3912//6434
f 3909//6412 3916//6412 3908//6412
f 4078//6843 3916//6843 3909//6843
f 3864//6845 4078//6844 3863//6844
f 4078//6415 3909//6414 3863//6415
f 3914//6846 3916//6843 4078//6843
f 3868//6847 3914//6847 3866//6847
f 3914//6847 4078//6847 3866//6847
f 4078//6844 3864//6845 3866//6848
f 3869//6849 3868//6343 3867//6342
f 3869//6771 3867//6850 4070//6771
f 3867//6773 4031//6773 4070//6773
f 3892//6371 4029//6371 3890//6371
f 4029//6631 4070//6851 4028//6631
f 3875//6375 3877//6374 3876//919
f 3889//6852 3891//6852 3890//6852
f 3877//6852 3891//6852 3889//6852
f 3878//6376 3877//6376 3879//6376
f 3888//6369 3890//6370 4028//6853
f 4027//6628 4028//6629 4030//6629
f 3889//6854 3887//6854 3879//6854
f 3888//6855 3887//6854 3889//6854
f 4027//6367 3886//6367 3888//6367
f 3919//6440 3920//6440 3976//6856
f 3878//6357 3880//6357 3920//6357
f 3977//6441 3920//6441 3921//6441
f 3879//6377 3881//6378 3880//6378
f 3921//6359 3880//6359 3882//6358
f 3882//6857 3881//6379 3883//6379
f 3985//6523 3987//6523 3986//6523
f 3921//6442 3922//6442 3978//6858
f 3986//6509 3978//6509 3979//6509
f 3984//6859 3986//6859 4079//6859
f 3929//6860 3984//6860 3927//6860
f 3984//6860 4079//6860 3927//6860
f 4079//6862 3925//6861 3927//6861
f 3924//6861 3925//6861 4079//6862
f 3924//6512 4079//6863 3979//6511
f 4079//6859 3986//6859 3979//6864
f 3882//6361 3884//6361 3922//6361
f 3981//6533 3983//6534 3982//6534
f 4019//6601 4021//6600 4024//6600
f 4023//6615 4024//6615 4026//6865
f 4020//6866 4018//6866 3938//6866
f 4019//6867 4018//6866 4020//6866
f 4025//6619 4026//6619 4069//6619
f 4017//6599 4019//6598 4023//6599
f 4025//6868 4022//6613 4023//6614
f 3937//6459 3939//6459 3989//6459
f 3938//6607 3940//6606 3939//6607
f 3990//6869 3939//6460 3941//6460
f 4016//6871 4018//6870 4017//6870
f 3940//6871 4018//6870 4016//6871
f 3941//6608 3940//6608 3942//6608
f 4015//6597 4017//6597 4022//6597
f 4016//6872 4014//6872 3942//6872
f 4015//6872 4014//6872 4016//6872
f 3720//6873 3989//6873 3721//6873
f 3991//6461 3941//6461 3943//6461
f 3943//6609 3942//6609 3944//6609
f 4000//6553 3999//6553 3998//6553
f 3994//6562 3996//6563 3995//6874
f 3992//6540 3999//6540 3991//6540
f 4080//6875 3999//6875 3992//6875
f 3947//6876 4080//6876 3946//6876
f 4080//6877 3992//6541 3946//6541
f 3997//6875 3999//6875 4080//6875
f 3951//6878 3997//6878 3949//6878
f 3997//6878 4080//6878 3949//6878
f 4080//6876 3947//6876 3949//6876
f 3950//6466 3949//6467 3948//6466
f 3950//6761 3948//6761 4068//6760
f 3948//6879 3707//6879 4068//6879
f 3975//6494 4011//6494 3973//6493
f 4011//6581 4013//6880 4010//6581
f 4013//6587 4068//6587 4012//6586
f 3709//6881 4012//6881 3707//6881
f 3958//6498 3960//6498 3959//6498
f 3972//6882 3974//6882 3973//6882
f 3960//6883 3974//6882 3972//6882
f 3971//6492 3973//6492 4010//6492
f 4009//6580 4010//6580 4012//6580
f 4081//60 190//60 188//60
f 4082//60 190//60 4081//60
f 4085//61 4084//61 4083//61
f 4086//61 4084//61 4085//61
f 369//265 4087//58 371//58
f 281//58 4087//58 369//265
f 4089//81 281//58 4088//270
f 281//58 369//265 4088//270
f 4089//81 286//57 281//58
f 4090//268 286//57 4089//81
f 4091//58 286//57 4090//268
f 542//3663 4091//58 4092//259
f 4094//257 542//3663 4093//55
f 542//3663 4092//259 4093//55
f 4092//259 4091//58 4090//268
f 542//3663 4095//258 541//55
f 4094//257 4095//258 542//3663
f 4096//58 366//3663 362//58
f 4097//58 366//3663 4096//58
f 4098//55 366//3663 4097//58
f 4098//55 4097//58 4099//263
f 4097//58 4084//55 4099//263
f 4084//55 4100//57 4099//263
f 4086//55 4100//57 4084//55
f 4101//58 4100//57 4086//55
f 4102//55 4101//58 547//6884
f 4102//55 547//6884 4103//257
f 547//6884 4104//257 4103//257
f 550//55 4104//257 547//6884
f 547//6884 4101//58 4086//55
f 3492//254 4105//55 3494//55
f 4106//55 4105//55 3492//254
f 4106//55 3492//254 4107//5836
f 3492//254 4108//55 4107//5836
f 4108//55 4109//55 4107//5836
f 4110//55 4109//55 4108//55
f 4112//6885 4110//55 4111//58
f 367//55 4112//6885 4113//58
f 361//58 367//55 4114//58
f 367//55 4113//58 4114//58
f 4111//58 4110//55 4108//55
f 4113//58 4112//6885 4111//58
f 375//57 190//266 4115//55
f 190//266 4116//58 4115//55
f 4082//55 4116//58 190//266
f 4117//55 4116//58 4082//55
f 4117//55 4082//55 4118//257
f 4082//55 3488//270 4118//257
f 3488//270 4119//55 4118//257
f 4120//55 4119//55 3488//270
f 4120//55 3488//270 3490//55
f 375//57 182//55 190//266
f 4121//58 182//55 375//57
f 4121//58 375//57 373//58
f 4081//79 3488//79 4082//79
f 2011//79 3488//79 4081//79
f 2002//3777 2011//79 2001//79
f 2011//79 4081//79 2001//79
f 4081//79 2013//79 2001//79
f 4121//79 186//79 182//79
f 4122//79 186//79 4121//79
f 363//63 3676//98 3674//97
f 4085//63 363//63 3672//101
f 3668//99 4085//63 3670//63
f 4085//63 3672//101 3670//63
f 363//63 3678//6886 3676//98
f 3680//63 3678//6886 363//63
f 3680//63 363//63 3682//97
f 363//63 2007//84 3682//97
f 2007//84 3684//89 3682//97
f 2006//92 3684//89 2007//84
f 2006//92 2007//84 2005//63
f 2006//92 3686//92 3684//89
f 3688//5884 3686//92 2006//92
f 3688//5884 2006//92 3690//87
f 2006//92 3692//92 3690//87
f 3694//84 3692//92 2006//92
f 3696//89 3694//84 2016//89
f 3696//89 2016//89 3698//89
f 2016//89 3700//91 3698//89
f 3702//63 3700//91 2016//89
f 3702//63 2016//89 3704//84
f 2016//89 2014//86 3704//84
f 2014//86 380//89 3704//84
f 380//89 3706//63 3704//84
f 3708//98 3706//63 380//89
f 3708//98 380//89 3710//98
f 380//89 3642//6168 3710//98
f 3644//95 3642//6168 380//89
f 3646//63 3644//95 4123//91
f 3646//63 4123//91 3648//5884
f 4123//91 3650//95 3648//5884
f 544//95 3650//95 4123//91
f 3652//98 3650//95 544//95
f 3652//98 544//95 3654//90
f 544//95 3656//99 3654//90
f 3658//92 3656//99 544//95
f 3660//63 3658//92 546//63
f 3660//63 546//63 3662//104
f 546//63 3664//63 3662//104
f 3666//89 3664//63 546//63
f 3668//99 3666//89 4085//63
f 3666//89 546//63 4085//63
f 2016//89 3694//84 2006//92
f 4123//91 3644//95 380//89
f 4123//91 380//89 290//63
f 380//89 4124//98 290//63
f 4124//98 288//6169 290//63
f 546//63 3658//92 544//95
f 363//63 3674//97 3672//101
f 2014//86 379//86 380//89
f 2012//86 379//86 2014//86
f 2013//89 379//86 2012//86
f 4122//89 379//86 2013//89
f 4122//89 2013//89 186//84
f 2013//89 188//63 186//84
f 4081//63 188//63 2013//89
f 2016//89 2015//63 2014//86
f 364//84 2007//84 363//63
f 2008//91 2007//84 364//84
f 2008//91 364//84 2009//63
f 364//84 4125//63 2009//63
f 4125//63 4126//89 2009//63
f 4126//89 4127//63 2009//63
f 4127//63 4128//63 2009//63
f 4083//63 363//63 4085//63
f 4129//89 363//63 4083//63
f 4129//89 4083//63 4130//91
f 4091//61 290//61 286//61
f 4123//61 290//61 4091//61
f 4124//79 281//79 288//79
f 4087//79 281//79 4124//79
f 380//60 4087//60 4124//60
f 371//60 4087//60 380//60
f 373//61 4122//61 4121//61
f 379//61 4122//61 373//61
f 542//79 4123//79 4091//79
f 544//79 4123//79 542//79
f 546//77 4086//77 4085//77
f 547//77 4086//77 546//77
f 4096//22 4130//22 4097//22
f 4129//22 4130//22 4096//22
f 362//60 4129//60 4096//60
f 363//60 4129//60 362//60
f 364//61 4114//61 4125//61
f 361//61 4114//61 364//61
f 4125//22 4113//22 4126//22
f 4114//22 4113//22 4125//22
f 4108//60 4127//60 4111//60
f 4128//60 4127//60 4108//60
f 3492//77 4128//76 4108//77
f 2010//22 4128//76 3492//77
f 2004//22 4128//76 2010//22
f 2004//22 2010//22 2003//22
f 2004//22 2009//75 4128//76
f 4097//60 4131//60 4084//60
f 4132//60 4131//60 4097//60
f 4132//60 4097//60 4133//60
f 4097//60 4130//60 4133//60
f 4130//60 4134//60 4133//60
f 4135//60 4134//60 4130//60
f 4135//60 4130//60 4136//60
f 4130//60 4137//60 4136//60
f 4083//60 4137//60 4130//60
f 4138//60 4137//60 4083//60
f 4138//60 4083//60 4139//60
f 4083//60 4140//60 4139//60
f 4141//60 4140//60 4083//60
f 4131//60 4143//60 4142//60
f 4143//60 4144//60 4142//60
f 4144//60 4145//60 4142//60
f 4145//60 4146//60 4142//60
f 4146//60 4147//60 4142//60
f 4147//60 4148//60 4142//60
f 4148//60 4149//60 4142//60
f 4149//60 4150//60 4142//60
f 4150//60 4151//60 4142//60
f 4151//60 4152//60 4142//60
f 4152//60 4153//60 4142//60
f 4153//60 4154//60 4142//60
f 4155//60 4143//60 4131//60
f 4155//60 4131//60 4156//60
f 4131//60 4157//60 4156//60
f 4158//60 4157//60 4131//60
f 4158//60 4131//60 4159//60
f 4131//60 4160//60 4159//60
f 4161//60 4160//60 4131//60
f 4161//60 4131//60 4162//60
f 4131//60 4163//60 4162//60
f 4164//60 4163//60 4131//60
f 4164//60 4131//60 4165//60
f 4131//60 4166//60 4165//60
f 4132//60 4166//60 4131//60
f 4155//60 4167//60 4143//60
f 4168//60 4167//60 4155//60
f 4168//60 4155//60 4169//60
f 4155//60 4170//60 4169//60
f 4170//60 4171//60 4169//60
f 4172//60 4171//60 4170//60
f 4172//60 4170//60 4173//60
f 4170//60 4174//60 4173//60
f 4175//60 4174//60 4170//60
f 4175//60 4170//60 4176//60
f 4170//60 4177//60 4176//60
f 4178//60 4177//60 4170//60
f 4178//60 4170//60 4179//60
f 4170//60 4154//60 4179//60
f 368//6888 4112//6887 367//6887
f 3457//6888 4112//6887 368//6888
f 4110//6890 4112//6890 3457//6889
f 4109//6892 4110//6070 3455//6891
f 3461//6894 4109//6894 3459//6893
f 4109//6892 3455//6891 3459//6895
f 3455//6889 4110//6890 3457//6889
f 3461//6894 4107//6896 4109//6894
f 4106//6898 4107//6898 3461//6897
f 4105//6900 4106//6900 3463//6899
f 3494//6902 4105//6901 3464//6901
f 3494//6902 3464//6901 3462//6902
f 3463//6903 4106//6898 3461//6897
f 3464//6904 4105//6900 3463//6899
f 3425//6905 550//6905 549//6905
f 4104//6905 550//6905 3425//6905
f 4103//5853 4104//5859 3426//6906
f 4102//6907 4103//6907 3427//6907
f 4101//6908 4102//6908 3428//5850
f 4100//6909 4101//6909 3429//5847
f 4099//6912 4100//6911 3430//6910
f 4098//6915 4099//6914 3431//6913
f 366//6916 4098//6916 365//6916
f 4098//6916 3431//6916 365//6916
f 3426//6906 4104//5859 3425//5853
f 3427//6907 4103//6907 3426//6907
f 3428//5850 4102//6908 3427//5851
f 3429//5847 4101//6909 3428//5847
f 3430//6910 4100//6911 3429//6910
f 3431//6913 4099//6914 3430//6913
f 3450//6919 369//6918 370//6917
f 4088//6918 369//6918 3450//6919
f 4089//5875 4088//5875 3451//6920
f 4090//5871 4089//6921 3452//6921
f 4092//6924 4090//6923 3453//6922
f 4093//5867 4092//5867 3454//5867
f 4094//6927 4093//6926 3442//6925
f 4095//5865 4094//5865 3441//5864
f 541//6928 4095//6928 540//5860
f 4095//6928 3441//5860 540//5860
f 3451//6920 4088//5875 3450//5875
f 3452//6921 4089//6921 3451//5871
f 3453//6922 4090//6923 3452//6929
f 3454//5867 4092//5867 3453//5867
f 3442//6925 4093//6926 3454//6925
f 3441//5864 4094//5865 3442//5864
f 3466//6932 4120//6931 3490//6930
f 3468//6932 4120//6931 3466//6932
f 4119//6934 4120//6934 3468//6933
f 4118//6935 4119//6935 3467//6935
f 3460//6937 4118//6937 3465//6936
f 4118//6935 3467//6935 3465//6935
f 3467//6934 4119//6934 3468//6933
f 3460//6937 4117//6938 4118//6937
f 4116//6941 4117//6940 3460//6939
f 4115//6943 4116//6943 3458//6942
f 375//6945 4115//6945 3456//6944
f 375//6945 3456//6944 376//6944
f 3458//6940 4116//6941 3460//6939
f 3456//6946 4115//6943 3458//6942
f 105//6948 213//6948 214//6947
f 79//6947 213//6948 105//6948
f 212//6949 213//6950 79//6949
f 211//6951 212//6952 78//6951
f 210//6954 211//6954 77//6953
f 209//6955 210//6956 75//6955
f 208//6959 209//6958 73//6957
f 207//6960 208//6960 72//6960
f 206//6961 207//6962 70//6961
f 205//6963 206//6963 68//6963
f 204//6964 205//6964 66//6964
f 204//6964 66//6964 65//6964
f 78//6949 212//6949 79//6949
f 77//6951 211//6951 78//6951
f 75//6954 210//6954 77//6953
f 73//6955 209//6955 75//6955
f 72//6958 208//6959 73//6957
f 70//6960 207//6960 72//6960
f 68//6961 206//6961 70//6961
f 66//6963 205//6963 68//6963
f 214//6965 117//6965 105//6965
f 215//6966 117//6965 214//6965
f 116//6967 117//6967 215//6967
f 115//6968 116//6968 216//6968
f 114//6969 115//6970 217//6969
f 113//6971 114//6971 218//6971
f 112//6972 113//6972 219//6972
f 111//6973 112//6973 196//6973
f 110//6974 111//6974 195//6974
f 109//6975 110//6975 197//6975
f 108//6976 109//6976 198//6976
f 107//6977 108//6977 199//6977
f 106//6978 107//6978 200//6978
f 81//6979 106//6979 201//6979
f 81//6979 201//6979 202//6979
f 216//6967 116//6967 215//6967
f 217//6980 115//6968 216//6968
f 218//6969 114//6969 217//6969
f 219//6971 113//6971 218//6971
f 196//6972 112//6972 219//6972
f 195//6973 111//6973 196//6973
f 197//6974 110//6974 195//6974
f 198//6975 109//6975 197//6975
f 199//6976 108//6976 198//6976
f 200//6977 107//6977 199//6977
f 201//6978 106//6978 200//6978
f 134//6981 119//6981 83//6981
f 136//6981 119//6981 134//6981
f 120//6982 119//6982 136//6982
f 121//6983 120//6984 137//6983
f 139//6985 121//6986 138//6985
f 121//6983 137//6983 138//6987
f 137//6982 120//6982 136//6982
f 139//6985 122//6988 121//6986
f 123//6989 122//6989 139//6989
f 124//6990 123//6990 140//6990
f 118//6991 124//6991 141//6991
f 118//6991 141//6991 142//6991
f 140//6989 123//6989 139//6989
f 141//6990 124//6990 140//6990
f 2080//82 142//82 143//82
f 118//4135 142//82 2080//82
f 1986//3841 118//4135 1987//82
f 118//4135 2080//82 1987//82
f 1986//3841 85//82 118//4135
f 2085//82 85//82 1986//3841
f 166//82 85//82 2085//82
f 166//82 2085//82 167//82
f 2080//4868 148//66 2081//64
f 148//66 145//64 2081//64
f 2080//4868 135//6992 148//66
f 143//64 135//6992 2080//4868
f 161//68 2083//67 149//67
f 2085//67 2083//67 161//68
f 167//67 2085//67 168//6993
f 2085//67 161//68 168//6993
f 145//3779 2083//3779 2081//3779
f 149//3779 2083//3779 145//3779
f 184//3778 2790//3778 185//3778
f 90//3778 2790//3778 184//3778
f 1962//3778 2790//3778 90//3778
f 1963//3778 1962//3778 85//3778
f 1963//3778 85//3778 2784//3778
f 85//3778 166//3778 2784//3778
f 166//3778 173//3778 2784//3778
f 85//3778 1962//3778 90//3778
f 180//73 2786//73 174//73
f 2790//73 2786//73 180//73
f 185//73 2790//73 191//73
f 2790//73 180//73 191//73
f 163//3778 2786//3778 2785//3778
f 174//3778 2786//3778 163//3778
f 2784//72 171//72 2785//72
f 171//72 163//72 2785//72
f 2784//72 172//72 171//72
f 173//72 172//72 2784//72
f 90//63 2011//95 126//105
f 2011//95 2010//63 126//105
f 2010//63 3493//63 126//105
f 3493//63 4180//63 126//105
f 4181//63 4180//63 3493//63
f 90//63 3489//63 2011//95
f 184//63 3489//63 90//63
f 187//63 3489//63 184//63
f 4111//78 3491//79 4182//79
f 3493//3777 3491//79 4111//78
f 4181//79 3493//3777 4127//6994
f 3493//3777 4111//78 4127//6994
f 179//22 382//22 3487//22
f 178//22 382//22 179//22
f 3485//6997 4184//6996 4183//6995
f 381//6998 4184//6996 3485//6997
f 384//6999 4184//6996 381//6998
f 4183//89 3491//89 3485//89
f 4182//89 3491//89 4183//89
f 4182//61 4113//61 4111//61
f 4185//61 4113//61 4182//61
f 4185//61 4182//61 4186//61
f 4182//61 4187//61 4186//61
f 4188//61 4187//61 4182//61
f 4188//61 4182//61 4189//61
f 4182//61 4190//61 4189//61
f 4191//61 4190//61 4182//61
f 4191//61 4182//61 4192//61
f 4182//61 4193//61 4192//61
f 4194//61 4193//61 4182//61
f 4194//61 4182//61 4195//61
f 4182//61 4196//61 4195//61
f 383//61 4196//61 4182//61
f 4184//61 383//61 4183//61
f 383//61 4182//61 4183//61
f 4197//61 4113//61 4185//61
f 4126//61 4113//61 4197//61
f 4199//61 4126//61 4198//61
f 4126//61 4197//61 4198//61
f 4126//61 4200//61 4127//61
f 4200//61 4201//61 4127//61
f 4201//61 4202//61 4127//61
f 4202//61 4180//61 4127//61
f 4180//61 4181//61 4127//61
f 4126//61 4203//61 4200//61
f 4199//61 4203//61 4126//61
f 4184//61 384//61 383//61
f 4180//7000 132//7000 126//7000
f 4202//7000 132//7000 4180//7000
f 131//7001 132//7001 4202//7001
f 130//7002 131//7002 4201//7002
f 4203//7004 130//7004 4200//7003
f 130//7002 4201//7002 4200//7002
f 4201//7001 131//7001 4202//7001
f 4203//7004 129//7005 130//7004
f 128//7006 129//7007 4203//7006
f 127//7008 128//7009 4199//7008
f 125//7010 127//7010 4198//7010
f 125//7010 4198//7010 4197//7010
f 4199//7006 128//7006 4203//7006
f 4198//7009 127//7008 4199//7008
f 4185//76 125//76 4197//76
f 93//76 125//76 4185//76
f 4185//7011 94//7011 93//7011
f 4186//7011 94//7011 4185//7011
f 95//7012 94//7012 4186//7012
f 96//7013 95//7014 4187//7013
f 97//7017 96//7016 4188//7015
f 98//7019 97//7018 4189//7018
f 99//7022 98//7021 4190//7020
f 100//7024 99//7024 4191//7023
f 101//7025 100//7025 4192//7025
f 102//7026 101//7026 4193//7026
f 103//7027 102//7027 4194//7027
f 104//7028 103//7029 4195//7028
f 92//7031 104//7030 4196//7030
f 92//7031 4196//7030 383//7032
f 4187//7012 95//7012 4186//7012
f 4188//7033 96//7013 4187//7013
f 4189//7016 97//7017 4188//7015
f 4190//7019 98//7019 4189//7018
f 4191//7020 99//7022 4190//7020
f 4192//7034 100//7024 4191//7023
f 4193//7025 101//7025 4192//7025
f 4194//7026 102//7026 4193//7026
f 4195//7027 103//7027 4194//7027
f 4196//7028 104//7028 4195//7028
f 80//7035 164//7035 151//7035
f 82//7035 164//7035 80//7035
f 194//7037 164//7036 82//7036
f 193//7039 194//7039 84//7038
f 87//7040 193//7041 86//7040
f 193//7039 84//7038 86//7038
f 84//7036 194//7037 82//7036
f 87//7040 192//7042 193//7041
f 175//7043 192//7044 87//7043
f 176//7046 175//7046 88//7045
f 177//7047 176//7047 89//7047
f 177//7047 89//7047 91//7047
f 88//7043 175//7043 87//7043
f 89//7048 176//7046 88//7045
f 80//76 153//76 76//76
f 151//76 153//76 80//76
f 60//7000 159//7049 160//7000
f 63//7000 159//7049 60//7000
f 158//7001 159//7001 63//7001
f 157//7002 158//7051 64//7050
f 69//7004 157//7005 67//7004
f 157//7002 64//7050 67//7002
f 64//7001 158//7001 63//7001
f 69//7004 156//7005 157//7005
f 155//7006 156//7007 69//7007
f 154//7009 155//7008 71//7009
f 153//7052 154//7052 74//7052
f 153//7052 74//7052 76//7052
f 71//7006 155//7006 69//7007
f 74//7008 154//7009 71//7009
f 59//22 4204//22 61//22
f 297//22 4204//22 59//22
f 189//58 3487//58 3486//58
f 179//58 3487//58 189//58
f 3486//76 190//76 189//76
f 3489//22 190//76 3486//76
f 188//7053 190//76 3489//22
f 188//7053 3489//22 187//22
f 4207//60 4206//60 4205//60
f 4206//60 4208//60 4205//60
f 4208//60 4209//60 4205//60
f 4210//60 4209//60 4208//60
f 4211//60 4209//60 4210//60
f 4213//60 4211//60 4212//60
f 4215//60 4213//60 4214//60
f 4215//60 4214//60 4216//60
f 4212//60 4211//60 4210//60
f 4214//60 4213//60 4212//60
f 4207//60 4217//60 4206//60
f 4218//60 4217//60 4207//60
f 4219//60 4217//60 4218//60
f 4221//60 4219//60 4220//60
f 4223//60 4221//60 4222//60
f 4225//60 4223//60 4224//60
f 4227//60 4225//60 4226//60
f 4227//60 4226//60 4228//60
f 4220//60 4219//60 4218//60
f 4222//60 4221//60 4220//60
f 4224//60 4223//60 4222//60
f 4226//60 4225//60 4224//60
f 4231//61 4230//61 4229//61
f 4230//61 4232//61 4229//61
f 4232//61 4233//61 4229//61
f 4234//61 4233//61 4232//61
f 4235//61 4233//61 4234//61
f 4236//61 4233//61 4235//61
f 4238//61 4236//61 4237//61
f 4240//61 4238//61 4239//61
f 4242//61 4240//61 4241//61
f 4240//61 4239//61 4241//61
f 4237//61 4236//61 4235//61
f 4239//61 4238//61 4237//61
f 4242//61 4243//61 4240//61
f 296//61 4243//61 4242//61
f 297//61 296//61 4204//61
f 296//61 4242//61 4204//61
f 4231//61 4244//61 4230//61
f 4245//61 4244//61 4231//61
f 4245//61 4231//61 4246//61
f 4231//61 4247//61 4246//61
f 4247//61 4248//61 4246//61
f 4248//61 4249//61 4246//61
f 4250//61 4249//61 4248//61
f 4251//61 4249//61 4250//61
f 4252//61 4249//61 4251//61
f 4253//61 4249//61 4252//61
f 4254//61 4249//61 4253//61
f 4255//61 4249//61 4254//61
f 4256//61 4249//61 4255//61
f 4257//61 4249//61 4256//61
f 4258//61 4249//61 4257//61
f 4259//61 4249//61 4258//61
f 4260//61 4249//61 4259//61
f 4261//61 4249//61 4260//61
f 4262//61 4248//61 4247//61
f 4263//61 4248//61 4262//61
f 4265//61 4263//61 4264//61
f 4267//61 4265//61 4266//61
f 4265//61 4264//61 4266//61
f 4268//61 4263//61 4265//61
f 4269//61 4263//61 4268//61
f 4269//61 4268//61 4270//61
f 4268//61 4271//61 4270//61
f 4272//61 4271//61 4268//61
f 4272//61 4268//61 4273//61
f 4268//61 4274//61 4273//61
f 4265//61 4276//61 4275//61
f 4276//61 4277//61 4275//61
f 4277//61 4278//61 4275//61
f 4278//61 4279//61 4275//61
f 4279//61 4280//61 4275//61
f 4280//61 4281//61 4275//61
f 4282//61 4281//61 4280//61
f 4283//61 4281//61 4282//61
f 4284//61 4281//61 4283//61
f 4285//61 4281//61 4284//61
f 4286//61 4281//61 4285//61
f 4287//61 4281//61 4286//61
f 4278//61 4288//61 4279//61
f 4289//61 4288//61 4278//61
f 4289//61 4278//61 4290//61
f 4278//61 4291//61 4290//61
f 4292//61 4291//61 4278//61
f 4292//61 4278//61 4293//61
f 4278//61 4294//61 4293//61
f 4295//61 4294//61 4278//61
f 4295//61 4278//61 4296//61
f 4278//61 4297//61 4296//61
f 4298//61 4297//61 4278//61
f 4265//61 4299//61 4276//61
f 4267//61 4299//61 4265//61
f 4263//61 4262//61 4264//61
f 4249//7054 242//6965 243//6965
f 4261//6966 242//6965 4249//7054
f 241//6967 242//6967 4261//6967
f 240//6968 241//6968 4260//6968
f 239//7055 240//6970 4259//6969
f 238//6971 239//6971 4258//6971
f 237//6972 238//6972 4257//6972
f 229//6973 237//6973 4256//6973
f 230//6974 229//6974 4255//7056
f 231//6975 230//6975 4254//7057
f 232//6976 231//6976 4253//6976
f 233//6977 232//6977 4252//6977
f 234//6978 233//6978 4251//6978
f 235//6979 234//6979 4250//6979
f 235//6979 4250//6979 4248//6979
f 4260//6967 241//6967 4261//6967
f 4259//6980 240//6968 4260//6968
f 4258//7058 239//7055 4259//6969
f 4257//6971 238//6971 4258//6971
f 4256//6972 237//6972 4257//6972
f 4255//6973 229//6973 4256//6973
f 4254//6974 230//6974 4255//7056
f 4253//6975 231//6975 4254//7057
f 4252//6976 232//6976 4253//6976
f 4251//6977 233//6977 4252//6977
f 4250//6978 234//6978 4251//6978
f 243//6948 4246//6948 4249//6947
f 244//6947 4246//6948 243//6948
f 4245//6949 4246//6949 244//6949
f 4244//6951 4245//6951 245//6951
f 4230//6954 4244//6954 246//6954
f 4232//7059 4230//7059 247//7059
f 4234//6959 4232//6959 248//6959
f 4235//6960 4234//6960 249//6960
f 4237//6961 4235//6962 250//6962
f 4239//6963 4237//6963 251//6963
f 4241//6964 4239//6964 252//6964
f 4241//6964 252//6964 253//6964
f 245//6949 4245//6949 244//6949
f 246//6951 4244//6951 245//6951
f 247//6954 4230//6954 246//6954
f 248//6955 4232//7059 247//7059
f 249//6959 4234//6959 248//6959
f 250//6960 4235//6960 249//6960
f 251//6961 4237//6961 250//6962
f 252//6963 4239//6963 251//6963
f 204//73 228//73 152//73
f 253//73 228//73 204//73
f 4242//73 253//73 62//73
f 253//73 204//73 62//73
f 204//73 65//73 62//73
f 4242//73 4241//73 253//73
f 4242//4922 61//4922 4204//4922
f 62//4922 61//4922 4242//4922
f 4231//7052 260//7052 261//7052
f 4229//7052 260//7052 4231//7052
f 259//7060 260//7060 4229//7009
f 258//7007 259//7007 4233//7061
f 4238//7004 258//7004 4236//7003
f 258//7007 4233//7061 4236//7061
f 4233//7060 259//7060 4229//7009
f 4238//7004 257//7005 258//7004
f 256//7002 257//7002 4238//7002
f 255//7001 256//7001 4240//7001
f 254//7000 255//7000 4243//7049
f 254//7000 4243//7049 296//7062
f 4240//7051 256//7002 4238//7002
f 4243//7001 255//7001 4240//7001
f 227//76 4231//76 261//76
f 4247//76 4231//76 227//76
f 4277//7047 275//7047 276//7047
f 4276//7047 275//7047 4277//7047
f 273//7063 275//7063 4276//7063
f 272//7043 273//7043 4299//7043
f 4266//7040 272//7040 4267//7042
f 272//7043 4299//7043 4267//7044
f 4299//7063 273//7063 4276//7063
f 4266//7040 271//7042 272//7040
f 270//7064 271//7064 4266//7038
f 269//7036 270//7036 4264//7037
f 227//7035 269//7035 4262//7035
f 227//7035 4262//7035 4247//7035
f 4264//7064 270//7064 4266//7038
f 4262//7065 269//7036 4264//7037
f 533//55 276//58 277//58
f 4277//55 276//58 533//55
f 4278//58 4277//55 537//255
f 4278//58 537//255 4155//58
f 537//255 4170//58 4155//58
f 537//255 4277//55 533//55
f 277//22 535//22 533//22
f 278//22 535//22 277//22
f 4154//7067 538//7066 4142//6995
f 537//7068 538//7066 4154//7067
f 537//7068 4154//7067 4170//6999
f 4131//89 538//89 548//89
f 4142//89 538//89 4131//89
f 4154//7069 4217//7069 4179//7069
f 4217//7070 4219//7070 4179//7070
f 4219//7073 4178//7072 4179//7071
f 4221//7074 4178//7072 4219//7073
f 4177//7077 4178//7076 4221//7075
f 4176//7080 4177//7079 4223//7078
f 4175//7083 4176//7082 4225//7081
f 4174//7086 4175//7085 4227//7084
f 4173//7089 4174//7088 4228//7087
f 4172//7092 4173//7091 4226//7090
f 4171//7095 4172//7094 4224//7093
f 4169//7098 4171//7097 4222//7096
f 4168//7101 4169//7100 4220//7099
f 4167//7104 4168//7103 4218//7102
f 4143//7107 4167//7106 4207//7105
f 4144//7110 4143//7109 4205//7108
f 4145//7113 4144//7112 4209//7111
f 4146//7116 4145//7115 4211//7114
f 4147//7119 4146//7118 4213//7117
f 4148//7122 4147//7121 4215//7120
f 4149//7125 4148//7124 4216//7123
f 4150//7128 4149//7127 4214//7126
f 4151//7131 4150//7130 4212//7129
f 4152//7134 4151//7133 4210//7132
f 4153//7137 4152//7136 4208//7135
f 4154//7138 4153//7138 4206//7138
f 4154//7139 4206//7139 4217//7139
f 4223//7140 4177//7077 4221//7075
f 4225//7141 4176//7080 4223//7078
f 4227//7142 4175//7083 4225//7081
f 4228//7143 4174//7086 4227//7084
f 4226//7144 4173//7089 4228//7087
f 4224//7145 4172//7092 4226//7090
f 4222//7146 4171//7095 4224//7093
f 4220//7147 4169//7098 4222//7096
f 4218//7148 4168//7101 4220//7099
f 4207//7149 4167//7104 4218//7102
f 4205//7150 4143//7107 4207//7105
f 4209//7151 4144//7110 4205//7108
f 4211//7152 4145//7113 4209//7111
f 4213//7153 4146//7116 4211//7114
f 4215//7154 4147//7119 4213//7117
f 4216//7155 4148//7122 4215//7120
f 4214//7156 4149//7125 4216//7123
f 4212//7157 4150//7128 4214//7126
f 4210//7158 4151//7131 4212//7129
f 4208//7159 4152//7134 4210//7132
f 4206//7160 4153//7137 4208//7135
f 4155//7031 4298//7030 4278//7031
f 4156//7030 4298//7030 4155//7031
f 4297//7028 4298//7029 4156//7028
f 4296//7027 4297//7027 4157//7027
f 4295//7026 4296//7026 4158//7026
f 4294//7161 4295//7161 4159//7161
f 4293//7034 4294//7023 4160//7034
f 4292//7021 4293//7020 4161//7021
f 4291//7162 4292//7019 4162//7162
f 4290//7016 4291//7016 4163//7017
f 4289//7014 4290//7033 4164//7013
f 4288//7012 4289//7012 4165//7012
f 4279//7011 4288//7011 4166//7011
f 4279//7011 4166//7011 4132//7011
f 4157//7029 4297//7028 4156//7028
f 4158//7027 4296//7027 4157//7027
f 4159//7026 4295//7026 4158//7026
f 4160//7161 4294//7161 4159//7161
f 4161//7034 4293//7034 4160//7034
f 4162//7022 4292//7021 4161//7021
f 4163//7019 4291//7162 4162//7162
f 4164//7016 4290//7016 4163//7017
f 4165//7014 4289//7014 4164//7013
f 4166//7012 4288//7012 4165//7012
f 4279//76 4133//76 4280//76
f 4132//76 4133//76 4279//76
f 4133//7010 4282//7010 4280//7010
f 4134//7010 4282//7010 4133//7010
f 4283//7008 4282//7008 4134//7008
f 4284//7061 4283//7061 4135//7007
f 4137//7004 4284//7004 4136//7005
f 4284//7061 4135//7007 4136//7006
f 4135//7008 4283//7008 4134//7008
f 4137//7004 4285//7004 4284//7004
f 4286//7002 4285//7002 4137//7002
f 4287//7001 4286//7001 4138//7001
f 4281//7000 4287//7000 4139//7000
f 4281//7000 4139//7000 4140//7000
f 4138//7002 4286//7002 4137//7002
f 4139//7001 4287//7001 4138//7001
f 545//63 4140//84 4141//63
f 4281//5884 4140//84 545//63
f 4275//63 4281//5884 543//63
f 4275//63 543//63 283//63
f 543//63 289//63 283//63
f 543//63 4281//5884 545//63
f 545//3777 4084//7163 548//79
f 4084//7163 4131//79 548//79
f 545//3777 4083//7164 4084//7163
f 4141//79 4083//7164 545//3777
f 4300//3778 283//3778 284//3778
f 4275//3778 283//3778 4300//3778
f 4275//3778 4300//3778 4265//3778
f 4300//3778 4301//3778 4265//3778
f 4301//3778 266//3778 4265//3778
f 267//3778 266//3778 4301//3778
f 4300//73 279//73 4302//73
f 279//73 274//73 4302//73
f 4300//73 285//73 279//73
f 284//73 285//73 4300//73
f 3397//60 2722//60 3401//60
f 4302//60 2722//60 3397//60
f 4302//60 3397//60 4300//60
f 3397//60 3420//60 4300//60
f 3420//60 4301//60 4300//60
f 3419//60 4301//60 3420//60
f 3387//60 4301//60 3419//60
f 4303//60 4301//60 3387//60
f 4302//60 4303//60 2737//60
f 4302//60 2737//60 2722//60
f 2737//60 3387//60 3390//60
f 4303//60 3387//60 2737//60
f 274//3778 4303//3778 4302//3778
f 262//3778 4303//3778 274//3778
f 291//72 4303//72 262//72
f 4301//72 4303//72 291//72
f 267//72 4301//72 268//72
f 4301//72 291//72 268//72
f 307//3783 4304//82 308//82
f 4268//4141 4304//82 307//3783
f 4305//82 4304//82 4268//4141
f 266//82 4305//82 4265//82
f 4305//82 4268//4141 4265//82
f 266//82 293//82 4305//82
f 223//66 4306//64 222//64
f 4304//4868 4306//64 223//66
f 308//64 4304//4868 299//7165
f 4304//4868 223//66 299//7165
f 2693//60 2018//60 2697//60
f 4307//60 2018//60 2693//60
f 4307//60 2693//60 4305//60
f 2693//60 2715//60 4305//60
f 2715//60 2714//60 4305//60
f 2714//60 4304//60 4305//60
f 2683//60 4304//60 2714//60
f 4306//60 4304//60 2683//60
f 2033//60 4306//60 2686//60
f 4306//60 2683//60 2686//60
f 4306//60 2018//60 4307//60
f 2033//60 2018//60 4306//60
f 225//3779 4306//3779 4307//3779
f 222//3779 4306//3779 225//3779
f 4305//67 295//68 4307//67
f 295//68 225//67 4307//67
f 4305//67 294//7166 295//68
f 293//67 294//7166 4305//67
f 307//6991 4274//6991 4268//6991
f 306//6991 4274//6991 307//6991
f 4273//6990 4274//6990 306//6990
f 4272//6989 4273//6989 305//6989
f 303//6988 4272//6986 304//6988
f 4272//6989 305//6989 304//6989
f 305//6990 4273//6990 306//6990
f 303//6988 4271//6985 4272//6986
f 4270//6983 4271//6987 303//6983
f 4269//6982 4270//7167 302//7167
f 4263//6981 4269//6981 301//6981
f 4263//6981 301//6981 300//6981
f 302//6984 4270//6983 303//6983
f 301//7167 4269//6982 302//7167
f 298//71 4263//6993 300//68
f 220//7168 4263//6993 298//71
f 220//7168 298//71 2677//71
f 298//71 2716//71 2677//71
f 221//7169 4263//6993 220//7168
f 4248//67 4263//6993 221//7169
f 235//67 4248//67 236//67
f 4248//67 221//7169 236//67
f 221//7169 203//67 236//67
f 144//7168 203//67 221//7169
f 81//67 203//67 144//7168
f 81//67 144//7168 83//7170
f 144//7168 147//7169 83//7170
f 147//7169 133//71 83//7170
f 133//71 134//68 83//7170
f 81//67 202//67 203//67
f 147//7169 2717//71 133//71
f 2712//71 2717//71 147//7169
f 286//76 539//76 287//76
f 543//22 539//76 286//76
f 289//22 543//22 290//7171
f 543//22 286//76 290//7171
f 278//58 539//58 535//58
f 287//58 539//58 278//58
