# Blender v3.6.4 OBJ File: ''
# www.blender.org
mtllib link_tip.mtl
o link_tip
v 0.002143 0.011807 -0.011
v 0 0.012 -0.011
v 0.005207 -0.010812 -0.011
v -0.002143 0.011807 -0.011
v -0.004216 0.011235 -0.011
v 0.011699 -0.00267 -0.011
v 0.007053 -0.009708 -0.011
v 0.007895 0.009037 -0.011
v 0.006155 0.010301 -0.011
v 0.004216 0.011235 -0.011
v -0.006155 0.010301 -0.011
v -0.007895 0.009037 -0.011
v -0.009382 0.007482 -0.011
v -0.011034 -0.004716 -0.011
v -0.010015 -0.006611 -0.011
v -0.008674 -0.008293 -0.011
v -0.007053 -0.009708 -0.011
v -0.003192 -0.011568 -0.011
v -0.001076 -0.011952 -0.011
v 0.001076 -0.011952 -0.011
v -0.010567 0.005686 -0.011
v -0.011413 0.003708 -0.011
v -0.011891 0.001611 -0.011
v -0.005207 -0.010812 -0.011
v 0.003192 -0.011568 -0.011
v 0.008674 -0.008293 -0.011
v 0.010015 -0.006611 -0.011
v 0.011034 -0.004716 -0.011
v 0.011988 -0.000538 -0.011
v 0.011891 0.001611 -0.011
v 0.011413 0.003708 -0.011
v -0.011988 -0.000538 -0.011
v -0.011699 -0.00267 -0.011
v 0.010567 0.005686 -0.011
v 0.009382 0.007482 -0.011
v 0.002142 0.011801 0
v 0.000753 0.011976 0
v 0 0.012 -0.011
v 0.002249 0.011787 0
v 0.003708 0.011413 0
v 0.005109 0.010858 0
v 0.004208 0.011215 0
v 0.007884 0.009025 0
v 0.007649 0.009246 0
v 0.00643 0.010132 0
v 0.006147 0.010287 0
v 0.008748 0.008215 0
v 0.009365 0.007468 0
v 0.009708 0.007053 0
v 0.010516 0.005781 0
v 0.011157 0.004417 0
v 0.010561 0.005684 0
v 0.011623 0.002984 0
v 0.01139 0.003701 0
v 0.011966 -0.000537 0
v 0.012 0 0
v 0.011905 0.001504 0
v 0.011885 0.00161 0
v 0.011905 -0.001504 0
v 0.011683 -0.002667 0
v 0.011623 -0.002984 0
v 0.011157 -0.004417 0
v 0.010516 -0.005781 0
v 0.01102 -0.00471 0
v 0.008669 -0.008288 0
v 0.008748 -0.008215 0
v 0.009708 -0.007053 0
v 0.009997 -0.006599 0
v 0.007649 -0.009246 0
v 0.00704 -0.009689 0
v 0.00643 -0.010132 0
v 0.005204 -0.010806 0
v 0.005109 -0.010858 0
v 0.003708 -0.011413 0
v 0.002249 -0.011787 0
v 0.003187 -0.011546 0
v -0.001074 -0.011936 0
v -0.000753 -0.011976 0
v 0.000753 -0.011976 0
v 0.001074 -0.011936 0
v -0.002249 -0.011787 0
v -0.003187 -0.011546 0
v -0.003708 -0.011413 0
v -0.005109 -0.010858 0
v -0.00643 -0.010132 0
v -0.005204 -0.010806 0
v -0.007649 -0.009246 0
v -0.00704 -0.009689 0
v -0.009997 -0.006599 0
v -0.009708 -0.007053 0
v -0.008748 -0.008215 0
v -0.008669 -0.008288 0
v -0.010516 -0.005781 0
v -0.01102 -0.00471 0
v -0.011157 -0.004417 0
v -0.011623 -0.002984 0
v -0.011905 -0.001504 0
v -0.011683 -0.002667 0
v -0.011885 0.00161 0
v -0.011905 0.001504 0
v -0.012 0 0
v -0.011966 -0.000537 0
v -0.011623 0.002984 0
v -0.01139 0.003701 0
v -0.011157 0.004417 0
v -0.010561 0.005684 0
v -0.010516 0.005781 0
v -0.009708 0.007053 0
v -0.008748 0.008215 0
v -0.009365 0.007468 0
v -0.006147 0.010287 0
v -0.00643 0.010132 0
v -0.007649 0.009246 0
v -0.007884 0.009025 0
v -0.005109 0.010858 0
v -0.004208 0.011215 0
v -0.003708 0.011413 0
v -0.002249 0.011787 0
v 0 0.012 0
v -0.000753 0.011976 0
v -0.002142 0.011801 0
v -0.011623 0.002984 0
v -0.011538 0.002963 0.001446
v -0.011157 0.004417 0
v -0.011076 0.004385 0.001446
v 0 0.012 0
v 0.000753 0.011976 0
v 0.000748 0.011889 0.001446
v 0.009708 0.007053 0
v 0.009637 0.007002 0.001446
v 0.011157 0.004417 0
v 0.011076 0.004385 0.001446
v 0.011623 0.002984 0
v 0.011538 0.002963 0.001446
v 0.00643 -0.010132 0
v 0.006383 -0.010058 0.001446
v -0.007649 -0.009246 0
v -0.007593 -0.009179 0.001446
v -9.1e-05 0.001444 0.011913
v -0.000271 0.001421 0.011913
v -0.000538 0.002821 0.011651
v 0.000922 -0.001115 0.011913
v 0.001054 -0.00099 0.011913
v 0.002093 -0.001966 0.011651
v -0.001401 -0.00036 0.011913
v -0.001345 -0.000532 0.011913
v -0.00267 -0.001057 0.011651
v 0 0 0.012
v -0.002849 -0.00036 0.011651
v -0.002872 0 0.011651
v -0.001446 0 0.011913
v -0.003729 -0.00205 0.01122
v -0.002517 -0.001383 0.011651
v -0.001268 -0.000697 0.011913
v 0.003443 -0.002501 0.01122
v 0.002323 -0.001688 0.011651
v 0.00117 -0.00085 0.011913
v -0.001315 0.004047 0.01122
v -0.000887 0.002731 0.011651
v -0.000447 0.001376 0.011913
v -0.004512 -0.003278 0.010625
v -0.003443 -0.002501 0.01122
v -0.002323 -0.001688 0.011651
v -0.00117 -0.00085 0.011913
v -0.000267 -0.004247 0.01122
v -0.000797 -0.00418 0.01122
v -0.000538 -0.002821 0.011651
v 0.004887 -0.002687 0.010625
v 0.003729 -0.00205 0.01122
v 0.002517 -0.001383 0.011651
v 0.001268 -0.000697 0.011913
v 0.002712 0.003279 0.01122
v 0.003102 0.002913 0.01122
v 0.002093 0.001966 0.011651
v -0.002374 0.005046 0.010625
v -0.001812 0.00385 0.01122
v -0.001223 0.002598 0.011651
v -0.000616 0.001309 0.011913
v -0.004969 -0.004666 0.009876
v -0.004065 -0.003817 0.010625
v -0.003102 -0.002913 0.01122
v -0.002093 -0.001966 0.011651
v -0.001054 -0.00099 0.011913
v 0.006338 -0.002509 0.009876
v 0.005185 -0.002053 0.010625
v 0.003956 -0.001566 0.01122
v 0.00267 -0.001057 0.011651
v 0.001345 -0.000532 0.011913
v -0.003653 0.005756 0.009876
v -0.002988 0.004709 0.010625
v -0.00228 0.003593 0.01122
v -0.001539 0.002425 0.011651
v -0.000775 0.001221 0.011913
v -0.006763 -0.000854 0.009876
v -0.006817 0 0.009876
v -0.005577 0 0.010625
v -0.005072 -0.006131 0.008982
v -0.004345 -0.005252 0.009876
v -0.003555 -0.004297 0.010625
v -0.002712 -0.003279 0.01122
v -0.001831 -0.002213 0.011651
v -0.000922 -0.001115 0.011913
v 0.007707 -0.001979 0.008982
v 0.006603 -0.001695 0.009876
v 0.005401 -0.001387 0.010625
v 0.004122 -0.001058 0.01122
v 0.002782 -0.000714 0.011651
v 0.001401 -0.00036 0.011913
v -0.005072 0.006131 0.008982
v -0.004345 0.005252 0.009876
v -0.003555 0.004297 0.010625
v -0.002712 0.003279 0.01122
v -0.001831 0.002213 0.011651
v -0.000922 0.001115 0.011913
v -0.004813 -0.007584 0.007957
v -0.004264 -0.006719 0.008982
v -0.003653 -0.005756 0.009876
v -0.002988 -0.004709 0.010625
v -0.00228 -0.003593 0.01122
v -0.001539 -0.002425 0.011651
v -0.000775 -0.001221 0.011913
v -0.0005 -0.007942 0.008982
v -0.001491 -0.007817 0.008982
v -0.001277 -0.006696 0.009876
v 0.008911 -0.001126 0.007957
v 0.007895 -0.000997 0.008982
v 0.006763 -0.000854 0.009876
v 0.005533 -0.000699 0.010625
v 0.004222 -0.000533 0.01122
v 0.002849 -0.00036 0.011651
v 0.001435 -0.000181 0.011913
v 0.005072 0.006131 0.008982
v 0.005801 0.005447 0.008982
v 0.004969 0.004666 0.009876
v -0.006548 0.006149 0.007957
v -0.005801 0.005447 0.008982
v -0.004969 0.004666 0.009876
v -0.004065 0.003817 0.010625
v -0.003102 0.002913 0.01122
v -0.002093 0.001966 0.011651
v -0.001054 0.00099 0.011913
v -0.004205 -0.008936 0.006817
v -0.003824 -0.008127 0.007957
v -0.003388 -0.0072 0.008982
v -0.002902 -0.006168 0.009876
v -0.002374 -0.005046 0.010625
v -0.001812 -0.00385 0.01122
v -0.001223 -0.002598 0.011651
v -0.000616 -0.001309 0.011913
v 0.009876 0 0.006817
v 0.008982 0 0.007957
v 0.007957 0 0.008982
v 0.006817 0 0.009876
v 0.005577 0 0.010625
v 0.004255 0 0.01122
v 0.002872 0 0.011651
v 0.001446 0 0.011913
v -0.00799 0.005805 0.006817
v -0.007267 0.00528 0.007957
v -0.006438 0.004677 0.008982
v -0.005515 0.004007 0.009876
v -0.004512 0.003278 0.010625
v -0.003443 0.002501 0.01122
v -0.002323 0.001688 0.011651
v -0.00117 0.00085 0.011913
v -0.003283 -0.010105 0.005577
v -0.003052 -0.009392 0.006817
v -0.002776 -0.008543 0.007957
v -0.002459 -0.007568 0.008982
v -0.002106 -0.006483 0.009876
v -0.001723 -0.005304 0.010625
v -0.001315 -0.004047 0.01122
v -0.000887 -0.002731 0.011651
v -0.000447 -0.001376 0.011913
v 0.010542 0.001332 0.005577
v 0.009798 0.001238 0.006817
v 0.008911 0.001126 0.007957
v 0.007895 0.000997 0.008982
v 0.006763 0.000854 0.009876
v 0.005533 0.000699 0.010625
v 0.004222 0.000533 0.01122
v 0.002849 0.00036 0.011651
v 0.001435 0.000181 0.011913
v -0.009311 0.005119 0.005577
v -0.008654 0.004758 0.006817
v -0.007871 0.004327 0.007957
v -0.006973 0.003834 0.008982
v -0.005974 0.003284 0.009876
v -0.004887 0.002687 0.010625
v -0.003729 0.00205 0.01122
v -0.002517 0.001383 0.011651
v -0.001268 0.000697 0.011913
v -0.010542 -0.001332 0.005577
v -0.010625 0 0.005577
v -0.009876 0 0.006817
v 0.010868 0.00279 0.004255
v 0.010292 0.002642 0.005577
v 0.009566 0.002456 0.006817
v 0.0087 0.002234 0.007957
v 0.007707 0.001979 0.008982
v 0.006603 0.001695 0.009876
v 0.005401 0.001387 0.010625
v 0.004122 0.001058 0.01122
v 0.002782 0.000714 0.011651
v 0.001401 0.00036 0.011913
v -0.010432 0.00413 0.004255
v -0.009879 0.003911 0.005577
v -0.009182 0.003636 0.006817
v -0.008351 0.003307 0.007957
v -0.007399 0.002929 0.008982
v -0.006338 0.002509 0.009876
v -0.005185 0.002053 0.010625
v -0.003956 0.001566 0.01122
v -0.00267 0.001057 0.011651
v -0.001345 0.000532 0.011913
v -0.000705 -0.011198 0.004255
v -0.002102 -0.011021 0.004255
v -0.001991 -0.010437 0.005577
v 0.010833 0.004289 0.002872
v 0.010432 0.00413 0.004255
v 0.009879 0.003911 0.005577
v 0.009182 0.003636 0.006817
v 0.008351 0.003307 0.007957
v 0.007399 0.002929 0.008982
v 0.006338 0.002509 0.009876
v 0.005185 0.002053 0.010625
v 0.003956 0.001566 0.01122
v 0.00267 0.001057 0.011651
v 0.001345 0.000532 0.011913
v -0.011285 0.002898 0.002872
v -0.010868 0.00279 0.004255
v -0.010292 0.002642 0.005577
v -0.009566 0.002456 0.006817
v -0.0087 0.002234 0.007957
v -0.007707 0.001979 0.008982
v -0.006603 0.001695 0.009876
v -0.005401 0.001387 0.010625
v -0.004122 0.001058 0.01122
v -0.002782 0.000714 0.011651
v -0.001401 0.00036 0.011913
v 0.010439 0.005739 0.001446
v 0.01021 0.005613 0.002872
v 0.009832 0.005405 0.004255
v 0.009311 0.005119 0.005577
v 0.008654 0.004758 0.006817
v 0.007871 0.004327 0.007957
v 0.006973 0.003834 0.008982
v 0.005974 0.003284 0.009876
v 0.004887 0.002687 0.010625
v 0.003729 0.00205 0.01122
v 0.002517 0.001383 0.011651
v 0.001268 0.000697 0.011913
v -0.011819 0.001493 0.001446
v -0.011559 0.00146 0.002872
v -0.011132 0.001406 0.004255
v -0.010542 0.001332 0.005577
v -0.009798 0.001238 0.006817
v -0.008911 0.001126 0.007957
v -0.007895 0.000997 0.008982
v -0.006763 0.000854 0.009876
v -0.005533 0.000699 0.010625
v -0.004222 0.000533 0.01122
v -0.002849 0.00036 0.011651
v -0.001435 0.000181 0.011913
v -0.011538 -0.002963 0.001446
v -0.011819 -0.001493 0.001446
v -0.011559 -0.00146 0.002872
v -0.011157 -0.004417 0
v -0.011076 -0.004385 0.001446
v -0.011285 -0.002898 0.002872
v -0.011132 -0.001406 0.004255
v -0.009637 -0.007002 0.001446
v -0.010439 -0.005739 0.001446
v -0.01021 -0.005613 0.002872
v -0.010833 -0.004289 0.002872
v -0.010432 -0.00413 0.004255
v -0.010868 -0.00279 0.004255
v -0.010292 -0.002642 0.005577
v -0.009798 -0.001238 0.006817
v -0.008982 0 0.007957
v -0.008748 -0.008215 0
v -0.008684 -0.008155 0.001446
v -0.009426 -0.006848 0.002872
v -0.009832 -0.005405 0.004255
v -0.009879 -0.003911 0.005577
v -0.009566 -0.002456 0.006817
v -0.008911 -0.001126 0.007957
v -0.007957 0 0.008982
v -0.005072 -0.010779 0.001446
v -0.006383 -0.010058 0.001446
v -0.006243 -0.009838 0.002872
v -0.007427 -0.008977 0.002872
v -0.007152 -0.008645 0.004255
v -0.008179 -0.007681 0.004255
v -0.007746 -0.007274 0.005577
v -0.008596 -0.006245 0.005577
v -0.00799 -0.005805 0.006817
v -0.008654 -0.004758 0.006817
v -0.007871 -0.004327 0.007957
v -0.008351 -0.003307 0.007957
v -0.007399 -0.002929 0.008982
v -0.007707 -0.001979 0.008982
v -0.006603 -0.001695 0.009876
v -0.005533 -0.000699 0.010625
v -0.004255 0 0.01122
v -0.003708 -0.011413 0
v -0.003681 -0.011329 0.001446
v -0.004961 -0.010542 0.002872
v -0.006012 -0.009474 0.004255
v -0.006773 -0.008187 0.005577
v -0.007199 -0.00676 0.006817
v -0.007267 -0.00528 0.007957
v -0.006973 -0.003834 0.008982
v -0.006338 -0.002509 0.009876
v -0.005401 -0.001387 0.010625
v -0.004222 -0.000533 0.01122
v -0.000748 -0.011889 0.001446
v -0.002232 -0.011702 0.001446
v -0.002183 -0.011445 0.002872
v -0.0036 -0.011081 0.002872
v -0.003467 -0.010671 0.004255
v -0.004777 -0.010152 0.004255
v -0.004524 -0.009614 0.005577
v -0.005693 -0.008971 0.005577
v -0.005292 -0.008338 0.006817
v -0.006295 -0.007609 0.006817
v -0.005725 -0.006921 0.007957
v -0.006548 -0.006149 0.007957
v -0.005801 -0.005447 0.008982
v -0.006438 -0.004677 0.008982
v -0.005515 -0.004007 0.009876
v -0.005974 -0.003284 0.009876
v -0.004887 -0.002687 0.010625
v -0.005185 -0.002053 0.010625
v -0.003956 -0.001566 0.01122
v -0.004122 -0.001058 0.01122
v -0.002782 -0.000714 0.011651
v -0.001435 -0.000181 0.011913
v 0.003681 -0.011329 0.001446
v 0.002232 -0.011702 0.001446
v 0.002183 -0.011445 0.002872
v 0.000732 -0.011628 0.002872
v 0.000705 -0.011198 0.004255
v -0.000667 -0.010605 0.005577
v -0.001851 -0.009701 0.006817
v 0.005109 -0.010858 0
v 0.005072 -0.010779 0.001446
v 0.0036 -0.011081 0.002872
v 0.002102 -0.011021 0.004255
v 0.000667 -0.010605 0.005577
v -0.00062 -0.009856 0.006817
v -0.001683 -0.008823 0.007957
v 0.008684 -0.008155 0.001446
v 0.007593 -0.009179 0.001446
v 0.007427 -0.008977 0.002872
v 0.006243 -0.009838 0.002872
v 0.006012 -0.009474 0.004255
v 0.004777 -0.010152 0.004255
v 0.004524 -0.009614 0.005577
v 0.003283 -0.010105 0.005577
v 0.003052 -0.009392 0.006817
v 0.001851 -0.009701 0.006817
v 0.001683 -0.008823 0.007957
v 0.000564 -0.008964 0.007957
v 0.0005 -0.007942 0.008982
v -0.000428 -0.006803 0.009876
v -0.001045 -0.005478 0.010625
v 0.009708 -0.007053 0
v 0.009637 -0.007002 0.001446
v 0.008493 -0.007976 0.002872
v 0.007152 -0.008645 0.004255
v 0.005693 -0.008971 0.005577
v 0.004205 -0.008936 0.006817
v 0.002776 -0.008543 0.007957
v 0.001491 -0.007817 0.008982
v 0.000428 -0.006803 0.009876
v -0.00035 -0.005566 0.010625
v 0.011076 -0.004385 0.001446
v 0.010439 -0.005739 0.001446
v 0.01021 -0.005613 0.002872
v 0.009426 -0.006848 0.002872
v 0.009077 -0.006595 0.004255
v 0.008179 -0.007681 0.004255
v 0.007746 -0.007274 0.005577
v 0.006773 -0.008187 0.005577
v 0.006295 -0.007609 0.006817
v 0.005292 -0.008338 0.006817
v 0.004813 -0.007584 0.007957
v 0.003824 -0.008127 0.007957
v 0.003388 -0.0072 0.008982
v 0.002459 -0.007568 0.008982
v 0.002106 -0.006483 0.009876
v 0.001277 -0.006696 0.009876
v 0.001045 -0.005478 0.010625
v 0.00035 -0.005566 0.010625
v 0.000267 -0.004247 0.01122
v -0.00018 -0.002866 0.011651
v -0.000271 -0.001421 0.011913
v -9.1e-05 -0.001444 0.011913
v 0.00018 -0.002866 0.011651
v 0.000797 -0.00418 0.01122
v 0.001723 -0.005304 0.010625
v 0.002902 -0.006168 0.009876
v 0.004264 -0.006719 0.008982
v 0.005725 -0.006921 0.007957
v 0.007199 -0.00676 0.006817
v 0.008596 -0.006245 0.005577
v 0.009832 -0.005405 0.004255
v 0.010833 -0.004289 0.002872
v 0.011538 -0.002963 0.001446
v 0.011623 -0.002984 0
v 0.011913 0 0.001446
v 0.011819 -0.001493 0.001446
v 0.011559 -0.00146 0.002872
v 0.011285 -0.002898 0.002872
v 0.010868 -0.00279 0.004255
v 0.010432 -0.00413 0.004255
v 0.009879 -0.003911 0.005577
v 0.009311 -0.005119 0.005577
v 0.008654 -0.004758 0.006817
v 0.00799 -0.005805 0.006817
v 0.007267 -0.00528 0.007957
v 0.006548 -0.006149 0.007957
v 0.005801 -0.005447 0.008982
v 0.005072 -0.006131 0.008982
v 0.004345 -0.005252 0.009876
v 0.003653 -0.005756 0.009876
v 0.002988 -0.004709 0.010625
v 0.002374 -0.005046 0.010625
v 0.001812 -0.00385 0.01122
v 0.001315 -0.004047 0.01122
v 0.000887 -0.002731 0.011651
v 0.000538 -0.002821 0.011651
v 0.000271 -0.001421 0.011913
v 9.1e-05 -0.001444 0.011913
v 0.011905 0.001504 0
v 0.011819 0.001493 0.001446
v 0.011651 0 0.002872
v 0.011132 -0.001406 0.004255
v 0.010292 -0.002642 0.005577
v 0.009182 -0.003636 0.006817
v 0.007871 -0.004327 0.007957
v 0.006438 -0.004677 0.008982
v 0.004969 -0.004666 0.009876
v 0.003555 -0.004297 0.010625
v 0.00228 -0.003593 0.01122
v 0.001223 -0.002598 0.011651
v 0.000447 -0.001376 0.011913
v 0.003681 0.011329 0.001446
v 0.005072 0.010779 0.001446
v 0.004961 0.010542 0.002872
v 0.002249 0.011787 0
v 0.002232 0.011702 0.001446
v 0.0036 0.011081 0.002872
v 0.004777 0.010152 0.004255
v -0.002232 0.011702 0.001446
v -0.000748 0.011889 0.001446
v -0.000732 0.011628 0.002872
v 0.000732 0.011628 0.002872
v 0.000705 0.011198 0.004255
v 0.002102 0.011021 0.004255
v 0.001991 0.010437 0.005577
v 0.003283 0.010105 0.005577
v 0.003052 0.009392 0.006817
v 0.004205 0.008936 0.006817
v 0.003824 0.008127 0.007957
v 0.004813 0.007584 0.007957
v 0.004264 0.006719 0.008982
v 0.004345 0.005252 0.009876
v 0.004065 0.003817 0.010625
v -0.003708 0.011413 0
v -0.003681 0.011329 0.001446
v -0.002183 0.011445 0.002872
v -0.000705 0.011198 0.004255
v 0.000667 0.010605 0.005577
v 0.001851 0.009701 0.006817
v 0.002776 0.008543 0.007957
v 0.003388 0.0072 0.008982
v 0.003653 0.005756 0.009876
v 0.003555 0.004297 0.010625
v -0.006383 0.010058 0.001446
v -0.005072 0.010779 0.001446
v -0.004961 0.010542 0.002872
v -0.0036 0.011081 0.002872
v -0.003467 0.010671 0.004255
v -0.002102 0.011021 0.004255
v -0.001991 0.010437 0.005577
v -0.000667 0.010605 0.005577
v -0.00062 0.009856 0.006817
v 0.00062 0.009856 0.006817
v 0.000564 0.008964 0.007957
v 0.001683 0.008823 0.007957
v 0.001491 0.007817 0.008982
v 0.002459 0.007568 0.008982
v 0.002106 0.006483 0.009876
v 0.002902 0.006168 0.009876
v 0.002374 0.005046 0.010625
v 0.002988 0.004709 0.010625
v 0.00228 0.003593 0.01122
v 0.001831 0.002213 0.011651
v 0.001054 0.00099 0.011913
v 0.000922 0.001115 0.011913
v 0.001539 0.002425 0.011651
v 0.001812 0.00385 0.01122
v 0.001723 0.005304 0.010625
v 0.001277 0.006696 0.009876
v 0.0005 0.007942 0.008982
v -0.000564 0.008964 0.007957
v -0.001851 0.009701 0.006817
v -0.003283 0.010105 0.005577
v -0.004777 0.010152 0.004255
v -0.006243 0.009838 0.002872
v -0.007593 0.009179 0.001446
v -0.007649 0.009246 0
v -0.009637 0.007002 0.001446
v -0.008684 0.008155 0.001446
v -0.008493 0.007976 0.002872
v -0.007427 0.008977 0.002872
v -0.007152 0.008645 0.004255
v -0.006012 0.009474 0.004255
v -0.005693 0.008971 0.005577
v -0.004524 0.009614 0.005577
v -0.004205 0.008936 0.006817
v -0.003052 0.009392 0.006817
v -0.002776 0.008543 0.007957
v -0.001683 0.008823 0.007957
v -0.001491 0.007817 0.008982
v -0.0005 0.007942 0.008982
v -0.000428 0.006803 0.009876
v 0.000428 0.006803 0.009876
v 0.00035 0.005566 0.010625
v 0.001045 0.005478 0.010625
v 0.000797 0.00418 0.01122
v 0.001315 0.004047 0.01122
v 0.000887 0.002731 0.011651
v 0.001223 0.002598 0.011651
v 0.000616 0.001309 0.011913
v 0.000775 0.001221 0.011913
v -0.010516 0.005781 0
v -0.010439 0.005739 0.001446
v -0.009426 0.006848 0.002872
v -0.008179 0.007681 0.004255
v -0.006773 0.008187 0.005577
v -0.005292 0.008338 0.006817
v -0.003824 0.008127 0.007957
v -0.002459 0.007568 0.008982
v -0.001277 0.006696 0.009876
v -0.00035 0.005566 0.010625
v 0.000267 0.004247 0.01122
v 0.000538 0.002821 0.011651
v 0.000447 0.001376 0.011913
v -0.01122 0 0.004255
v -0.011651 0 0.002872
v -0.011913 0 0.001446
v -0.012 0 0
v -0.011623 -0.002984 0
v -0.011905 -0.001504 0
v -0.009708 -0.007053 0
v -0.010516 -0.005781 0
v -0.008493 -0.007976 0.002872
v -0.009077 -0.006595 0.004255
v -0.009311 -0.005119 0.005577
v -0.009182 -0.003636 0.006817
v -0.0087 -0.002234 0.007957
v -0.007895 -0.000997 0.008982
v -0.005109 -0.010858 0
v -0.00643 -0.010132 0
v 0.000753 -0.011976 0
v -0.000753 -0.011976 0
v -0.002249 -0.011787 0
v -0.000732 -0.011628 0.002872
v 0.000748 -0.011889 0.001446
v 0.003708 -0.011413 0
v 0.002249 -0.011787 0
v 0.004961 -0.010542 0.002872
v 0.003467 -0.010671 0.004255
v 0.001991 -0.010437 0.005577
v 0.00062 -0.009856 0.006817
v -0.000564 -0.008964 0.007957
v 0.008748 -0.008215 0
v 0.007649 -0.009246 0
v 0.011157 -0.004417 0
v 0.010516 -0.005781 0
v 0.012 0 0
v 0.011905 -0.001504 0
v 0.011559 0.00146 0.002872
v 0.01122 0 0.004255
v 0.010542 -0.001332 0.005577
v 0.009566 -0.002456 0.006817
v 0.008351 -0.003307 0.007957
v 0.006973 -0.003834 0.008982
v 0.005515 -0.004007 0.009876
v 0.004065 -0.003817 0.010625
v 0.002712 -0.003279 0.01122
v 0.001539 -0.002425 0.011651
v 0.000616 -0.001309 0.011913
v 0.011285 0.002898 0.002872
v 0.011132 0.001406 0.004255
v 0.010625 0 0.005577
v 0.009798 -0.001238 0.006817
v 0.0087 -0.002234 0.007957
v 0.007399 -0.002929 0.008982
v 0.005974 -0.003284 0.009876
v 0.004512 -0.003278 0.010625
v 0.003102 -0.002913 0.01122
v 0.001831 -0.002213 0.011651
v 0.000775 -0.001221 0.011913
v 0.010516 0.005781 0
v 0.00117 0.00085 0.011913
v 0.002323 0.001688 0.011651
v 0.003443 0.002501 0.01122
v 0.004512 0.003278 0.010625
v 0.005515 0.004007 0.009876
v 0.006438 0.004677 0.008982
v 0.007267 0.00528 0.007957
v 0.00799 0.005805 0.006817
v 0.008596 0.006245 0.005577
v 0.009077 0.006595 0.004255
v 0.009426 0.006848 0.002872
v 0.008684 0.008155 0.001446
v 0.008748 0.008215 0
v 0.007593 0.009179 0.001446
v 0.007649 0.009246 0
v 0.006548 0.006149 0.007957
v 0.006295 0.007609 0.006817
v 0.007199 0.00676 0.006817
v 0.006773 0.008187 0.005577
v 0.007746 0.007274 0.005577
v 0.007152 0.008645 0.004255
v 0.008179 0.007681 0.004255
v 0.007427 0.008977 0.002872
v 0.008493 0.007976 0.002872
v 0.005693 0.008971 0.005577
v 0.006012 0.009474 0.004255
v 0.006243 0.009838 0.002872
v 0.006383 0.010058 0.001446
v 0.00643 0.010132 0
v 0.003708 0.011413 0
v 0.005109 0.010858 0
v 0.002183 0.011445 0.002872
v 0.003467 0.010671 0.004255
v 0.004524 0.009614 0.005577
v 0.005292 0.008338 0.006817
v 0.005725 0.006921 0.007957
v -0.002249 0.011787 0
v -0.000753 0.011976 0
v -0.00643 0.010132 0
v -0.005109 0.010858 0
v -0.009708 0.007053 0
v -0.008748 0.008215 0
v -0.01021 0.005613 0.002872
v -0.009077 0.006595 0.004255
v -0.007746 0.007274 0.005577
v -0.006295 0.007609 0.006817
v -0.004813 0.007584 0.007957
v -0.003388 0.0072 0.008982
v -0.002106 0.006483 0.009876
v -0.001045 0.005478 0.010625
v -0.000267 0.004247 0.01122
v 0.00018 0.002866 0.011651
v 0.000271 0.001421 0.011913
v -0.010833 0.004289 0.002872
v -0.009832 0.005405 0.004255
v -0.008596 0.006245 0.005577
v -0.007199 0.00676 0.006817
v -0.005725 0.006921 0.007957
v -0.004264 0.006719 0.008982
v -0.002902 0.006168 0.009876
v -0.001723 0.005304 0.010625
v -0.000797 0.00418 0.01122
v -0.00018 0.002866 0.011651
v 9.1e-05 0.001444 0.011913
v -0.011905 0.001504 0
vn 0 0 -1
vn 0.1253 0.9921 0.0006
vn 0.125 0.9922 0.0006
vn 0.0897 0.996 -0.004
vn 0.266 0.964 -0.0008
vn 0.2488 0.9686 -0.0042
vn 0.434 0.9009 -0.0044
vn 0.368 0.9298 0.002
vn 0.3679 0.9299 0.002
vn 0.3682 0.9298 0.002
vn 0.6845 0.729 0.0015
vn 0.6845 0.729 0.0014
vn 0.6844 0.7291 0.0014
vn 0.5877 0.809 -0.0023
vn 0.5877 0.8091 -0.0022
vn 0.5879 0.8089 -0.0022
vn 0.5877 0.8091 -0.0023
vn 0.482 0.8762 0.0013
vn 0.4818 0.8763 0.0014
vn 0.4817 0.8763 0.0014
vn 0.4816 0.8764 0.0013
vn 0.7227 0.6911 -0.0044
vn 0.7706 0.6373 0.002
vn 0.7705 0.6374 0.002
vn 0.8347 0.5507 -0.0033
vn 0.8443 0.5359 -0.0007
vn 0.9194 0.3932 -0.0039
vn 0.9048 0.4257 0.0006
vn 0.9049 0.4257 0.0006
vn 0.9048 0.4258 0.0006
vn 0.975 0.2222 -0.004
vn 0.951 0.3093 0.0022
vn 0.951 0.3091 0.0022
vn 0.998 -0.0631 0.002
vn 0.998 -0.0632 0.002
vn 0.998 -0.0627 0.002
vn 0.998 0.063 -0.0042
vn 0.999 0.0448 -0.0008
vn 0.9823 0.1872 0.0006
vn 0.9823 0.1873 0.0006
vn 0.998 -0.0626 0.002
vn 0.9909 -0.1343 -0.0043
vn 0.9823 -0.1875 0.0015
vn 0.9823 -0.1872 0.0015
vn 0.9823 -0.1873 0.0014
vn 0.9511 -0.3089 -0.0022
vn 0.951 -0.3091 -0.0023
vn 0.8807 -0.4736 -0.0044
vn 0.9048 -0.4258 0.0014
vn 0.6845 -0.729 0.0006
vn 0.6842 -0.7293 0.0006
vn 0.7705 -0.6374 -0.0007
vn 0.7819 -0.6234 -0.0032
vn 0.8444 -0.5358 0.002
vn 0.8443 -0.5358 0.002
vn 0.8442 -0.536 0.002
vn 0.8444 -0.5357 0.002
vn 0.6846 -0.7289 0.0006
vn 0.6576 -0.7533 -0.004
vn 0.5878 -0.809 0.0022
vn 0.5877 -0.8091 0.0023
vn 0.5879 -0.8089 0.0021
vn 0.588 -0.8089 0.0023
vn 0.5133 -0.8582 -0.004
vn 0.4818 -0.8763 0.0006
vn 0.4816 -0.8764 0.0006
vn 0.4817 -0.8763 0.0006
vn 0.3513 -0.9363 -0.0008
vn 0.3679 -0.9299 -0.0042
vn 0.1786 -0.9839 -0.0043
vn 0.2489 -0.9685 0.002
vn 0.2485 -0.9686 0.0019
vn 0.2488 -0.9685 0.002
vn 0.2487 -0.9686 0.002
vn -0.1253 -0.9921 0.0014
vn -0.1253 -0.9921 0.0015
vn 0 -1 -0.0022
vn 0.1253 -0.9921 0.0015
vn 0.1253 -0.9921 0.0014
vn 0.1252 -0.9921 0.0014
vn -0.1252 -0.9921 0.0014
vn -0.1786 -0.9839 -0.0043
vn -0.2485 -0.9686 0.0019
vn -0.2489 -0.9685 0.002
vn -0.2488 -0.9685 0.002
vn -0.2487 -0.9686 0.002
vn -0.3513 -0.9363 -0.0033
vn -0.3683 -0.9297 -0.0006
vn -0.5133 -0.8582 -0.004
vn -0.4816 -0.8764 0.0006
vn -0.4818 -0.8763 0.0006
vn -0.4817 -0.8763 0.0006
vn -0.658 -0.753 -0.004
vn -0.5877 -0.8091 0.0023
vn -0.5878 -0.809 0.0022
vn -0.5879 -0.8089 0.0021
vn -0.588 -0.8089 0.0023
vn -0.8442 -0.536 0.002
vn -0.8443 -0.5358 0.002
vn -0.8444 -0.5358 0.002
vn -0.7706 -0.6373 -0.0042
vn -0.7819 -0.6234 -0.0008
vn -0.6842 -0.7293 0.0006
vn -0.6845 -0.729 0.0006
vn -0.6846 -0.7289 0.0006
vn -0.8444 -0.5357 0.002
vn -0.8806 -0.4739 -0.0043
vn -0.9048 -0.4258 0.0014
vn -0.9511 -0.3089 -0.0022
vn -0.951 -0.3091 -0.0022
vn -0.9511 -0.3088 -0.0022
vn -0.951 -0.3093 -0.0023
vn -0.9909 -0.1343 -0.0043
vn -0.9823 -0.1872 0.0015
vn -0.9823 -0.1875 0.0015
vn -0.9823 -0.1873 0.0014
vn -0.9823 0.1873 0.0006
vn -0.9823 0.1872 0.0006
vn -0.998 0.063 -0.0007
vn -0.999 0.0451 -0.0033
vn -0.998 -0.0627 0.002
vn -0.998 -0.0632 0.002
vn -0.998 -0.0631 0.002
vn -0.998 -0.0626 0.002
vn -0.975 0.2222 -0.004
vn -0.951 0.3091 0.0022
vn -0.951 0.3093 0.0022
vn -0.9194 0.3932 -0.0039
vn -0.9049 0.4257 0.0006
vn -0.9048 0.4257 0.0006
vn -0.9048 0.4258 0.0006
vn -0.8347 0.5507 -0.0009
vn -0.8443 0.5359 -0.0042
vn -0.7227 0.6911 -0.0044
vn -0.7706 0.6373 0.002
vn -0.7705 0.6374 0.002
vn -0.4817 0.8763 0.0014
vn -0.4818 0.8763 0.0014
vn -0.482 0.8762 0.0013
vn -0.5877 0.809 -0.0022
vn -0.5879 0.8089 -0.0023
vn -0.5877 0.8091 -0.0022
vn -0.6844 0.7291 0.0014
vn -0.6845 0.729 0.0014
vn -0.6845 0.729 0.0015
vn -0.4816 0.8764 0.0013
vn -0.434 0.9009 -0.0044
vn -0.3679 0.9299 0.002
vn -0.368 0.9298 0.002
vn -0.3682 0.9298 0.002
vn -0.266 0.964 -0.0033
vn -0.2488 0.9686 -0.0007
vn 0.0314 0.9995 0
vn -0.0314 0.9995 0
vn -0.0897 0.996 -0.004
vn -0.1253 0.9921 0.0006
vn -0.125 0.9922 0.0006
vn -0.9805 0.187 0.0603
vn -0.9805 0.187 0.0604
vn -0.9805 0.1872 0.0601
vn -0.9493 0.3084 0.0604
vn -0.9493 0.3084 0.0603
vn -0.9493 0.3086 0.0602
vn 0.0318 0.9977 0.0601
vn 0.7692 0.6362 0.0603
vn 0.7691 0.6363 0.0603
vn 0.9032 0.425 0.0603
vn 0.9032 0.4249 0.06
vn 0.9493 0.3084 0.0604
vn 0.9493 0.3085 0.0603
vn 0.5868 -0.8075 0.0603
vn 0.5865 -0.8077 0.0604
vn 0.5866 -0.8076 0.0604
vn -0.5868 -0.8075 0.0603
vn -0.5867 -0.8075 0.0603
vn -0.5868 -0.8075 0.0604
vn -0.0227 0.1793 0.9835
vn -0.023 0.1797 0.9835
vn -0.0226 0.1794 0.9835
vn 0.1236 -0.1317 0.9836
vn 0.1235 -0.1317 0.9836
vn -0.1718 -0.0558 0.9836
vn -0.1718 -0.0558 0.9835
vn -0.0117 0.0627 0.998
vn -0.0037 0.0637 0.998
vn -0.0125 0.0669 0.9977
vn 0.0414 -0.044 0.9982
vn 0.0408 -0.0491 0.998
vn 0.0407 -0.0491 0.998
vn -0.0572 -0.0186 0.9982
vn -0.0619 -0.0159 0.998
vn -0.0618 -0.016 0.998
vn -0.1803 -0.0113 0.9836
vn -0.1802 -0.0113 0.9836
vn -0.2698 -0.1266 0.9546
vn -0.2697 -0.1269 0.9546
vn -0.1635 -0.0769 0.9835
vn -0.056 -0.0306 0.998
vn -0.0545 -0.0254 0.9982
vn -0.0559 -0.0307 0.998
vn 0.2295 -0.1899 0.9546
vn 0.2297 -0.1901 0.9545
vn 0.1393 -0.1152 0.9835
vn 0.1395 -0.1155 0.9835
vn 0.1392 -0.1152 0.9835
vn 0.1393 -0.1153 0.9835
vn 0.0522 -0.0363 0.998
vn 0.0463 -0.0384 0.9982
vn 0.0522 -0.0362 0.998
vn -0.0741 0.2886 0.9546
vn -0.0741 0.2887 0.9545
vn -0.074 0.2888 0.9545
vn -0.045 0.175 0.9835
vn -0.0449 0.1749 0.9836
vn -0.0449 0.1751 0.9835
vn -0.0199 0.0607 0.998
vn -0.3472 -0.2203 0.9115
vn -0.3473 -0.2202 0.9115
vn -0.2516 -0.1596 0.9546
vn -0.2514 -0.1598 0.9546
vn -0.2513 -0.1599 0.9546
vn -0.1526 -0.0969 0.9835
vn -0.1524 -0.0967 0.9836
vn -0.1525 -0.0969 0.9835
vn -0.1525 -0.0968 0.9836
vn -0.0506 -0.0324 0.9982
vn -0.0373 -0.2956 0.9546
vn -0.0374 -0.2956 0.9546
vn -0.0372 -0.2956 0.9546
vn 0.3472 -0.2203 0.9115
vn 0.3472 -0.2202 0.9116
vn 0.347 -0.2204 0.9116
vn 0.2515 -0.1596 0.9546
vn 0.2516 -0.1598 0.9545
vn 0.2515 -0.1598 0.9546
vn 0.2514 -0.1599 0.9546
vn 0.1525 -0.0969 0.9835
vn 0.1526 -0.0969 0.9835
vn 0.1525 -0.0968 0.9836
vn 0.0506 -0.0324 0.9982
vn 0.204 0.2172 0.9546
vn 0.2039 0.2172 0.9546
vn 0.204 0.2173 0.9546
vn -0.1515 0.3823 0.9115
vn -0.1511 0.3821 0.9117
vn -0.1512 0.3822 0.9116
vn -0.1096 0.2773 0.9545
vn -0.1096 0.2772 0.9545
vn -0.1097 0.277 0.9546
vn -0.0666 0.168 0.9835
vn -0.0222 0.0559 0.9982
vn -0.399 -0.3303 0.8554
vn -0.3992 -0.3302 0.8553
vn -0.3991 -0.3303 0.8554
vn -0.3166 -0.2625 0.9115
vn -0.3167 -0.2621 0.9116
vn -0.3167 -0.2619 0.9117
vn -0.2298 -0.1901 0.9545
vn -0.2295 -0.1899 0.9546
vn -0.1393 -0.1152 0.9835
vn -0.1396 -0.1155 0.9835
vn -0.1395 -0.1155 0.9835
vn -0.1393 -0.1153 0.9835
vn -0.0455 -0.0444 0.998
vn -0.0463 -0.0384 0.9982
vn -0.0455 -0.0445 0.998
vn 0.4688 -0.2206 0.8553
vn 0.3722 -0.1748 0.9116
vn 0.3721 -0.1749 0.9115
vn 0.3722 -0.1747 0.9116
vn 0.372 -0.1751 0.9116
vn 0.2697 -0.1269 0.9546
vn 0.2698 -0.1266 0.9546
vn 0.1636 -0.0769 0.9835
vn 0.1635 -0.0769 0.9835
vn 0.1635 -0.0768 0.9835
vn 0.0587 -0.0246 0.998
vn 0.0545 -0.0254 0.9982
vn 0.0588 -0.0245 0.998
vn -0.2495 0.454 0.8554
vn -0.2496 0.454 0.8553
vn -0.198 0.3602 0.9116
vn -0.1981 0.3601 0.9117
vn -0.1981 0.36 0.9117
vn -0.1979 0.3604 0.9115
vn -0.1437 0.2612 0.9545
vn -0.1434 0.2611 0.9546
vn -0.1436 0.2612 0.9545
vn -0.087 0.1583 0.9835
vn -0.087 0.1584 0.9835
vn -0.0871 0.1583 0.9835
vn -0.087 0.1583 0.9836
vn -0.0349 0.0533 0.998
vn -0.0292 0.053 0.9982
vn -0.5168 -0.0326 0.8555
vn -0.5171 -0.0325 0.8553
vn -0.4226 -0.4503 0.7866
vn -0.4227 -0.4502 0.7865
vn -0.4228 -0.4502 0.7865
vn -0.3546 -0.3773 0.8555
vn -0.3546 -0.3776 0.8554
vn -0.3548 -0.3773 0.8554
vn -0.3548 -0.3776 0.8553
vn -0.2815 -0.2997 0.9116
vn -0.2815 -0.2997 0.9115
vn -0.2814 -0.2998 0.9116
vn -0.204 -0.2172 0.9546
vn -0.2039 -0.2172 0.9546
vn -0.2041 -0.2172 0.9546
vn -0.204 -0.2173 0.9546
vn -0.1237 -0.1317 0.9835
vn -0.1236 -0.1317 0.9836
vn -0.1235 -0.1317 0.9836
vn -0.0414 -0.044 0.9982
vn 0.5874 -0.1907 0.7865
vn 0.5875 -0.191 0.7864
vn 0.5873 -0.1908 0.7866
vn 0.4923 -0.1601 0.8556
vn 0.4924 -0.1603 0.8555
vn 0.4923 -0.1599 0.8556
vn 0.4926 -0.16 0.8554
vn 0.3911 -0.1271 0.9115
vn 0.3911 -0.1268 0.9116
vn 0.391 -0.1271 0.9116
vn 0.391 -0.1269 0.9116
vn 0.2834 -0.0923 0.9545
vn 0.2835 -0.0921 0.9545
vn 0.2833 -0.0925 0.9546
vn 0.1719 -0.0559 0.9835
vn 0.1718 -0.0558 0.9835
vn 0.1717 -0.0558 0.9836
vn 0.0572 -0.0186 0.9982
vn -0.363 0.4995 0.7866
vn -0.3045 0.4191 0.8553
vn -0.3045 0.4192 0.8553
vn -0.3046 0.4188 0.8555
vn -0.3045 0.419 0.8554
vn -0.2414 0.3325 0.9117
vn -0.2417 0.3327 0.9115
vn -0.2417 0.3326 0.9116
vn -0.1752 0.2411 0.9546
vn -0.1751 0.2412 0.9545
vn -0.1063 0.1465 0.9835
vn -0.1064 0.1465 0.9835
vn -0.1062 0.1462 0.9835
vn -0.1061 0.1463 0.9835
vn -0.0352 0.0488 0.9982
vn -0.4164 -0.5725 0.7063
vn -0.4161 -0.5726 0.7064
vn -0.363 -0.4995 0.7866
vn -0.3631 -0.4995 0.7866
vn -0.3045 -0.4191 0.8553
vn -0.3045 -0.4192 0.8553
vn -0.3045 -0.4187 0.8555
vn -0.2417 -0.3326 0.9116
vn -0.2414 -0.3325 0.9117
vn -0.2417 -0.3326 0.9115
vn -0.2414 -0.3326 0.9116
vn -0.1752 -0.2411 0.9545
vn -0.1751 -0.2411 0.9546
vn -0.1751 -0.2412 0.9546
vn -0.1062 -0.1463 0.9835
vn -0.1064 -0.1466 0.9835
vn -0.1061 -0.1461 0.9836
vn -0.1061 -0.1462 0.9836
vn -0.0349 -0.0534 0.998
vn -0.0352 -0.0488 0.9982
vn -0.0349 -0.0533 0.998
vn -0.0772 -0.6126 0.7866
vn -0.0773 -0.6126 0.7866
vn 0.6953 -0.1327 0.7063
vn 0.6952 -0.1324 0.7065
vn 0.6065 -0.1157 0.7867
vn 0.6065 -0.1157 0.7866
vn 0.6064 -0.1157 0.7867
vn 0.5089 -0.0971 0.8554
vn 0.5089 -0.0971 0.8553
vn 0.5089 -0.0972 0.8553
vn 0.4039 -0.0771 0.9116
vn 0.404 -0.0771 0.9115
vn 0.404 -0.0769 0.9115
vn 0.2927 -0.0557 0.9546
vn 0.2927 -0.0558 0.9546
vn 0.2928 -0.0558 0.9545
vn 0.2927 -0.0554 0.9546
vn 0.1776 -0.0338 0.9835
vn 0.1775 -0.0338 0.9835
vn 0.0632 -0.0087 0.998
vn 0.0591 -0.0112 0.9982
vn 0.0632 -0.0086 0.998
vn 0.4226 0.4503 0.7865
vn 0.4225 0.4503 0.7866
vn 0.4227 0.4502 0.7865
vn -0.4845 0.516 0.7064
vn -0.4846 0.5159 0.7064
vn -0.4843 0.5161 0.7064
vn -0.4226 0.4503 0.7865
vn -0.4226 0.4504 0.7865
vn -0.4227 0.4502 0.7866
vn -0.4227 0.4501 0.7866
vn -0.3547 0.3778 0.8552
vn -0.3546 0.3776 0.8554
vn -0.3547 0.3776 0.8553
vn -0.3547 0.3775 0.8554
vn -0.2817 0.2996 0.9115
vn -0.2815 0.2996 0.9116
vn -0.2812 0.2996 0.9117
vn -0.2815 0.3 0.9114
vn -0.204 0.2173 0.9546
vn -0.204 0.2174 0.9545
vn -0.2041 0.2172 0.9546
vn -0.2041 0.2171 0.9546
vn -0.1236 0.1317 0.9836
vn -0.1235 0.1317 0.9836
vn -0.0455 0.0444 0.998
vn -0.0414 0.044 0.9982
vn -0.0455 0.0445 0.998
vn -0.3794 -0.6902 0.6162
vn -0.3793 -0.6902 0.6163
vn -0.3795 -0.6903 0.616
vn -0.3407 -0.6206 0.7062
vn -0.3408 -0.6206 0.7062
vn -0.2975 -0.5411 0.7866
vn -0.2974 -0.5412 0.7866
vn -0.2496 -0.454 0.8553
vn -0.2498 -0.454 0.8552
vn -0.1979 -0.3605 0.9115
vn -0.198 -0.36 0.9117
vn -0.1434 -0.2612 0.9546
vn -0.1438 -0.2611 0.9545
vn -0.1436 -0.2612 0.9545
vn -0.1437 -0.2612 0.9545
vn -0.087 -0.1582 0.9836
vn -0.087 -0.1583 0.9836
vn -0.087 -0.1583 0.9835
vn -0.0291 -0.0526 0.9982
vn 0.7862 -0.0495 0.616
vn 0.7861 -0.0495 0.6161
vn 0.7066 -0.0443 0.7062
vn 0.7067 -0.0446 0.7061
vn 0.7065 -0.0442 0.7063
vn 0.7064 -0.0439 0.7064
vn 0.6164 -0.0386 0.7865
vn 0.6163 -0.0388 0.7866
vn 0.6165 -0.0387 0.7864
vn 0.5168 -0.0326 0.8555
vn 0.5171 -0.0325 0.8553
vn 0.5168 -0.0325 0.8555
vn 0.4104 -0.0257 0.9115
vn 0.4104 -0.0258 0.9115
vn 0.4103 -0.0259 0.9116
vn 0.4103 -0.0257 0.9116
vn 0.2974 -0.0185 0.9546
vn 0.2975 -0.0187 0.9545
vn 0.2974 -0.0189 0.9546
vn 0.1802 -0.0113 0.9836
vn 0.0601 -0.0036 0.9982
vn -0.6068 0.5024 0.616
vn -0.6068 0.5023 0.616
vn -0.6069 0.5021 0.6161
vn -0.5453 0.4512 0.7064
vn -0.5453 0.4511 0.7065
vn -0.4757 0.3938 0.7865
vn -0.4758 0.3936 0.7866
vn -0.4757 0.3939 0.7865
vn -0.3992 0.3302 0.8553
vn -0.3991 0.3302 0.8554
vn -0.399 0.3303 0.8554
vn -0.3167 0.2625 0.9115
vn -0.3168 0.262 0.9116
vn -0.3167 0.2623 0.9115
vn -0.3168 0.2622 0.9115
vn -0.2295 0.1899 0.9546
vn -0.2297 0.1901 0.9545
vn -0.1393 0.1152 0.9835
vn -0.1395 0.1155 0.9835
vn -0.1392 0.1152 0.9835
vn -0.1393 0.1153 0.9835
vn -0.0463 0.0384 0.9982
vn -0.315 -0.7963 0.5165
vn -0.3149 -0.7963 0.5165
vn -0.2901 -0.7323 0.6161
vn -0.2899 -0.7324 0.6161
vn -0.2898 -0.7326 0.6159
vn -0.2899 -0.7325 0.616
vn -0.2607 -0.6581 0.7064
vn -0.2609 -0.658 0.7064
vn -0.2606 -0.658 0.7065
vn -0.2274 -0.5742 0.7865
vn -0.2275 -0.5742 0.7865
vn -0.2273 -0.5742 0.7865
vn -0.2272 -0.5742 0.7866
vn -0.1906 -0.4815 0.8555
vn -0.1908 -0.4818 0.8553
vn -0.1907 -0.4815 0.8555
vn -0.1907 -0.4817 0.8553
vn -0.1512 -0.3822 0.9116
vn -0.1515 -0.3823 0.9115
vn -0.1511 -0.3821 0.9117
vn -0.1095 -0.2774 0.9545
vn -0.1098 -0.277 0.9546
vn -0.1097 -0.2773 0.9545
vn -0.1096 -0.277 0.9546
vn -0.0665 -0.168 0.9835
vn -0.0665 -0.1679 0.9836
vn -0.0199 -0.0607 0.998
vn -0.0222 -0.0559 0.9982
vn -0.0198 -0.0607 0.998
vn 0.8546 0.0535 0.5165
vn 0.8545 0.0539 0.5166
vn 0.8546 0.0538 0.5165
vn 0.7862 0.0495 0.616
vn 0.7861 0.0495 0.6161
vn 0.7863 0.0495 0.6159
vn 0.7065 0.0443 0.7063
vn 0.7064 0.0445 0.7064
vn 0.7066 0.0442 0.7062
vn 0.6165 0.0386 0.7864
vn 0.6163 0.0388 0.7865
vn 0.6164 0.0387 0.7865
vn 0.6163 0.039 0.7866
vn 0.5168 0.0326 0.8555
vn 0.5171 0.0325 0.8553
vn 0.5168 0.0325 0.8555
vn 0.4103 0.0257 0.9116
vn 0.4103 0.0258 0.9116
vn 0.4104 0.0255 0.9115
vn 0.4105 0.0254 0.9115
vn 0.2974 0.0185 0.9546
vn 0.2975 0.0189 0.9545
vn 0.2973 0.0189 0.9546
vn 0.2974 0.0187 0.9546
vn 0.1804 0.0114 0.9835
vn 0.1802 0.0113 0.9836
vn 0.1801 0.0114 0.9836
vn 0.0632 0.0087 0.998
vn 0.0601 0.0036 0.9982
vn 0.0632 0.0086 0.998
vn -0.723 0.4589 0.5164
vn -0.723 0.4588 0.5164
vn -0.7231 0.4586 0.5166
vn -0.6651 0.4222 0.616
vn -0.6651 0.4223 0.6159
vn -0.6651 0.4221 0.616
vn -0.6651 0.422 0.6161
vn -0.5978 0.3791 0.7063
vn -0.5978 0.3789 0.7064
vn -0.5978 0.3792 0.7063
vn -0.5978 0.3794 0.7062
vn -0.5215 0.331 0.7864
vn -0.5215 0.331 0.7865
vn -0.5213 0.3309 0.7866
vn -0.4372 0.2775 0.8555
vn -0.4371 0.2775 0.8555
vn -0.4374 0.2776 0.8554
vn -0.3472 0.2203 0.9115
vn -0.3472 0.2202 0.9116
vn -0.347 0.2204 0.9116
vn -0.2515 0.1596 0.9546
vn -0.2516 0.1598 0.9545
vn -0.2515 0.1598 0.9546
vn -0.2514 0.1599 0.9546
vn -0.1525 0.0969 0.9835
vn -0.1526 0.0969 0.9835
vn -0.1525 0.0968 0.9836
vn -0.056 0.0306 0.998
vn -0.0507 0.0324 0.9982
vn -0.0559 0.0307 0.998
vn -0.8546 -0.0535 0.5165
vn -0.8546 -0.0536 0.5165
vn -0.8545 -0.0539 0.5166
vn 0.8961 0.171 0.4095
vn 0.896 0.1708 0.4098
vn 0.841 0.1604 0.5166
vn 0.841 0.1605 0.5167
vn 0.8411 0.1603 0.5166
vn 0.8412 0.1602 0.5165
vn 0.7738 0.1476 0.616
vn 0.7737 0.1475 0.6161
vn 0.6954 0.1327 0.7063
vn 0.6952 0.1326 0.7064
vn 0.6953 0.1325 0.7064
vn 0.6953 0.1326 0.7064
vn 0.6067 0.1159 0.7865
vn 0.6065 0.1155 0.7866
vn 0.6064 0.1157 0.7867
vn 0.6065 0.1157 0.7866
vn 0.5086 0.097 0.8555
vn 0.5087 0.0968 0.8555
vn 0.5088 0.0971 0.8554
vn 0.5089 0.0971 0.8553
vn 0.404 0.0774 0.9115
vn 0.4038 0.0772 0.9116
vn 0.4041 0.0771 0.9115
vn 0.4042 0.077 0.9114
vn 0.2927 0.0557 0.9546
vn 0.2926 0.0557 0.9546
vn 0.2928 0.0555 0.9546
vn 0.2928 0.0558 0.9546
vn 0.178 0.0337 0.9835
vn 0.1776 0.0337 0.9835
vn 0.1775 0.0338 0.9835
vn 0.1779 0.0338 0.9835
vn 0.0591 0.0112 0.9982
vn -0.8255 0.3883 0.4095
vn -0.8254 0.3884 0.4097
vn -0.7748 0.3645 0.5165
vn -0.7747 0.3646 0.5166
vn -0.7748 0.3646 0.5164
vn -0.7126 0.3353 0.6162
vn -0.6406 0.3015 0.7062
vn -0.5589 0.2629 0.7865
vn -0.5587 0.2629 0.7866
vn -0.5586 0.263 0.7867
vn -0.4688 0.2206 0.8553
vn -0.3722 0.1748 0.9116
vn -0.3721 0.1749 0.9115
vn -0.3722 0.1747 0.9116
vn -0.372 0.1751 0.9116
vn -0.2697 0.1269 0.9546
vn -0.2698 0.1266 0.9546
vn -0.1636 0.0769 0.9835
vn -0.1635 0.0769 0.9835
vn -0.1635 0.0768 0.9835
vn -0.0545 0.0254 0.9982
vn -0.1145 -0.9051 0.4096
vn -0.1143 -0.905 0.4097
vn -0.1142 -0.905 0.4098
vn 0.9081 0.2953 0.297
vn 0.9081 0.2952 0.297
vn 0.8676 0.2818 0.4097
vn 0.8676 0.2819 0.4097
vn 0.8143 0.265 0.5165
vn 0.7493 0.2433 0.6159
vn 0.7492 0.2434 0.616
vn 0.6732 0.2187 0.7063
vn 0.673 0.2189 0.7065
vn 0.6733 0.2186 0.7063
vn 0.6731 0.2188 0.7064
vn 0.5875 0.1907 0.7864
vn 0.5875 0.1907 0.7865
vn 0.5874 0.1909 0.7865
vn 0.5871 0.1911 0.7866
vn 0.4923 0.1601 0.8556
vn 0.4925 0.1601 0.8554
vn 0.4924 0.1599 0.8555
vn 0.4926 0.1597 0.8555
vn 0.3912 0.1271 0.9115
vn 0.3909 0.127 0.9116
vn 0.391 0.127 0.9116
vn 0.2834 0.0921 0.9546
vn 0.2833 0.0926 0.9546
vn 0.2834 0.0922 0.9546
vn 0.1718 0.0558 0.9836
vn 0.1718 0.0558 0.9835
vn 0.0587 0.0246 0.998
vn 0.0572 0.0186 0.9982
vn 0.0588 0.0245 0.998
vn -0.9081 0.2953 0.297
vn -0.9081 0.2955 0.2969
vn -0.8676 0.2818 0.4097
vn -0.8675 0.2823 0.4096
vn -0.8676 0.2819 0.4097
vn -0.8143 0.265 0.5165
vn -0.7492 0.2434 0.616
vn -0.6733 0.2187 0.7063
vn -0.6733 0.219 0.7062
vn -0.6731 0.2188 0.7064
vn -0.6732 0.2187 0.7064
vn -0.5874 0.1907 0.7865
vn -0.5874 0.1904 0.7866
vn -0.5875 0.191 0.7864
vn -0.5873 0.1908 0.7866
vn -0.4923 0.1601 0.8556
vn -0.4924 0.1603 0.8555
vn -0.4923 0.1599 0.8556
vn -0.4926 0.16 0.8554
vn -0.3911 0.1271 0.9115
vn -0.3911 0.1268 0.9116
vn -0.391 0.1271 0.9116
vn -0.391 0.1269 0.9116
vn -0.2834 0.0923 0.9545
vn -0.2835 0.0921 0.9545
vn -0.2833 0.0925 0.9546
vn -0.1719 0.0559 0.9835
vn -0.1718 0.0558 0.9835
vn -0.1717 0.0558 0.9836
vn -0.0619 0.0159 0.998
vn -0.0572 0.0186 0.9982
vn -0.0618 0.016 0.998
vn 0.8901 0.4188 0.1799
vn 0.864 0.4066 0.2968
vn 0.864 0.4066 0.2969
vn 0.8639 0.4065 0.2973
vn 0.8255 0.3883 0.4095
vn 0.8254 0.3884 0.4096
vn 0.8254 0.3884 0.4098
vn 0.8254 0.3884 0.4097
vn 0.7748 0.3645 0.5165
vn 0.7747 0.3647 0.5167
vn 0.7747 0.3646 0.5166
vn 0.7126 0.3353 0.6162
vn 0.6406 0.3015 0.7062
vn 0.5588 0.2629 0.7865
vn 0.5587 0.263 0.7866
vn 0.5587 0.2629 0.7866
vn 0.5586 0.2629 0.7866
vn 0.4688 0.2206 0.8553
vn 0.3721 0.1748 0.9116
vn 0.3719 0.1752 0.9116
vn 0.372 0.175 0.9116
vn 0.3719 0.1751 0.9116
vn 0.2698 0.1266 0.9546
vn 0.2697 0.1269 0.9546
vn 0.1635 0.0769 0.9835
vn 0.0545 0.0254 0.9982
vn -0.9662 0.1844 0.1801
vn -0.9663 0.1842 0.1797
vn -0.9663 0.1843 0.1798
vn -0.9381 0.1788 0.2967
vn -0.9381 0.1787 0.2968
vn -0.938 0.1789 0.297
vn -0.9379 0.1789 0.2971
vn -0.8961 0.171 0.4095
vn -0.8961 0.1709 0.4096
vn -0.8411 0.1604 0.5166
vn -0.8411 0.1605 0.5165
vn -0.8411 0.1603 0.5166
vn -0.841 0.1602 0.5168
vn -0.7738 0.1476 0.616
vn -0.6953 0.1327 0.7063
vn -0.6953 0.1328 0.7063
vn -0.6952 0.1324 0.7065
vn -0.6065 0.1157 0.7867
vn -0.6065 0.1157 0.7866
vn -0.6064 0.1157 0.7867
vn -0.5089 0.0971 0.8554
vn -0.5089 0.0971 0.8553
vn -0.5089 0.0972 0.8553
vn -0.4039 0.0771 0.9116
vn -0.404 0.0771 0.9115
vn -0.404 0.0769 0.9115
vn -0.2927 0.0557 0.9546
vn -0.2927 0.0558 0.9546
vn -0.2928 0.0558 0.9545
vn -0.2927 0.0554 0.9546
vn -0.1776 0.0338 0.9835
vn -0.1775 0.0338 0.9835
vn -0.0591 0.0112 0.9982
vn -0.9663 -0.1842 0.1797
vn -0.9662 -0.1844 0.18
vn -0.9662 -0.1844 0.1801
vn -0.9031 -0.4251 0.0603
vn -0.9032 -0.425 0.0603
vn -0.9032 -0.4249 0.0603
vn -0.9493 -0.3085 0.0603
vn -0.9493 -0.3086 0.0601
vn -0.9355 -0.304 0.1799
vn -0.9356 -0.304 0.1798
vn -0.9662 -0.1844 0.1799
vn -0.9381 -0.1788 0.2967
vn -0.938 -0.1789 0.2969
vn -0.938 -0.1789 0.297
vn -0.8307 -0.5269 0.1799
vn -0.8304 -0.5273 0.1799
vn -0.8306 -0.527 0.1799
vn -0.8901 -0.4188 0.1799
vn -0.8639 -0.4065 0.2973
vn -0.864 -0.4066 0.2969
vn -0.9081 -0.2952 0.297
vn -0.9081 -0.2953 0.297
vn -0.8676 -0.2818 0.4097
vn -0.896 -0.1708 0.4098
vn -0.8961 -0.171 0.4095
vn -0.896 -0.1709 0.4098
vn -0.841 -0.1604 0.5166
vn -0.841 -0.1605 0.5167
vn -0.8411 -0.1603 0.5166
vn -0.8546 -0.0538 0.5165
vn -0.7862 -0.0495 0.616
vn -0.7861 -0.0495 0.6161
vn -0.6833 -0.7276 0.0603
vn -0.6832 -0.7277 0.0602
vn -0.7691 -0.6363 0.0603
vn -0.7581 -0.6268 0.18
vn -0.758 -0.627 0.1799
vn -0.8307 -0.5268 0.18
vn -0.8062 -0.5118 0.2969
vn -0.8061 -0.5117 0.2973
vn -0.8062 -0.5116 0.2972
vn -0.864 -0.4066 0.2968
vn -0.8254 -0.3884 0.4098
vn -0.8254 -0.3884 0.4096
vn -0.8676 -0.2819 0.4097
vn -0.8143 -0.265 0.5165
vn -0.8412 -0.1602 0.5165
vn -0.7738 -0.1476 0.616
vn -0.7863 -0.0495 0.6159
vn -0.7065 -0.0443 0.7063
vn -0.7064 -0.0445 0.7064
vn -0.7066 -0.0442 0.7062
vn -0.4738 -0.8621 0.1798
vn -0.4739 -0.862 0.1798
vn -0.5782 -0.7958 0.1799
vn -0.5781 -0.7959 0.18
vn -0.5616 -0.7723 0.2971
vn -0.5613 -0.7725 0.297
vn -0.6535 -0.6962 0.2971
vn -0.6536 -0.6962 0.297
vn -0.6244 -0.6651 0.4097
vn -0.6244 -0.665 0.4097
vn -0.703 -0.5814 0.4096
vn -0.7032 -0.5812 0.4095
vn -0.6598 -0.5457 0.5166
vn -0.6597 -0.5458 0.5166
vn -0.6597 -0.5457 0.5167
vn -0.723 -0.4588 0.5166
vn -0.7229 -0.4588 0.5167
vn -0.7231 -0.4588 0.5164
vn -0.6651 -0.422 0.616
vn -0.6651 -0.4222 0.616
vn -0.6651 -0.4222 0.6159
vn -0.7126 -0.3353 0.6162
vn -0.6406 -0.3015 0.7062
vn -0.6732 -0.2187 0.7064
vn -0.6732 -0.2187 0.7063
vn -0.6733 -0.2186 0.7063
vn -0.5875 -0.1907 0.7864
vn -0.5875 -0.1907 0.7865
vn -0.5874 -0.1909 0.7865
vn -0.6065 -0.1157 0.7866
vn -0.6064 -0.1156 0.7867
vn -0.6064 -0.1157 0.7867
vn -0.5086 -0.097 0.8555
vn -0.5087 -0.0968 0.8555
vn -0.5088 -0.0971 0.8554
vn -0.5168 -0.0325 0.8555
vn -0.4103 -0.0257 0.9116
vn -0.4103 -0.0258 0.9116
vn -0.4104 -0.0255 0.9115
vn -0.2479 -0.9669 0.0602
vn -0.2482 -0.9668 0.0603
vn -0.2484 -0.9668 0.0602
vn -0.3674 -0.9281 0.0604
vn -0.3677 -0.928 0.0601
vn -0.3676 -0.928 0.0602
vn -0.362 -0.9147 0.1799
vn -0.3617 -0.9147 0.1802
vn -0.3619 -0.9147 0.1799
vn -0.4737 -0.8621 0.18
vn -0.46 -0.8368 0.297
vn -0.5612 -0.7726 0.297
vn -0.5362 -0.738 0.4098
vn -0.5362 -0.738 0.4097
vn -0.6244 -0.665 0.4098
vn -0.5861 -0.6242 0.5166
vn -0.586 -0.6242 0.5167
vn -0.5861 -0.6242 0.5167
vn -0.6596 -0.5458 0.5167
vn -0.6068 -0.5024 0.616
vn -0.6066 -0.5024 0.6161
vn -0.6068 -0.5023 0.616
vn -0.6653 -0.4217 0.6161
vn -0.5978 -0.3791 0.7063
vn -0.5978 -0.3792 0.7063
vn -0.6404 -0.3014 0.7065
vn -0.5586 -0.2629 0.7867
vn -0.5587 -0.263 0.7866
vn -0.5587 -0.2629 0.7866
vn -0.5871 -0.1911 0.7866
vn -0.4923 -0.1601 0.8556
vn -0.4925 -0.1601 0.8554
vn -0.4924 -0.1599 0.8555
vn -0.5089 -0.0971 0.8553
vn -0.404 -0.0774 0.9115
vn -0.4038 -0.0772 0.9116
vn -0.4041 -0.0771 0.9115
vn -0.2974 -0.0185 0.9546
vn -0.2975 -0.0189 0.9545
vn -0.2975 -0.0186 0.9545
vn -0.1233 -0.9759 0.1799
vn -0.123 -0.9759 0.1801
vn -0.2446 -0.9528 0.1798
vn -0.2447 -0.9528 0.1799
vn -0.2445 -0.9528 0.1799
vn -0.2375 -0.9249 0.2969
vn -0.2376 -0.9248 0.297
vn -0.3517 -0.8877 0.297
vn -0.3516 -0.8878 0.2971
vn -0.3358 -0.8482 0.4097
vn -0.336 -0.8482 0.4095
vn -0.4395 -0.7994 0.4097
vn -0.4393 -0.7994 0.4098
vn -0.4127 -0.7503 0.5165
vn -0.4127 -0.7503 0.5164
vn -0.5032 -0.6927 0.5167
vn -0.5036 -0.6926 0.5165
vn -0.5032 -0.6927 0.5166
vn -0.4631 -0.6372 0.6161
vn -0.4632 -0.6372 0.6161
vn -0.5393 -0.5743 0.616
vn -0.5392 -0.5744 0.616
vn -0.5391 -0.5744 0.616
vn -0.4846 -0.5159 0.7064
vn -0.5454 -0.4512 0.7064
vn -0.5453 -0.4512 0.7064
vn -0.4758 -0.3938 0.7865
vn -0.4759 -0.3937 0.7864
vn -0.4756 -0.3938 0.7865
vn -0.5213 -0.3308 0.7866
vn -0.5215 -0.331 0.7864
vn -0.4371 -0.2775 0.8555
vn -0.4374 -0.2776 0.8554
vn -0.4372 -0.2774 0.8555
vn -0.4688 -0.2206 0.8553
vn -0.3721 -0.1748 0.9116
vn -0.3719 -0.1752 0.9116
vn -0.3719 -0.1751 0.9116
vn -0.391 -0.1269 0.9116
vn -0.3912 -0.1271 0.9115
vn -0.391 -0.127 0.9116
vn -0.2834 -0.0921 0.9546
vn -0.2833 -0.0926 0.9546
vn -0.2835 -0.0921 0.9546
vn -0.2928 -0.0558 0.9546
vn -0.2927 -0.0557 0.9546
vn -0.2928 -0.0558 0.9545
vn -0.178 -0.0337 0.9835
vn -0.1776 -0.0337 0.9835
vn -0.1776 -0.0338 0.9835
vn -0.0601 -0.0036 0.9982
vn -0.0638 0 0.998
vn 0.2445 -0.9528 0.1799
vn 0.1231 -0.9759 0.1801
vn 0.123 -0.9759 0.1801
vn 0.1197 -0.9473 0.2972
vn 0.1195 -0.9474 0.2969
vn 0 -0.9549 0.2969
vn 0 -0.9123 0.4096
vn 0 -0.9124 0.4093
vn -0.1074 -0.8494 0.5167
vn -0.1072 -0.8495 0.5166
vn -0.1073 -0.8494 0.5167
vn 0.4809 -0.8747 0.0603
vn 0.4809 -0.8747 0.0602
vn 0.3677 -0.928 0.0604
vn 0.3677 -0.928 0.0601
vn 0.3676 -0.928 0.0602
vn 0.362 -0.9147 0.1799
vn 0.3621 -0.9146 0.1799
vn 0.3619 -0.9147 0.1799
vn 0.2445 -0.9528 0.18
vn 0.2375 -0.9249 0.2969
vn 0.2375 -0.9248 0.2971
vn 0.2376 -0.9249 0.2968
vn 0.1197 -0.9473 0.297
vn 0.1143 -0.905 0.4097
vn 0.1144 -0.905 0.4097
vn 0.1142 -0.905 0.4098
vn 0 -0.8563 0.5165
vn 0 -0.8561 0.5167
vn 0 -0.8562 0.5166
vn -0.1072 -0.8494 0.5167
vn -0.0984 -0.7814 0.6163
vn -0.0986 -0.7815 0.6161
vn 0.6733 -0.7171 0.1801
vn 0.6732 -0.7172 0.18
vn 0.6734 -0.717 0.1798
vn 0.5783 -0.7958 0.1799
vn 0.5781 -0.7959 0.18
vn 0.5783 -0.7957 0.1798
vn 0.5613 -0.7725 0.297
vn 0.5612 -0.7726 0.297
vn 0.46 -0.8368 0.297
vn 0.4396 -0.7993 0.4096
vn 0.4395 -0.7994 0.4097
vn 0.4393 -0.7994 0.4098
vn 0.3359 -0.8481 0.4098
vn 0.3358 -0.8482 0.4097
vn 0.3153 -0.796 0.5167
vn 0.3154 -0.796 0.5167
vn 0.3152 -0.7961 0.5166
vn 0.2134 -0.8292 0.5166
vn 0.2129 -0.8293 0.5166
vn 0.1959 -0.7629 0.6161
vn 0.1959 -0.763 0.616
vn 0.1958 -0.763 0.616
vn 0.0985 -0.7813 0.6163
vn 0.0986 -0.7815 0.616
vn 0.0984 -0.7814 0.6163
vn 0.0887 -0.7021 0.7065
vn 0.0887 -0.7022 0.7064
vn 0 -0.7078 0.7064
vn 0 -0.7081 0.7061
vn 0 -0.6174 0.7866
vn -0.0648 -0.5138 0.8555
vn -0.065 -0.5142 0.8552
vn -0.065 -0.5138 0.8554
vn 0.8428 -0.5349 0.0603
vn 0.8428 -0.5348 0.0603
vn 0.8428 -0.5348 0.0602
vn 0.7691 -0.6363 0.0603
vn 0.769 -0.6364 0.0603
vn 0.7581 -0.6268 0.18
vn 0.7579 -0.6271 0.1798
vn 0.7579 -0.6271 0.1799
vn 0.6733 -0.7171 0.1802
vn 0.6536 -0.6962 0.297
vn 0.6536 -0.6961 0.2971
vn 0.5362 -0.738 0.4098
vn 0.5362 -0.738 0.4097
vn 0.4396 -0.7991 0.4101
vn 0.4127 -0.7503 0.5164
vn 0.4127 -0.7503 0.5165
vn 0.3153 -0.796 0.5166
vn 0.2901 -0.7323 0.6161
vn 0.2898 -0.7327 0.6158
vn 0.2899 -0.7325 0.6159
vn 0.1761 -0.6854 0.7066
vn 0.176 -0.6856 0.7064
vn 0.1761 -0.6856 0.7063
vn 0.0772 -0.6126 0.7866
vn 0.0777 -0.6127 0.7865
vn 0 -0.5179 0.8554
vn 0 -0.518 0.8554
vn -0.0648 -0.5142 0.8552
vn -0.0516 -0.408 0.9115
vn -0.0517 -0.408 0.9115
vn -0.0514 -0.4077 0.9117
vn 0.8901 -0.4188 0.1799
vn 0.8307 -0.5268 0.1798
vn 0.8306 -0.527 0.1799
vn 0.8062 -0.5116 0.2972
vn 0.8061 -0.5118 0.297
vn 0.7359 -0.6085 0.297
vn 0.7359 -0.6086 0.2969
vn 0.7032 -0.5812 0.4095
vn 0.703 -0.5815 0.4096
vn 0.703 -0.5814 0.4096
vn 0.6244 -0.665 0.4098
vn 0.6244 -0.6653 0.4094
vn 0.5859 -0.6241 0.5169
vn 0.5862 -0.6242 0.5165
vn 0.586 -0.6242 0.5167
vn 0.5033 -0.6925 0.5168
vn 0.5032 -0.6928 0.5166
vn 0.5032 -0.6927 0.5166
vn 0.4631 -0.6372 0.6161
vn 0.4631 -0.6372 0.616
vn 0.3791 -0.6905 0.616
vn 0.3794 -0.6902 0.6163
vn 0.3793 -0.6902 0.6162
vn 0.3407 -0.6206 0.7062
vn 0.2605 -0.658 0.7065
vn 0.261 -0.658 0.7064
vn 0.2609 -0.6581 0.7063
vn 0.2274 -0.5742 0.7865
vn 0.2274 -0.5741 0.7866
vn 0.2273 -0.5742 0.7865
vn 0.1537 -0.5981 0.7866
vn 0.1538 -0.598 0.7866
vn 0.1537 -0.598 0.7866
vn 0.1288 -0.5016 0.8555
vn 0.1289 -0.5015 0.8555
vn 0.0649 -0.5141 0.8553
vn 0.0648 -0.5138 0.8554
vn 0.0649 -0.5138 0.8555
vn 0.0516 -0.408 0.9115
vn 0.0517 -0.4079 0.9115
vn 0 -0.4112 0.9115
vn 0 -0.2979 0.9546
vn -0.0226 -0.1793 0.9835
vn -0.0226 -0.1794 0.9835
vn -0.0226 -0.1792 0.9836
vn 0 -0.1806 0.9836
vn 0 -0.1807 0.9835
vn 0.0374 -0.2956 0.9546
vn 0.0372 -0.2956 0.9546
vn 0.0373 -0.2956 0.9546
vn 0.1022 -0.398 0.9117
vn 0.1023 -0.3983 0.9115
vn 0.1021 -0.398 0.9117
vn 0.1287 -0.5016 0.8554
vn 0.1908 -0.4819 0.8552
vn 0.1907 -0.4814 0.8555
vn 0.2273 -0.5743 0.7865
vn 0.2975 -0.5411 0.7866
vn 0.3408 -0.6206 0.7062
vn 0.4163 -0.5726 0.7062
vn 0.4161 -0.5726 0.7064
vn 0.4164 -0.5725 0.7063
vn 0.463 -0.6374 0.616
vn 0.5392 -0.5741 0.6161
vn 0.5391 -0.5744 0.6159
vn 0.5391 -0.5744 0.616
vn 0.5861 -0.6241 0.5167
vn 0.6598 -0.5457 0.5167
vn 0.6597 -0.5458 0.5166
vn 0.703 -0.5813 0.4097
vn 0.7703 -0.4887 0.4097
vn 0.7703 -0.4889 0.4095
vn 0.7701 -0.4887 0.4099
vn 0.8062 -0.5115 0.2973
vn 0.8639 -0.4065 0.2973
vn 0.864 -0.4066 0.2968
vn 0.9355 -0.304 0.1799
vn 0.9493 -0.3086 0.0601
vn 0.9493 -0.3084 0.0603
vn 0.9805 -0.187 0.0603
vn 0.9805 -0.1872 0.06
vn 0.9805 -0.1869 0.0602
vn 0.9817 -0.0618 0.1799
vn 0.9816 -0.0618 0.1804
vn 0.9663 -0.1843 0.1798
vn 0.9662 -0.1844 0.1801
vn 0.9663 -0.1842 0.1797
vn 0.9381 -0.1788 0.2967
vn 0.9381 -0.1787 0.2968
vn 0.938 -0.1789 0.297
vn 0.9081 -0.2955 0.2969
vn 0.9081 -0.2953 0.297
vn 0.8676 -0.2818 0.4097
vn 0.8675 -0.2823 0.4096
vn 0.8676 -0.282 0.4097
vn 0.8254 -0.3884 0.4097
vn 0.8255 -0.3883 0.4095
vn 0.7748 -0.3645 0.5165
vn 0.7747 -0.3646 0.5166
vn 0.7229 -0.4588 0.5166
vn 0.723 -0.4589 0.5164
vn 0.723 -0.4588 0.5164
vn 0.6651 -0.4222 0.616
vn 0.6651 -0.4223 0.6159
vn 0.6651 -0.4221 0.616
vn 0.6069 -0.5021 0.6161
vn 0.6068 -0.5024 0.616
vn 0.6068 -0.5023 0.616
vn 0.5453 -0.4512 0.7064
vn 0.4847 -0.5159 0.7064
vn 0.4843 -0.5162 0.7064
vn 0.4226 -0.4503 0.7865
vn 0.4226 -0.4504 0.7865
vn 0.4227 -0.4502 0.7866
vn 0.363 -0.4995 0.7866
vn 0.3631 -0.4995 0.7866
vn 0.3629 -0.4995 0.7866
vn 0.3045 -0.4191 0.8554
vn 0.3045 -0.4192 0.8553
vn 0.3045 -0.4191 0.8553
vn 0.2496 -0.454 0.8553
vn 0.2497 -0.454 0.8553
vn 0.1979 -0.3605 0.9115
vn 0.1981 -0.3601 0.9117
vn 0.1981 -0.36 0.9117
vn 0.1515 -0.3823 0.9115
vn 0.1512 -0.3822 0.9116
vn 0.1096 -0.2773 0.9545
vn 0.1096 -0.2772 0.9545
vn 0.1097 -0.277 0.9546
vn 0.0741 -0.2887 0.9546
vn 0.0741 -0.2886 0.9546
vn 0.0741 -0.2887 0.9545
vn 0.0449 -0.1749 0.9836
vn 0.0449 -0.175 0.9835
vn 0.023 -0.1797 0.9835
vn 0.0226 -0.1794 0.9835
vn 0.0227 -0.1793 0.9835
vn 0.0117 -0.0627 0.998
vn 0.0076 -0.06 0.9982
vn -0.0037 -0.0637 0.998
vn 0 -0.0601 0.9982
vn 0.9805 0.1869 0.0602
vn 0.9805 0.1869 0.0603
vn 0.9805 0.1873 0.0599
vn 0.9962 0.0627 0.0601
vn 0.9962 0.0628 0.0598
vn 0.9962 0.0627 0.0603
vn 0.9817 0.0618 0.1799
vn 0.9817 0.0618 0.18
vn 0.9531 -0.0599 0.2968
vn 0.9531 -0.0601 0.2966
vn 0.9381 -0.1789 0.2966
vn 0.8961 -0.171 0.4095
vn 0.8961 -0.1709 0.4096
vn 0.8676 -0.2819 0.4097
vn 0.8143 -0.265 0.5165
vn 0.7748 -0.3646 0.5164
vn 0.7126 -0.3353 0.6162
vn 0.6651 -0.422 0.6161
vn 0.5978 -0.3791 0.7063
vn 0.5978 -0.3789 0.7064
vn 0.5978 -0.3792 0.7063
vn 0.5453 -0.4511 0.7065
vn 0.4757 -0.3938 0.7865
vn 0.4758 -0.3936 0.7866
vn 0.4757 -0.3939 0.7865
vn 0.4227 -0.4501 0.7866
vn 0.3547 -0.3777 0.8553
vn 0.3546 -0.3776 0.8554
vn 0.3547 -0.3775 0.8554
vn 0.3045 -0.419 0.8554
vn 0.2417 -0.3326 0.9116
vn 0.2417 -0.3326 0.9115
vn 0.1979 -0.3604 0.9115
vn 0.1434 -0.2612 0.9546
vn 0.1434 -0.2611 0.9546
vn 0.1436 -0.2612 0.9545
vn 0.0666 -0.168 0.9835
vn 0.0665 -0.1679 0.9835
vn 0.015 -0.0586 0.9982
vn 0.362 0.9147 0.1799
vn 0.3617 0.9147 0.1802
vn 0.3619 0.9147 0.1799
vn 0.1251 0.9903 0.0603
vn 0.2483 0.9668 0.0602
vn 0.2484 0.9668 0.0603
vn 0.2483 0.9668 0.0603
vn 0.2447 0.9528 0.1799
vn 0.2446 0.9528 0.1799
vn 0.2444 0.9528 0.1799
vn 0.3622 0.9146 0.1796
vn 0.3516 0.8878 0.2971
vn -0.123 0.9759 0.1801
vn -0.123 0.9759 0.18
vn 0 0.9837 0.18
vn 0 0.9549 0.2969
vn 0.12 0.9473 0.2969
vn 0.1197 0.9473 0.2972
vn 0.1197 0.9473 0.2971
vn 0.1145 0.9051 0.4096
vn 0.1143 0.905 0.4097
vn 0.1142 0.905 0.4098
vn 0.2269 0.8835 0.4098
vn 0.227 0.8835 0.4098
vn 0.2268 0.8836 0.4096
vn 0.2132 0.8293 0.5165
vn 0.2131 0.8293 0.5166
vn 0.2133 0.8293 0.5165
vn 0.3153 0.796 0.5166
vn 0.315 0.7963 0.5165
vn 0.3153 0.796 0.5167
vn 0.2899 0.7326 0.6158
vn 0.2899 0.7324 0.6161
vn 0.2898 0.7326 0.6159
vn 0.3793 0.6903 0.6162
vn 0.3794 0.6902 0.6162
vn 0.3793 0.6902 0.6163
vn 0.3407 0.6206 0.7062
vn 0.3408 0.6206 0.7062
vn 0.4163 0.5725 0.7063
vn 0.4164 0.5725 0.7063
vn 0.363 0.4995 0.7866
vn 0.3631 0.4995 0.7866
vn 0.4228 0.4502 0.7865
vn 0.3547 0.3777 0.8553
vn 0.3546 0.3776 0.8554
vn -0.3676 0.9281 0.0601
vn -0.3675 0.9281 0.0601
vn -0.3677 0.928 0.0601
vn -0.2483 0.9668 0.0604
vn -0.2484 0.9668 0.0603
vn -0.2483 0.9668 0.0603
vn -0.2445 0.9528 0.1799
vn -0.1231 0.9759 0.1801
vn -0.1197 0.9473 0.2972
vn -0.1195 0.9474 0.2969
vn 0 0.9123 0.4096
vn 0.1074 0.8494 0.5167
vn 0.1072 0.8495 0.5166
vn 0.1072 0.8496 0.5163
vn 0.213 0.8293 0.5166
vn 0.1959 0.763 0.616
vn 0.1963 0.7631 0.6158
vn 0.1958 0.7629 0.6161
vn 0.29 0.7325 0.616
vn 0.261 0.658 0.7063
vn 0.2607 0.6581 0.7064
vn 0.2609 0.658 0.7064
vn 0.2975 0.5411 0.7866
vn 0.3045 0.4191 0.8553
vn 0.3045 0.4192 0.8553
vn 0.3548 0.3776 0.8553
vn 0.2818 0.2996 0.9115
vn 0.2815 0.2997 0.9116
vn 0.2815 0.2997 0.9115
vn -0.4738 0.8621 0.1798
vn -0.474 0.8619 0.1801
vn -0.3621 0.9146 0.1799
vn -0.362 0.9147 0.1799
vn -0.3619 0.9147 0.1799
vn -0.3516 0.8878 0.2971
vn -0.3516 0.8878 0.297
vn -0.2375 0.9249 0.297
vn -0.2376 0.9249 0.2968
vn -0.2268 0.8836 0.4096
vn -0.2269 0.8835 0.4097
vn -0.1145 0.905 0.4096
vn -0.1143 0.905 0.4097
vn -0.1144 0.905 0.4097
vn -0.1074 0.8494 0.5167
vn -0.1073 0.8495 0.5166
vn -0.1073 0.8494 0.5167
vn 0 0.8562 0.5166
vn 0 0.7879 0.6159
vn 0 0.7878 0.616
vn 0.0987 0.7815 0.616
vn 0.0986 0.7815 0.616
vn 0.0887 0.7022 0.7064
vn 0.0887 0.7022 0.7065
vn 0.1759 0.6855 0.7065
vn 0.1759 0.6857 0.7063
vn 0.1538 0.598 0.7866
vn 0.1537 0.598 0.7866
vn 0.2272 0.5742 0.7866
vn 0.2274 0.5742 0.7865
vn 0.2273 0.5742 0.7865
vn 0.1907 0.4817 0.8553
vn 0.1908 0.4818 0.8553
vn 0.1907 0.4815 0.8555
vn 0.2496 0.454 0.8553
vn 0.2497 0.454 0.8553
vn 0.198 0.3602 0.9116
vn 0.1979 0.3605 0.9115
vn 0.2418 0.3326 0.9115
vn 0.2414 0.3325 0.9117
vn 0.2417 0.3326 0.9115
vn 0.1752 0.2411 0.9545
vn 0.1751 0.2411 0.9546
vn 0.2041 0.2172 0.9545
vn 0.1236 0.1317 0.9836
vn 0.1235 0.1317 0.9836
vn 0.1064 0.1466 0.9835
vn 0.1061 0.1461 0.9836
vn 0.1062 0.1462 0.9835
vn 0.1751 0.2412 0.9546
vn 0.1439 0.2611 0.9545
vn 0.1436 0.2612 0.9545
vn 0.1434 0.2612 0.9546
vn 0.1515 0.3823 0.9115
vn 0.1512 0.3822 0.9116
vn 0.1908 0.4815 0.8554
vn 0.1289 0.5016 0.8555
vn 0.1288 0.5016 0.8555
vn 0.1536 0.598 0.7866
vn 0.0773 0.6126 0.7866
vn 0.0772 0.6126 0.7866
vn 0.0776 0.6126 0.7866
vn 0.0887 0.7021 0.7065
vn 0 0.7079 0.7063
vn -0.0984 0.7814 0.6162
vn -0.0984 0.7814 0.6163
vn -0.1074 0.8495 0.5166
vn -0.2128 0.8293 0.5167
vn -0.2132 0.8293 0.5165
vn -0.227 0.8835 0.4098
vn -0.336 0.848 0.4098
vn -0.3358 0.8482 0.4097
vn -0.3517 0.8877 0.2971
vn -0.4599 0.8368 0.297
vn -0.46 0.8368 0.297
vn -0.5782 0.7958 0.18
vn -0.5781 0.7959 0.18
vn -0.5868 0.8075 0.0603
vn -0.5867 0.8076 0.0601
vn -0.6834 0.7275 0.0603
vn -0.6832 0.7277 0.06
vn -0.6833 0.7276 0.0602
vn -0.7579 0.6271 0.1799
vn -0.7579 0.6271 0.1798
vn -0.7581 0.6268 0.18
vn -0.6733 0.7171 0.1802
vn -0.6733 0.7171 0.1801
vn -0.6536 0.6962 0.297
vn -0.6536 0.6961 0.2971
vn -0.5613 0.7725 0.297
vn -0.5616 0.7723 0.2971
vn -0.5362 0.738 0.4098
vn -0.5362 0.738 0.4097
vn -0.4396 0.7991 0.4101
vn -0.4396 0.7993 0.4096
vn -0.4393 0.7994 0.4098
vn -0.4127 0.7503 0.5164
vn -0.4127 0.7503 0.5165
vn -0.3153 0.796 0.5166
vn -0.315 0.7963 0.5165
vn -0.3153 0.796 0.5167
vn -0.2899 0.7326 0.6159
vn -0.2898 0.7327 0.6158
vn -0.2899 0.7325 0.6159
vn -0.1959 0.763 0.616
vn -0.1959 0.7629 0.6161
vn -0.1958 0.763 0.616
vn -0.1761 0.6854 0.7066
vn -0.176 0.6856 0.7064
vn -0.1761 0.6856 0.7063
vn -0.0887 0.7022 0.7064
vn -0.0887 0.7021 0.7065
vn -0.0776 0.6126 0.7866
vn -0.0777 0.6127 0.7865
vn -0.0772 0.6126 0.7866
vn 0 0.6174 0.7866
vn 0 0.5182 0.8552
vn 0 0.5179 0.8554
vn 0.0648 0.5142 0.8552
vn 0.0648 0.5138 0.8555
vn 0.065 0.5138 0.8554
vn 0.0516 0.408 0.9115
vn 0.0517 0.408 0.9115
vn 0.0514 0.4077 0.9117
vn 0.1023 0.3983 0.9115
vn 0.1022 0.3983 0.9115
vn 0.1021 0.398 0.9117
vn 0.074 0.2889 0.9545
vn 0.0741 0.2889 0.9545
vn 0.074 0.2887 0.9545
vn 0.1099 0.2774 0.9545
vn 0.1096 0.2773 0.9545
vn 0.1097 0.277 0.9546
vn 0.0665 0.168 0.9835
vn 0.0665 0.1679 0.9836
vn 0.0666 0.168 0.9835
vn 0.087 0.1583 0.9835
vn 0.087 0.1582 0.9836
vn 0.087 0.1583 0.9836
vn 0.0268 0.0579 0.998
vn 0.0291 0.0526 0.9982
vn 0.0267 0.0579 0.998
vn 0.0408 0.0491 0.998
vn 0.0407 0.0491 0.998
vn 0.0352 0.0488 0.9982
vn -0.9032 0.4249 0.0603
vn -0.9032 0.425 0.0603
vn -0.9033 0.4247 0.0601
vn -0.8428 0.5348 0.0603
vn -0.8428 0.5349 0.0603
vn -0.8429 0.5347 0.0603
vn -0.8307 0.5269 0.1799
vn -0.8306 0.527 0.1799
vn -0.758 0.627 0.1799
vn -0.7359 0.6086 0.2969
vn -0.7358 0.6086 0.2969
vn -0.6535 0.6962 0.2969
vn -0.6244 0.6653 0.4094
vn -0.6244 0.6652 0.4095
vn -0.6244 0.6651 0.4096
vn -0.5361 0.7381 0.4096
vn -0.5036 0.6925 0.5166
vn -0.5031 0.693 0.5164
vn -0.5032 0.6927 0.5166
vn -0.4125 0.7503 0.5166
vn -0.3794 0.6902 0.6163
vn -0.3795 0.6899 0.6164
vn -0.3793 0.6902 0.6162
vn -0.29 0.7324 0.616
vn -0.261 0.658 0.7064
vn -0.2605 0.6581 0.7064
vn -0.2604 0.6581 0.7064
vn -0.1538 0.598 0.7866
vn -0.1537 0.598 0.7866
vn -0.0648 0.5138 0.8554
vn -0.0648 0.5139 0.8554
vn -0.0649 0.5138 0.8555
vn 0 0.5184 0.8552
vn 0 0.4112 0.9115
vn 0.0373 0.2956 0.9546
vn 0.0374 0.2956 0.9546
vn 0.0372 0.2956 0.9546
vn 0.0449 0.175 0.9835
vn 0.045 0.175 0.9835
vn 0.0222 0.0559 0.9982
vn -0.9104 -0.0572 0.4097
vn -0.9105 -0.0569 0.4097
vn -0.9104 -0.057 0.4098
vn -0.9531 -0.0599 0.2968
vn -0.953 -0.0599 0.2969
vn -0.953 -0.0601 0.297
vn -0.9817 -0.0618 0.1799
vn -0.9817 -0.0618 0.1801
vn -0.9817 -0.0618 0.18
vn -0.9962 -0.0628 0.0598
vn -0.9962 -0.0627 0.0603
vn -0.9962 -0.0628 0.0602
vn -0.9493 -0.3087 0.0603
vn -0.9805 -0.1872 0.06
vn -0.9805 -0.187 0.0603
vn -0.9805 -0.1869 0.0602
vn -0.9805 -0.1871 0.0601
vn -0.9962 -0.0627 0.0602
vn -0.896 -0.1709 0.4099
vn -0.938 -0.1789 0.2968
vn -0.9082 -0.2951 0.2969
vn -0.9032 -0.425 0.0605
vn -0.8428 -0.5348 0.0602
vn -0.8428 -0.5348 0.0603
vn -0.8428 -0.5349 0.0603
vn -0.8428 -0.5348 0.0601
vn -0.8427 -0.535 0.0602
vn -0.9032 -0.425 0.0604
vn -0.6834 -0.7276 0.0602
vn -0.6832 -0.7277 0.06
vn -0.6733 -0.7171 0.1801
vn -0.6733 -0.7171 0.1799
vn -0.758 -0.6269 0.1802
vn -0.7359 -0.6086 0.2969
vn -0.7358 -0.6086 0.297
vn -0.8063 -0.5115 0.297
vn -0.7703 -0.4889 0.4095
vn -0.7702 -0.4888 0.4098
vn -0.8255 -0.3884 0.4096
vn -0.7748 -0.3645 0.5165
vn -0.7747 -0.3647 0.5167
vn -0.7492 -0.2434 0.616
vn -0.7493 -0.2433 0.6159
vn -0.7737 -0.1475 0.6161
vn -0.6954 -0.1327 0.7063
vn -0.6952 -0.1326 0.7064
vn -0.6953 -0.1328 0.7063
vn -0.6163 -0.0388 0.7866
vn -0.6163 -0.0388 0.7865
vn -0.6164 -0.0387 0.7865
vn -0.6163 -0.039 0.7866
vn -0.6065 -0.1156 0.7866
vn -0.6953 -0.1326 0.7064
vn -0.7747 -0.3646 0.5166
vn -0.7228 -0.459 0.5166
vn -0.7703 -0.4886 0.4097
vn -0.703 -0.5813 0.4097
vn -0.7359 -0.6085 0.2969
vn -0.6537 -0.6961 0.2969
vn -0.6734 -0.7171 0.18
vn -0.5784 -0.7958 0.1796
vn -0.5868 -0.8075 0.0602
vn -0.4809 -0.8747 0.0602
vn -0.4809 -0.8747 0.0603
vn -0.4809 -0.8747 0.0604
vn -0.5865 -0.8077 0.0604
vn -0.2975 -0.0187 0.9545
vn -0.2926 -0.0557 0.9546
vn -0.4042 -0.077 0.9114
vn -0.3909 -0.127 0.9116
vn -0.4926 -0.1597 0.8555
vn -0.4688 -0.2204 0.8554
vn -0.5588 -0.2629 0.7866
vn -0.5213 -0.3309 0.7866
vn -0.5976 -0.3793 0.7064
vn -0.5453 -0.4512 0.7065
vn -0.607 -0.5023 0.6158
vn -0.5392 -0.5742 0.6161
vn -0.5861 -0.624 0.5168
vn -0.5033 -0.6927 0.5166
vn -0.4599 -0.8368 0.297
vn -0.3622 -0.9146 0.1796
vn -0.2484 -0.9668 0.0601
vn 0 -0.9982 0.0601
vn 0 -0.9982 0.0604
vn -0.1252 -0.9903 0.0603
vn -0.1251 -0.9903 0.0603
vn -0.125 -0.9903 0.0603
vn -0.1251 -0.9903 0.06
vn -0.125 -0.9903 0.0604
vn -0.2482 -0.9668 0.0602
vn -0.1197 -0.9473 0.2971
vn -0.12 -0.9473 0.2969
vn -0.1197 -0.9473 0.2972
vn 0 -0.9837 0.18
vn 0.123 -0.9759 0.18
vn 0.1251 -0.9903 0.0603
vn 0.1251 -0.9903 0.06
vn 0.125 -0.9903 0.0602
vn 0.3674 -0.9281 0.0601
vn 0.2484 -0.9668 0.0602
vn 0.2482 -0.9668 0.0603
vn 0.2479 -0.9669 0.0602
vn 0.2484 -0.9668 0.0601
vn 0.2482 -0.9668 0.0602
vn 0.125 -0.9903 0.0604
vn 0.4809 -0.8747 0.0604
vn 0.4738 -0.8621 0.1798
vn 0.474 -0.8619 0.1801
vn 0.3516 -0.8878 0.2971
vn 0.3516 -0.8878 0.297
vn 0.2375 -0.9249 0.297
vn 0.2268 -0.8836 0.4096
vn 0.2269 -0.8835 0.4097
vn 0.1145 -0.905 0.4096
vn 0.1074 -0.8494 0.5167
vn 0.1073 -0.8495 0.5166
vn 0.1073 -0.8494 0.5167
vn 0 -0.7879 0.6159
vn 0 -0.7878 0.616
vn -0.0987 -0.7815 0.616
vn -0.0887 -0.7022 0.7064
vn -0.0887 -0.7022 0.7065
vn -0.0887 -0.7021 0.7065
vn 0 -0.7079 0.7063
vn 0.0984 -0.7814 0.6162
vn 0.1074 -0.8495 0.5166
vn 0.2128 -0.8293 0.5167
vn 0.227 -0.8835 0.4098
vn 0.336 -0.848 0.4098
vn 0.3517 -0.8877 0.2971
vn 0.4599 -0.8368 0.297
vn 0.5782 -0.7958 0.18
vn 0.5868 -0.8075 0.0604
vn 0.7692 -0.6362 0.0603
vn 0.6833 -0.7277 0.0602
vn 0.6833 -0.7276 0.0603
vn 0.6832 -0.7277 0.06
vn 0.6834 -0.7276 0.0602
vn 0 -0.5184 0.8552
vn 0.0648 -0.5139 0.8554
vn 0.1758 -0.6857 0.7063
vn 0.2606 -0.6581 0.7064
vn 0.29 -0.7325 0.616
vn 0.3795 -0.6899 0.6164
vn 0.4123 -0.7503 0.5167
vn 0.5033 -0.6926 0.5166
vn 0.5361 -0.7381 0.4096
vn 0.6244 -0.665 0.4097
vn 0.6535 -0.6962 0.2969
vn 0.7358 -0.6086 0.2969
vn 0.758 -0.627 0.1799
vn 0.8428 -0.5348 0.0601
vn 0.9493 -0.3085 0.0603
vn 0.9032 -0.4249 0.0603
vn 0.9032 -0.425 0.0603
vn 0.9032 -0.425 0.0605
vn 0.9032 -0.425 0.0604
vn 0.8427 -0.535 0.0602
vn 0 -0.1809 0.9835
vn 0.0226 -0.1793 0.9835
vn 0.0372 -0.2957 0.9546
vn 0.1511 -0.3821 0.9117
vn 0.1908 -0.4813 0.8555
vn 0.2974 -0.5412 0.7865
vn 0.4845 -0.516 0.7064
vn 0.5392 -0.5744 0.6159
vn 0.6069 -0.5023 0.6159
vn 0.7229 -0.4589 0.5165
vn 0.7702 -0.4887 0.4098
vn 0.8254 -0.3884 0.4098
vn 0.8639 -0.4066 0.2972
vn 0.9081 -0.2951 0.2972
vn 0.9355 -0.304 0.1798
vn 0.9663 -0.1844 0.1799
vn -0.0076 -0.06 0.9982
vn -0.2268 -0.8836 0.4096
vn -0.2271 -0.8836 0.4094
vn -0.2132 -0.8293 0.5165
vn -0.2131 -0.8293 0.5166
vn -0.2133 -0.8293 0.5165
vn -0.213 -0.8293 0.5166
vn -0.1959 -0.763 0.616
vn -0.1963 -0.7631 0.6158
vn -0.1958 -0.7629 0.6161
vn -0.1958 -0.763 0.6161
vn -0.1759 -0.6857 0.7063
vn -0.1761 -0.6856 0.7064
vn -0.1761 -0.6857 0.7063
vn -0.1759 -0.6855 0.7065
vn -0.1538 -0.598 0.7866
vn -0.1537 -0.598 0.7866
vn -0.1536 -0.598 0.7866
vn -0.1288 -0.5016 0.8555
vn -0.1289 -0.5016 0.8555
vn -0.1287 -0.5016 0.8555
vn -0.1022 -0.3983 0.9115
vn -0.1023 -0.3983 0.9115
vn -0.074 -0.289 0.9545
vn -0.0741 -0.2889 0.9545
vn -0.074 -0.2887 0.9545
vn -0.0449 -0.175 0.9835
vn -0.045 -0.175 0.9835
vn -0.0449 -0.1749 0.9836
vn -0.015 -0.0586 0.9982
vn 0.9962 0.0627 0.0602
vn 0.9962 -0.0628 0.0598
vn 0.9962 -0.0628 0.0602
vn 0.9962 -0.0627 0.0603
vn 0.9962 -0.0627 0.0602
vn 0.9805 -0.1871 0.0601
vn 0.9805 0.187 0.0604
vn 0.9805 0.1872 0.0601
vn 0.9663 0.1842 0.1797
vn 0.9662 0.1844 0.18
vn 0.9662 0.1844 0.1801
vn 0.9531 0.0599 0.2968
vn 0.953 0.0601 0.297
vn 0.953 -0.0596 0.297
vn 0.9104 -0.0574 0.4097
vn 0.9105 -0.057 0.4095
vn 0.9104 -0.0572 0.4097
vn 0.896 -0.1709 0.4098
vn 0.8411 -0.1604 0.5166
vn 0.8411 -0.1605 0.5165
vn 0.8411 -0.1603 0.5166
vn 0.7492 -0.2434 0.616
vn 0.7128 -0.3354 0.616
vn 0.6406 -0.3015 0.7062
vn 0.5978 -0.3794 0.7062
vn 0.5215 -0.331 0.7864
vn 0.5215 -0.331 0.7865
vn 0.3992 -0.3302 0.8553
vn 0.3991 -0.3302 0.8554
vn 0.399 -0.3303 0.8554
vn 0.3547 -0.3776 0.8553
vn 0.2817 -0.2996 0.9115
vn 0.2815 -0.2996 0.9116
vn 0.2812 -0.2996 0.9117
vn 0.1752 -0.2411 0.9546
vn 0.1751 -0.2412 0.9545
vn 0.087 -0.1583 0.9835
vn 0.087 -0.1584 0.9835
vn 0.0871 -0.1583 0.9835
vn 0.0666 -0.1682 0.9835
vn 0.0268 -0.0579 0.998
vn 0.0222 -0.0559 0.9982
vn 0.9493 0.3084 0.0603
vn 0.9493 0.3086 0.0602
vn 0.9355 0.304 0.1799
vn 0.9356 0.304 0.1798
vn 0.9662 0.1844 0.1799
vn 0.9381 0.1788 0.2967
vn 0.938 0.1789 0.2969
vn 0.938 0.1789 0.297
vn 0.953 0.06 0.297
vn 0.9104 0.0572 0.4097
vn 0.9104 0.057 0.4098
vn 0.8546 -0.0535 0.5165
vn 0.8545 -0.0538 0.5166
vn 0.8546 -0.0536 0.5165
vn 0.841 -0.1602 0.5168
vn 0.7738 -0.1476 0.616
vn 0.7737 -0.1475 0.6161
vn 0.6733 -0.2187 0.7063
vn 0.6733 -0.219 0.7062
vn 0.6733 -0.2186 0.7064
vn 0.5586 -0.2629 0.7867
vn 0.5587 -0.2629 0.7866
vn 0.5586 -0.263 0.7867
vn 0.5213 -0.3307 0.7867
vn 0.4372 -0.2775 0.8555
vn 0.4371 -0.2775 0.8555
vn 0.4372 -0.2774 0.8555
vn 0.3167 -0.2622 0.9116
vn 0.3168 -0.262 0.9116
vn 0.3167 -0.2623 0.9115
vn 0.2815 -0.3 0.9115
vn 0.204 -0.2173 0.9546
vn 0.204 -0.2174 0.9545
vn 0.2043 -0.2169 0.9546
vn 0.1753 -0.2409 0.9546
vn 0.1063 -0.1465 0.9835
vn 0.1064 -0.1465 0.9835
vn 0.1062 -0.1462 0.9835
vn 0.087 -0.1583 0.9836
vn 0.0292 -0.053 0.9982
vn 0.9033 0.4247 0.0601
vn 0.9082 0.2951 0.2969
vn 0.938 0.1789 0.2968
vn 0.896 0.1709 0.4098
vn 0.8546 0.0536 0.5165
vn 0.8545 -0.0538 0.5167
vn 0.7863 -0.0495 0.6158
vn 0.6953 -0.1328 0.7063
vn 0.6732 -0.2187 0.7064
vn 0.5874 -0.1904 0.7866
vn 0.3168 -0.2622 0.9115
vn 0.2041 -0.2171 0.9546
vn 0.1061 -0.1463 0.9835
vn 0.0352 -0.0488 0.9982
vn 0.0522 0.0363 0.998
vn 0.051 0.0324 0.9982
vn 0.1525 0.097 0.9835
vn 0.1525 0.0969 0.9835
vn 0.1526 0.0969 0.9835
vn 0.1524 0.0967 0.9836
vn 0.2514 0.1598 0.9546
vn 0.2513 0.1599 0.9546
vn 0.2516 0.1596 0.9546
vn 0.3473 0.2202 0.9115
vn 0.3472 0.2203 0.9115
vn 0.3472 0.2203 0.9116
vn 0.4372 0.2774 0.8555
vn 0.4371 0.2775 0.8555
vn 0.5215 0.331 0.7864
vn 0.5214 0.331 0.7865
vn 0.5213 0.3308 0.7866
vn 0.5978 0.3792 0.7063
vn 0.5976 0.3793 0.7064
vn 0.5978 0.3791 0.7063
vn 0.6651 0.4221 0.616
vn 0.6651 0.4222 0.616
vn 0.7231 0.4588 0.5164
vn 0.723 0.4588 0.5165
vn 0.723 0.4588 0.5164
vn 0.7228 0.459 0.5166
vn 0.7702 0.4889 0.4095
vn 0.7703 0.4886 0.4097
vn 0.7702 0.4888 0.4098
vn 0.8062 0.5118 0.2969
vn 0.8063 0.5115 0.297
vn 0.8062 0.5116 0.2972
vn 0.8062 0.5117 0.297
vn 0.8306 0.527 0.1799
vn 0.8307 0.5268 0.18
vn 0.8307 0.5269 0.1799
vn 0.8428 0.5349 0.0603
vn 0.8428 0.5348 0.0603
vn 0.8426 0.5351 0.0603
vn 0.6832 0.7277 0.06
vn 0.6834 0.7275 0.0603
vn 0.6833 0.7276 0.0602
vn 0.5391 0.5744 0.616
vn 0.5392 0.5744 0.616
vn 0.5394 0.5743 0.6158
vn 0.5861 0.6242 0.5167
vn 0.5861 0.624 0.5168
vn 0.5861 0.6242 0.5166
vn 0.586 0.6242 0.5167
vn 0.6244 0.665 0.4098
vn 0.6243 0.6653 0.4095
vn 0.6244 0.6652 0.4093
vn 0.6536 0.6962 0.297
vn 0.6535 0.6962 0.2971
vn 0.6537 0.6961 0.2969
vn 0.6733 0.7171 0.1801
vn 0.6734 0.7171 0.18
vn 0.6732 0.7172 0.1802
vn 0.6832 0.7278 0.0602
vn 0.6832 0.7277 0.0603
vn 0.5032 0.6927 0.5166
vn 0.5036 0.6926 0.5165
vn 0.5033 0.6927 0.5166
vn 0.5362 0.738 0.4098
vn 0.5362 0.738 0.4097
vn 0.5613 0.7725 0.297
vn 0.5612 0.7726 0.297
vn 0.5783 0.7957 0.1798
vn 0.5784 0.7957 0.1798
vn 0.5784 0.7958 0.1796
vn 0.5868 0.8075 0.0603
vn 0.5867 0.8076 0.0604
vn 0.4393 0.7994 0.4098
vn 0.46 0.8368 0.297
vn 0.4599 0.8368 0.297
vn 0.474 0.8619 0.18
vn 0.4737 0.8621 0.18
vn 0.4738 0.8621 0.1798
vn 0.4739 0.862 0.18
vn 0.4808 0.8748 0.0601
vn 0.4809 0.8747 0.0603
vn 0.4808 0.8748 0.0603
vn 0.248 0.9669 0.0605
vn 0.3677 0.928 0.0601
vn 0.3675 0.9281 0.0602
vn 0.3676 0.9281 0.0601
vn 0.3673 0.9281 0.0604
vn 0.1253 0.9903 0.0605
vn 0.1233 0.9759 0.1799
vn 0.2446 0.9528 0.1798
vn 0.2374 0.9248 0.2972
vn 0.2376 0.9248 0.297
vn 0.3517 0.8877 0.297
vn 0.3358 0.8482 0.4097
vn 0.336 0.8482 0.4095
vn 0.4395 0.7994 0.4097
vn 0.4123 0.7503 0.5167
vn 0.4127 0.7503 0.5165
vn 0.4127 0.7503 0.5164
vn 0.5032 0.6927 0.5167
vn 0.4629 0.6374 0.616
vn 0.4631 0.6372 0.6161
vn 0.4632 0.6372 0.6161
vn 0.5393 0.5743 0.616
vn 0.4846 0.5159 0.7064
vn 0.4843 0.5162 0.7064
vn 0.4162 0.5725 0.7064
vn 0.4632 0.6371 0.616
vn 0.3797 0.6902 0.616
vn 0.4125 0.7503 0.5166
vn 0.315 0.7963 0.5164
vn 0.336 0.8481 0.4096
vn 0.2269 0.8835 0.4097
vn 0.2375 0.9249 0.297
vn 0.1196 0.9473 0.2971
vn 0.1231 0.9759 0.18
vn 0 0.9971 0.0765
vn -0.248 0.9669 0.06
vn -0.1251 0.9903 0.0603
vn -0.1253 0.9903 0.0605
vn -0.0318 0.9977 0.0601
vn 0.2814 0.2998 0.9116
vn 0.2417 0.3326 0.9116
vn 0.3045 0.419 0.8554
vn 0.2494 0.454 0.8554
vn 0.2974 0.5412 0.7866
vn 0.2275 0.5742 0.7865
vn 0.2606 0.658 0.7065
vn 0.176 0.6856 0.7064
vn 0.1958 0.763 0.6161
vn 0.0987 0.7816 0.616
vn 0.1072 0.8494 0.5167
vn -0.1197 0.9473 0.297
vn -0.2448 0.9528 0.1796
vn -0.3622 0.9146 0.1799
vn -0.3673 0.9281 0.0604
vn -0.5866 0.8076 0.0602
vn -0.4808 0.8748 0.0601
vn -0.4809 0.8747 0.0603
vn -0.4808 0.8748 0.0603
vn 0.1061 0.1462 0.9836
vn 0.087 0.1584 0.9835
vn 0.1098 0.277 0.9546
vn 0.1511 0.3821 0.9117
vn 0.1287 0.5016 0.8555
vn 0.065 0.5141 0.8553
vn 0 0.7081 0.7061
vn -0.0887 0.7023 0.7064
vn -0.0985 0.7813 0.6163
vn -0.196 0.7629 0.6161
vn -0.2134 0.8292 0.5166
vn -0.3154 0.796 0.5167
vn -0.3359 0.848 0.4099
vn -0.4394 0.7995 0.4096
vn -0.5782 0.7958 0.1799
vn -0.6732 0.7172 0.18
vn -0.6832 0.7278 0.0602
vn 0.0414 0.044 0.9982
vn 0.7581 0.6268 0.18
vn 0.758 0.627 0.1799
vn 0.758 0.6269 0.1802
vn 0.7359 0.6086 0.2969
vn 0.7358 0.6086 0.297
vn 0.7359 0.6085 0.2969
vn 0.7032 0.5812 0.4095
vn 0.7028 0.5816 0.4097
vn 0.703 0.5814 0.4096
vn 0.7028 0.5815 0.4097
vn 0.6598 0.5457 0.5166
vn 0.6597 0.5458 0.5166
vn 0.6597 0.5457 0.5167
vn 0.6597 0.5458 0.5167
vn 0.6068 0.5024 0.616
vn 0.6066 0.5024 0.6161
vn 0.6068 0.5023 0.616
vn 0.607 0.5023 0.6158
vn 0.5453 0.4512 0.7064
vn 0.5453 0.4512 0.7065
vn 0.5454 0.4512 0.7064
vn 0.4758 0.3938 0.7865
vn 0.4759 0.3937 0.7864
vn 0.4756 0.3938 0.7865
vn 0.4758 0.3936 0.7866
vn 0.399 0.3303 0.8554
vn 0.3992 0.3302 0.8553
vn 0.3991 0.3303 0.8554
vn 0.3166 0.2625 0.9115
vn 0.3167 0.2621 0.9116
vn 0.3167 0.2619 0.9117
vn 0.2298 0.1901 0.9545
vn 0.2295 0.1899 0.9546
vn 0.1393 0.1152 0.9835
vn 0.1396 0.1155 0.9835
vn 0.1395 0.1155 0.9835
vn 0.1393 0.1153 0.9835
vn 0.0463 0.0384 0.9982
vn -0.7691 0.6363 0.0603
vn -0.7692 0.6362 0.0603
vn -0.6832 0.7277 0.0603
vn -0.9032 0.4249 0.06
vn -0.8901 0.4188 0.1799
vn -0.8307 0.5268 0.1798
vn -0.8062 0.5116 0.2972
vn -0.8061 0.5118 0.297
vn -0.7359 0.6085 0.297
vn -0.703 0.5814 0.4096
vn -0.703 0.5815 0.4096
vn -0.6244 0.665 0.4098
vn -0.5859 0.6241 0.5169
vn -0.5862 0.6242 0.5165
vn -0.586 0.6242 0.5167
vn -0.5033 0.6925 0.5168
vn -0.4631 0.6372 0.6161
vn -0.4631 0.6372 0.616
vn -0.3791 0.6905 0.616
vn -0.3407 0.6206 0.7062
vn -0.2605 0.658 0.7065
vn -0.2274 0.5742 0.7865
vn -0.2274 0.5741 0.7866
vn -0.2273 0.5742 0.7865
vn -0.1537 0.5981 0.7866
vn -0.1288 0.5016 0.8555
vn -0.1289 0.5015 0.8555
vn -0.0649 0.5141 0.8553
vn -0.0516 0.408 0.9115
vn -0.0517 0.4079 0.9115
vn 0 0.2979 0.9546
vn 0.0226 0.1793 0.9835
vn 0.0226 0.1794 0.9835
vn 0.0117 0.0627 0.998
vn 0.015 0.0586 0.9982
vn -0.9493 0.3085 0.0603
vn -0.9355 0.304 0.1799
vn -0.864 0.4066 0.2969
vn -0.864 0.4066 0.297
vn -0.8639 0.4065 0.2973
vn -0.8062 0.5115 0.2973
vn -0.7702 0.4888 0.4098
vn -0.7703 0.4887 0.4097
vn -0.703 0.5813 0.4097
vn -0.6598 0.5457 0.5167
vn -0.6597 0.5458 0.5166
vn -0.5861 0.6241 0.5167
vn -0.5391 0.5744 0.616
vn -0.5392 0.5741 0.6161
vn -0.5391 0.5744 0.6159
vn -0.463 0.6374 0.616
vn -0.4164 0.5725 0.7063
vn -0.4163 0.5726 0.7062
vn -0.4164 0.5724 0.7063
vn -0.3409 0.6203 0.7064
vn -0.2975 0.5411 0.7866
vn -0.2972 0.5413 0.7865
vn -0.2974 0.5412 0.7865
vn -0.2273 0.5743 0.7865
vn -0.1907 0.4818 0.8553
vn -0.1908 0.4819 0.8552
vn -0.1287 0.5016 0.8554
vn -0.1021 0.398 0.9117
vn -0.1022 0.3983 0.9115
vn -0.1023 0.3983 0.9115
vn -0.0373 0.2956 0.9546
vn -0.0375 0.2959 0.9545
vn -0.0372 0.2956 0.9546
vn 0 0.1806 0.9836
vn 0 0.1807 0.9835
vn 0.0226 0.1792 0.9836
vn 0.0076 0.0601 0.9982
vn -0.9805 0.1869 0.0603
vn -0.9805 0.1873 0.0599
vn -0.9663 0.1844 0.1799
vn -0.9355 0.304 0.1798
vn -0.9081 0.2951 0.2972
vn -0.8639 0.4066 0.2972
vn -0.8253 0.3884 0.4099
vn -0.7702 0.4888 0.4097
vn -0.723 0.4591 0.5162
vn -0.6597 0.5459 0.5165
vn -0.6069 0.5023 0.6159
vn -0.5393 0.5743 0.616
vn -0.4161 0.5726 0.7064
vn -0.0372 0.2957 0.9546
vn -0.0226 0.1793 0.9835
vn 0 0.0601 0.9982
vn -0.0601 0.0036 0.9982
vn -0.1802 0.0113 0.9836
vn -0.2974 0.0189 0.9546
vn -0.2975 0.0187 0.9545
vn -0.2974 0.0185 0.9546
vn -0.4103 0.0259 0.9116
vn -0.4103 0.0257 0.9116
vn -0.4104 0.0257 0.9115
vn -0.4104 0.0258 0.9115
vn -0.5168 0.0326 0.8555
vn -0.5168 0.0325 0.8555
vn -0.5168 0.0327 0.8555
vn -0.6165 0.0387 0.7864
vn -0.6163 0.0388 0.7866
vn -0.6164 0.0386 0.7865
vn -0.6163 0.0387 0.7866
vn -0.7065 0.0442 0.7063
vn -0.7064 0.0439 0.7064
vn -0.7066 0.0443 0.7062
vn -0.7067 0.0446 0.7061
vn -0.7862 0.0495 0.616
vn -0.8545 0.0538 0.5166
vn -0.8545 0.0538 0.5167
vn -0.8546 0.0535 0.5165
vn -0.9104 0.0572 0.4097
vn -0.9104 0.0574 0.4097
vn -0.9105 0.057 0.4095
vn -0.9531 0.0599 0.2968
vn -0.953 0.0596 0.297
vn -0.9531 0.0601 0.2966
vn -0.9817 0.0618 0.1799
vn -0.9816 0.0618 0.1804
vn -0.9962 0.0627 0.0602
vn -0.9962 0.0627 0.0599
vn -0.1231 -0.9759 0.18
vn -0.1196 -0.9473 0.2971
vn -0.2373 -0.9249 0.2972
vn -0.2269 -0.8835 0.4097
vn -0.3356 -0.8482 0.4098
vn -0.3152 -0.7961 0.5166
vn -0.4128 -0.7503 0.5164
vn -0.3797 -0.6902 0.616
vn -0.4632 -0.6371 0.616
vn -0.4162 -0.5725 0.7064
vn -0.4225 -0.4503 0.7866
vn -0.4757 -0.3937 0.7866
vn -0.3472 -0.2203 0.9116
vn -0.372 -0.175 0.9116
vn -0.2833 -0.0925 0.9546
vn -0.0591 -0.0112 0.9982
usemtl white_head
s 1
f 3//1 2//1 1//1
f 4//1 2//1 3//1
f 5//1 4//1 3//1
f 7//1 3//1 6//1
f 3//1 9//1 8//1
f 10//1 9//1 3//1
f 1//1 10//1 3//1
f 3//1 11//1 5//1
f 12//1 11//1 3//1
f 13//1 12//1 3//1
f 3//1 15//1 14//1
f 16//1 15//1 3//1
f 17//1 16//1 3//1
f 20//1 19//1 18//1
f 3//1 21//1 13//1
f 22//1 21//1 3//1
f 23//1 22//1 3//1
f 3//1 24//1 17//1
f 18//1 24//1 3//1
f 25//1 18//1 3//1
f 20//1 18//1 25//1
f 6//1 26//1 7//1
f 27//1 26//1 6//1
f 28//1 27//1 6//1
f 3//1 29//1 6//1
f 30//1 29//1 3//1
f 31//1 30//1 3//1
f 3//1 32//1 23//1
f 33//1 32//1 3//1
f 14//1 33//1 3//1
f 3//1 34//1 31//1
f 35//1 34//1 3//1
f 8//1 35//1 3//1
f 1//2 37//3 36//2
f 38//4 37//4 1//4
f 39//2 1//2 36//2
f 10//5 1//5 39//5
f 40//6 10//6 39//6
f 10//7 41//7 9//7
f 42//8 41//9 10//8
f 40//10 42//8 10//8
f 8//13 44//12 43//11
f 45//16 44//15 8//14
f 9//17 45//16 8//14
f 46//20 45//19 9//18
f 41//21 46//20 9//18
f 47//13 8//13 43//11
f 35//22 8//22 47//22
f 48//24 35//23 47//23
f 49//23 35//23 48//24
f 34//25 35//25 49//25
f 50//26 34//26 49//26
f 34//27 51//27 31//27
f 52//30 51//29 34//28
f 50//30 52//30 34//28
f 31//31 53//31 30//31
f 54//32 53//33 31//32
f 51//33 54//32 31//32
f 29//36 56//35 55//34
f 57//37 56//37 29//37
f 30//38 57//38 29//38
f 58//40 57//40 30//39
f 53//40 58//40 30//39
f 59//41 29//36 55//34
f 6//42 29//42 59//42
f 60//45 6//44 59//43
f 61//45 6//44 60//45
f 28//47 6//47 61//46
f 62//46 28//47 61//46
f 28//48 63//48 27//48
f 64//49 63//49 28//49
f 62//49 64//49 28//49
f 26//51 66//50 65//50
f 67//52 66//52 26//52
f 27//53 67//53 26//53
f 68//56 67//55 27//54
f 63//57 68//56 27//54
f 69//58 26//51 65//50
f 7//59 26//59 69//59
f 70//62 7//61 69//60
f 71//63 7//61 70//62
f 3//64 7//64 71//64
f 72//67 3//66 71//65
f 73//65 3//66 72//67
f 25//68 3//68 73//68
f 74//69 25//69 73//69
f 25//70 75//70 20//70
f 76//73 75//72 25//71
f 74//74 76//73 25//71
f 19//76 78//75 77//75
f 79//77 78//77 19//77
f 20//77 79//77 19//77
f 80//79 79//79 20//78
f 75//80 80//79 20//78
f 81//81 19//76 77//75
f 18//82 19//82 81//82
f 82//85 18//84 81//83
f 83//86 18//84 82//85
f 24//87 18//87 83//87
f 84//88 24//88 83//88
f 24//89 85//89 17//89
f 86//92 85//91 24//90
f 84//91 86//92 24//90
f 17//93 87//93 16//93
f 88//96 87//95 17//94
f 85//97 88//96 17//94
f 15//100 90//99 89//98
f 91//101 90//101 15//101
f 16//102 91//102 15//102
f 92//104 91//104 16//103
f 87//105 92//104 16//103
f 93//106 15//100 89//98
f 14//107 15//107 93//107
f 94//108 14//108 93//108
f 95//108 14//108 94//108
f 33//111 14//110 95//109
f 96//112 33//111 95//109
f 33//113 97//113 32//113
f 98//116 97//115 33//114
f 96//116 98//116 33//114
f 23//118 100//117 99//117
f 101//119 100//119 23//119
f 32//120 101//120 23//120
f 102//123 101//122 32//121
f 97//124 102//123 32//121
f 103//117 23//118 99//117
f 22//125 23//125 103//125
f 104//127 22//127 103//126
f 105//126 22//127 104//127
f 21//128 22//128 105//128
f 106//131 21//130 105//129
f 107//131 21//130 106//131
f 13//132 21//132 107//132
f 108//133 13//133 107//133
f 13//134 109//134 12//134
f 110//136 109//135 13//135
f 108//135 110//136 13//135
f 11//139 112//138 111//137
f 113//141 112//141 11//140
f 12//142 113//141 11//140
f 114//145 113//144 12//143
f 109//143 114//145 12//143
f 115//146 11//139 111//137
f 5//147 11//147 115//147
f 116//149 5//149 115//148
f 117//150 5//149 116//149
f 4//151 5//151 117//151
f 118//152 4//152 117//152
f 38//153 119//153 37//153
f 120//154 119//154 38//154
f 4//155 120//155 38//155
f 121//156 120//157 4//156
f 118//156 121//156 4//156
f 123//160 122//159 99//158
f 125//163 124//162 104//161
f 128//164 127//164 126//164
f 130//166 129//165 48//165
f 132//168 131//167 52//167
f 134//170 133//170 54//169
f 136//173 135//172 70//171
f 138//176 137//175 88//174
f 141//179 140//178 139//177
f 144//181 143//180 142//180
f 147//182 146//183 145//182
f 148//186 139//185 140//184
f 148//189 142//188 143//187
f 148//192 145//191 146//190
f 151//193 150//194 149//193
f 153//195 147//196 152//195
f 146//197 147//197 153//197
f 154//197 146//197 153//197
f 148//200 146//199 154//198
f 156//202 144//201 155//201
f 143//205 144//204 156//203
f 157//206 143//205 156//203
f 148//209 143//208 157//207
f 159//212 141//211 158//210
f 140//215 141//214 159//213
f 160//214 140//215 159//213
f 148//186 140//184 160//216
f 162//218 152//218 161//217
f 153//220 152//219 162//219
f 163//221 153//220 162//219
f 154//224 153//223 163//222
f 164//225 154//224 163//222
f 148//200 154//198 164//226
f 167//229 166//228 165//227
f 169//232 155//231 168//230
f 156//235 155//234 169//233
f 170//236 156//235 169//233
f 157//239 156//238 170//237
f 171//237 157//239 170//237
f 148//209 157//207 171//240
f 174//243 173//242 172//241
f 176//246 158//245 175//244
f 159//249 158//248 176//247
f 177//249 159//249 176//247
f 160//250 159//250 177//250
f 178//250 160//250 177//250
f 148//186 160//216 178//251
f 180//254 161//253 179//252
f 162//256 161//256 180//255
f 181//257 162//256 180//255
f 163//259 162//258 181//258
f 182//259 163//259 181//258
f 164//262 163//261 182//260
f 183//263 164//262 182//260
f 148//266 164//265 183//264
f 185//267 168//267 184//267
f 169//270 168//269 185//268
f 186//271 169//270 185//268
f 170//273 169//272 186//272
f 187//272 170//273 186//272
f 171//275 170//275 187//274
f 188//276 171//275 187//274
f 148//279 171//278 188//277
f 190//280 175//281 189//280
f 176//284 175//283 190//282
f 191//285 176//284 190//282
f 177//288 176//287 191//286
f 192//288 177//288 191//286
f 178//291 177//290 192//289
f 193//292 178//291 192//289
f 148//293 178//294 193//293
f 196//295 195//296 194//295
f 198//299 179//298 197//297
f 180//302 179//301 198//300
f 199//303 180//302 198//300
f 181//305 180//304 199//304
f 200//306 181//305 199//304
f 182//309 181//308 200//307
f 201//310 182//309 200//307
f 183//312 182//312 201//311
f 202//313 183//312 201//311
f 148//266 183//264 202//314
f 204//317 184//316 203//315
f 185//320 184//319 204//318
f 205//321 185//320 204//318
f 186//324 185//323 205//322
f 206//325 186//324 205//322
f 187//328 186//327 206//326
f 207//328 187//328 206//326
f 188//330 187//329 207//329
f 208//331 188//330 207//329
f 148//279 188//277 208//332
f 210//333 189//333 209//333
f 190//336 189//335 210//334
f 211//337 190//336 210//334
f 191//340 190//339 211//338
f 212//340 191//340 211//338
f 192//342 191//341 212//341
f 213//342 192//342 212//341
f 193//345 192//344 213//343
f 214//346 193//345 213//343
f 148//293 193//293 214//347
f 216//349 197//348 215//348
f 198//351 197//350 216//350
f 217//350 198//351 216//350
f 199//354 198//353 217//352
f 218//352 199//354 217//352
f 200//357 199//356 218//355
f 219//358 200//357 218//355
f 201//360 200//359 219//359
f 220//361 201//360 219//359
f 202//364 201//363 220//362
f 221//365 202//364 220//362
f 148//368 202//367 221//366
f 224//369 223//370 222//369
f 226//371 203//372 225//371
f 204//375 203//374 226//373
f 227//374 204//375 226//373
f 205//377 204//377 227//376
f 228//378 205//377 227//376
f 206//380 205//379 228//379
f 229//381 206//380 228//379
f 207//384 206//383 229//382
f 230//385 207//384 229//382
f 208//387 207//387 230//386
f 231//387 208//387 230//386
f 148//390 208//389 231//388
f 234//393 233//392 232//391
f 236//396 209//395 235//394
f 210//399 209//398 236//397
f 237//400 210//399 236//397
f 211//403 210//402 237//401
f 238//404 211//403 237//401
f 212//407 211//406 238//405
f 239//408 212//407 238//405
f 213//411 212//410 239//409
f 240//412 213//411 239//409
f 214//413 213//414 240//413
f 241//413 214//413 240//413
f 148//417 214//416 241//415
f 243//420 215//419 242//418
f 216//422 215//421 243//421
f 244//422 216//422 243//421
f 217//423 216//423 244//423
f 245//424 217//423 244//423
f 218//425 217//426 245//425
f 246//425 218//425 245//425
f 219//427 218//427 246//427
f 247//428 219//427 246//427
f 220//431 219//430 247//429
f 248//432 220//431 247//429
f 221//435 220//434 248//433
f 249//435 221//435 248//433
f 148//368 221//366 249//436
f 251//437 225//438 250//437
f 226//441 225//440 251//439
f 252//442 226//441 251//439
f 227//445 226//444 252//443
f 253//444 227//445 252//443
f 228//446 227//447 253//446
f 254//448 228//446 253//446
f 229//451 228//450 254//449
f 255//452 229//451 254//449
f 230//455 229//454 255//453
f 256//454 230//455 255//453
f 231//456 230//456 256//456
f 257//456 231//456 256//456
f 148//390 231//388 257//457
f 259//460 235//459 258//458
f 236//461 235//461 259//461
f 260//462 236//461 259//461
f 237//465 236//464 260//463
f 261//464 237//465 260//463
f 238//468 237//467 261//466
f 262//468 238//468 261//466
f 239//471 238//470 262//469
f 263//472 239//471 262//469
f 240//473 239//473 263//473
f 264//474 240//473 263//473
f 241//477 240//476 264//475
f 265//478 241//477 264//475
f 148//417 241//415 265//479
f 267//481 242//480 266//480
f 243//484 242//483 267//482
f 268//485 243//484 267//482
f 244//487 243//486 268//486
f 269//488 244//487 268//486
f 245//491 244//490 269//489
f 270//492 245//491 269//489
f 246//495 245//494 270//493
f 271//496 246//495 270//493
f 247//498 246//498 271//497
f 272//499 247//498 271//497
f 248//502 247//501 272//500
f 273//503 248//502 272//500
f 249//504 248//505 273//504
f 274//504 249//504 273//504
f 148//508 249//507 274//506
f 276//511 250//510 275//509
f 251//512 250//513 276//512
f 277//514 251//512 276//512
f 252//517 251//516 277//515
f 278//515 252//517 277//515
f 253//520 252//519 278//518
f 279//521 253//520 278//518
f 254//522 253//523 279//522
f 280//524 254//522 279//522
f 255//527 254//526 280//525
f 281//528 255//527 280//525
f 256//531 255//530 281//529
f 282//532 256//531 281//529
f 257//534 256//534 282//533
f 283//535 257//534 282//533
f 148//538 257//537 283//536
f 285//541 258//540 284//539
f 259//544 258//543 285//542
f 286//545 259//544 285//542
f 260//548 259//547 286//546
f 287//549 260//548 286//546
f 261//552 260//551 287//550
f 288//552 261//552 287//550
f 262//555 261//554 288//553
f 289//555 262//555 288//553
f 263//557 262//556 289//556
f 290//558 263//557 289//556
f 264//561 263//560 290//559
f 291//562 264//561 290//559
f 265//565 264//564 291//563
f 292//563 265//565 291//563
f 148//568 265//567 292//566
f 295//571 294//570 293//569
f 297//573 275//572 296//572
f 276//576 275//575 297//574
f 298//577 276//576 297//574
f 277//578 276//578 298//578
f 299//579 277//578 298//578
f 278//582 277//581 299//580
f 300//583 278//582 299//580
f 279//586 278//585 300//584
f 301//587 279//586 300//584
f 280//590 279//589 301//588
f 302//591 280//590 301//588
f 281//594 280//593 302//592
f 303//595 281//594 302//592
f 282//598 281//597 303//596
f 304//599 282//598 303//596
f 283//602 282//601 304//600
f 305//603 283//602 304//600
f 148//538 283//536 305//604
f 307//606 284//605 306//605
f 285//607 284//608 307//607
f 308//609 285//607 307//607
f 286//610 285//610 308//610
f 309//610 286//610 308//610
f 287//611 286//611 309//611
f 310//611 287//611 309//611
f 288//614 287//613 310//612
f 311//613 288//614 310//612
f 289//615 288//615 311//615
f 312//615 289//615 311//615
f 290//618 289//617 312//616
f 313//619 290//618 312//616
f 291//621 290//620 313//620
f 314//620 291//621 313//620
f 292//623 291//623 314//622
f 315//624 292//623 314//622
f 148//568 292//566 315//625
f 318//628 317//627 316//626
f 320//630 296//629 319//629
f 297//631 296//631 320//631
f 321//632 297//631 320//631
f 298//633 297//633 321//633
f 322//633 298//633 321//633
f 299//635 298//634 322//634
f 323//635 299//635 322//634
f 300//638 299//637 323//636
f 324//639 300//638 323//636
f 301//642 300//641 324//640
f 325//643 301//642 324//640
f 302//646 301//645 325//644
f 326//647 302//646 325//644
f 303//650 302//649 326//648
f 327//650 303//650 326//648
f 304//651 303//652 327//651
f 328//653 304//651 327//651
f 305//654 304//654 328//654
f 329//655 305//654 328//654
f 148//658 305//657 329//656
f 331//660 306//659 330//659
f 307//661 306//662 331//661
f 332//663 307//661 331//661
f 308//664 307//664 332//664
f 333//664 308//664 332//664
f 309//665 308//665 333//665
f 334//665 309//665 333//665
f 310//668 309//667 334//666
f 335//669 310//668 334//666
f 311//672 310//671 335//670
f 336//673 311//672 335//670
f 312//676 311//675 336//674
f 337//677 312//676 336//674
f 313//680 312//679 337//678
f 338//681 313//680 337//678
f 314//684 313//683 338//682
f 339//684 314//684 338//682
f 315//686 314//685 339//685
f 340//687 315//686 339//685
f 148//690 315//689 340//688
f 342//691 319//691 341//691
f 320//694 319//693 342//692
f 343//693 320//694 342//692
f 321//697 320//696 343//695
f 344//698 321//697 343//695
f 322//699 321//700 344//699
f 345//701 322//699 344//699
f 323//702 322//702 345//702
f 346//702 323//702 345//702
f 324//703 323//703 346//703
f 347//703 324//703 346//703
f 325//706 324//705 347//704
f 348//707 325//706 347//704
f 326//708 325//708 348//708
f 349//708 326//708 348//708
f 327//711 326//710 349//709
f 350//712 327//711 349//709
f 328//714 327//714 350//713
f 351//713 328//714 350//713
f 329//715 328//715 351//715
f 352//715 329//715 351//715
f 148//658 329//656 352//716
f 354//719 330//718 353//717
f 331//722 330//721 354//720
f 355//723 331//722 354//720
f 332//724 331//725 355//724
f 356//724 332//724 355//724
f 333//728 332//727 356//726
f 357//729 333//728 356//726
f 334//730 333//730 357//730
f 358//730 334//730 357//730
f 335//733 334//732 358//731
f 359//731 335//733 358//731
f 336//736 335//735 359//734
f 360//735 336//736 359//734
f 337//738 336//738 360//737
f 361//739 337//738 360//737
f 338//741 337//740 361//740
f 362//742 338//741 361//740
f 339//745 338//744 362//743
f 363//746 339//745 362//743
f 340//748 339//748 363//747
f 364//748 340//748 363//747
f 148//690 340//688 364//749
f 367//752 366//751 365//750
f 369//755 368//754 94//753
f 365//757 368//757 369//756
f 370//758 365//759 369//758
f 367//752 365//750 370//760
f 371//763 367//762 370//761
f 374//766 373//765 372//764
f 375//767 373//767 374//767
f 376//768 375//769 374//768
f 377//771 375//771 376//770
f 378//772 377//772 376//772
f 293//775 377//774 378//773
f 379//778 293//777 378//776
f 295//571 293//569 379//779
f 380//780 295//781 379//780
f 382//783 381//782 92//782
f 372//784 381//784 382//784
f 383//785 372//786 382//785
f 374//766 372//764 383//787
f 384//790 374//789 383//788
f 376//768 374//768 384//791
f 385//792 376//793 384//792
f 378//772 376//772 385//794
f 386//795 378//795 385//795
f 379//778 378//776 386//796
f 387//797 379//797 386//797
f 380//780 379//780 387//798
f 388//801 380//800 387//799
f 391//802 390//803 389//802
f 392//805 390//805 391//804
f 393//807 392//807 391//806
f 394//809 392//809 393//808
f 395//810 394//811 393//810
f 396//813 394//812 395//812
f 397//816 396//815 395//814
f 398//819 396//818 397//817
f 399//822 398//821 397//820
f 400//823 398//823 399//823
f 401//824 400//824 399//824
f 402//827 400//826 401//825
f 403//830 402//829 401//828
f 194//833 402//832 403//831
f 404//836 194//835 403//834
f 196//295 194//295 404//837
f 405//840 196//839 404//838
f 407//843 406//842 82//841
f 389//846 406//845 407//844
f 408//849 389//848 407//847
f 391//802 389//802 408//850
f 409//851 391//851 408//851
f 393//807 391//806 409//852
f 410//853 393//854 409//853
f 395//810 393//810 410//855
f 411//858 395//857 410//856
f 397//816 395//814 411//859
f 412//862 397//861 411//860
f 399//822 397//820 412//863
f 413//865 399//865 412//864
f 401//824 399//824 413//866
f 414//869 401//868 413//867
f 403//830 401//828 414//870
f 415//873 403//872 414//871
f 404//836 403//834 415//874
f 416//877 404//876 415//875
f 405//840 404//838 416//839
f 150//880 405//879 416//878
f 419//882 418//881 417//881
f 420//885 418//884 419//883
f 421//886 420//887 419//886
f 422//889 420//889 421//888
f 423//890 422//891 421//890
f 424//893 422//893 423//892
f 425//895 424//894 423//894
f 426//898 424//897 425//896
f 427//900 426//899 425//899
f 428//903 426//902 427//901
f 429//904 428//904 427//904
f 430//906 428//906 429//905
f 431//909 430//908 429//907
f 432//911 430//911 431//910
f 433//914 432//913 431//912
f 434//915 432//915 433//915
f 435//918 434//917 433//916
f 436//921 434//920 435//919
f 437//924 436//923 435//922
f 149//927 436//926 437//925
f 438//930 149//929 437//928
f 151//193 149//193 438//194
f 148//932 151//932 438//931
f 441//933 440//933 439//933
f 442//935 440//935 441//934
f 443//936 442//937 441//936
f 316//938 442//938 443//938
f 444//940 316//939 443//939
f 318//628 316//626 444//628
f 445//943 318//942 444//941
f 447//945 446//944 72//944
f 439//948 446//947 447//946
f 448//951 439//950 447//949
f 441//933 439//933 448//952
f 449//955 441//954 448//953
f 443//936 441//936 449//956
f 450//959 443//958 449//957
f 444//940 443//939 450//939
f 451//962 444//961 450//960
f 445//943 444//941 451//963
f 452//964 445//965 451//964
f 455//968 454//967 453//966
f 456//971 454//970 455//969
f 457//972 456//973 455//972
f 458//974 456//974 457//974
f 459//977 458//976 457//975
f 460//979 458//979 459//978
f 461//982 460//981 459//980
f 462//984 460//984 461//983
f 463//987 462//986 461//985
f 464//990 462//989 463//988
f 465//992 464//992 463//991
f 222//993 464//994 465//993
f 466//995 222//995 465//995
f 224//369 222//369 466//369
f 467//998 224//997 466//996
f 469//1001 468//1000 68//999
f 453//1003 468//1002 469//1002
f 470//1006 453//1005 469//1004
f 455//968 453//966 470//1007
f 471//1008 455//1009 470//1008
f 457//972 455//972 471//972
f 472//1010 457//1011 471//1010
f 459//977 457//975 472//1012
f 473//1014 459//1013 472//1013
f 461//982 459//980 473//1015
f 474//1018 461//1017 473//1016
f 463//987 461//985 474//986
f 475//1021 463//1020 474//1019
f 465//992 463//991 475//992
f 476//1022 465//1023 475//1022
f 466//995 465//995 476//995
f 477//1025 466//1024 476//1024
f 467//998 466//996 477//1026
f 166//1029 467//1028 477//1027
f 480//1030 479//1030 478//1030
f 481//1032 479//1032 480//1031
f 482//1033 481//1034 480//1033
f 483//1036 481//1036 482//1035
f 484//1039 483//1038 482//1037
f 485//1041 483//1041 484//1040
f 486//1044 485//1043 484//1042
f 487//1047 485//1046 486//1045
f 488//1048 487//1049 486//1048
f 489//1052 487//1051 488//1050
f 490//1053 489//1053 488//1053
f 491//1056 489//1055 490//1054
f 492//1059 491//1058 490//1057
f 493//1062 491//1061 492//1060
f 494//1063 493//1064 492//1063
f 495//1067 493//1066 494//1065
f 496//1068 495//1069 494//1068
f 165//1070 495//1070 496//1070
f 497//1071 165//1071 496//1071
f 167//229 165//227 497//229
f 498//1072 167//1073 497//1072
f 497//1072 499//1074 498//1072
f 500//1075 499//1076 497//1075
f 496//1071 500//1071 497//1071
f 501//1079 500//1078 496//1077
f 494//1068 501//1068 496//1068
f 502//1082 501//1081 494//1080
f 492//1063 502//1083 494//1063
f 503//1084 502//1085 492//1084
f 490//1057 503//1086 492//1059
f 504//1087 503//1087 490//1087
f 488//1053 504//1088 490//1053
f 505//1091 504//1090 488//1089
f 486//1048 505//1092 488//1048
f 506//1095 505//1094 486//1093
f 484//1042 506//1096 486//1044
f 507//1097 506//1098 484//1097
f 482//1037 507//1099 484//1039
f 508//1102 507//1101 482//1100
f 480//1033 508//1103 482//1033
f 509//1105 508//1105 480//1104
f 478//1030 509//1030 480//1030
f 510//1106 509//1106 478//1106
f 511//1107 510//1108 478//1107
f 60//1111 510//1110 511//1109
f 514//1112 513//1113 512//1112
f 515//1116 513//1115 514//1114
f 516//1119 515//1118 514//1117
f 517//1121 515//1121 516//1120
f 518//1124 517//1123 516//1122
f 519//1126 517//1126 518//1125
f 520//1127 519//1128 518//1127
f 521//1131 519//1130 520//1129
f 522//1134 521//1133 520//1132
f 523//1137 521//1136 522//1135
f 524//1138 523//1138 522//1138
f 525//1140 523//1140 524//1139
f 526//1143 525//1142 524//1141
f 527//1146 525//1145 526//1144
f 528//1149 527//1148 526//1147
f 529//1151 527//1150 528//1150
f 530//1154 529//1153 528//1152
f 531//1156 529//1156 530//1155
f 532//1159 531//1158 530//1157
f 533//1162 531//1161 532//1160
f 534//1164 533//1163 532//1163
f 535//1167 533//1166 534//1165
f 148//1168 535//1169 534//1168
f 535//1171 148//1170 499//1170
f 537//1174 536//1173 58//1172
f 512//1177 536//1176 537//1175
f 538//1178 512//1179 537//1178
f 514//1112 512//1112 538//1112
f 539//1180 514//1181 538//1180
f 516//1119 514//1117 539//1182
f 540//1183 516//1184 539//1183
f 518//1124 516//1122 540//1185
f 541//1186 518//1186 540//1186
f 520//1127 518//1127 541//1187
f 542//1188 520//1188 541//1188
f 522//1134 520//1132 542//1189
f 543//1192 522//1191 542//1190
f 524//1138 522//1138 543//1193
f 544//1196 524//1195 543//1194
f 526//1143 524//1141 544//1197
f 545//1200 526//1199 544//1198
f 528//1149 526//1147 545//1201
f 546//1202 528//1203 545//1202
f 530//1154 528//1152 546//1204
f 547//1207 530//1206 546//1205
f 532//1159 530//1157 547//1159
f 548//1209 532//1208 547//1208
f 534//1164 532//1163 548//1164
f 148//1168 534//1168 548//1210
f 551//1213 550//1212 549//1211
f 553//1214 552//1214 36//1214
f 549//1217 552//1216 553//1215
f 554//1220 549//1219 553//1218
f 551//1213 549//1211 554//1221
f 555//1222 551//1222 554//1222
f 558//1223 557//1224 556//1223
f 559//1225 557//1225 558//1225
f 560//1226 559//1226 558//1226
f 561//1229 559//1228 560//1227
f 562//1232 561//1231 560//1230
f 563//1235 561//1234 562//1233
f 564//1238 563//1237 562//1236
f 565//1241 563//1240 564//1239
f 566//1244 565//1243 564//1242
f 567//1247 565//1246 566//1245
f 568//1249 567//1248 566//1248
f 232//1251 567//1251 568//1250
f 569//1253 232//1252 568//1252
f 234//393 232//391 569//1254
f 570//1255 234//1256 569//1255
f 572//1259 571//1258 116//1257
f 556//1262 571//1261 572//1260
f 573//1263 556//1263 572//1263
f 558//1223 556//1223 573//1264
f 574//1265 558//1266 573//1265
f 560//1226 558//1226 574//1226
f 575//1267 560//1267 574//1267
f 562//1232 560//1230 575//1232
f 576//1270 562//1269 575//1268
f 564//1238 562//1236 576//1271
f 577//1274 564//1273 576//1272
f 566//1244 564//1242 577//1275
f 578//1278 566//1277 577//1276
f 568//1249 566//1248 578//1249
f 579//1279 568//1279 578//1279
f 569//1253 568//1252 579//1253
f 580//1281 569//1281 579//1280
f 570//1255 569//1255 580//1282
f 173//1285 570//1284 580//1283
f 583//1286 582//1287 581//1286
f 584//1290 582//1289 583//1288
f 585//1291 584//1292 583//1291
f 586//1294 584//1294 585//1293
f 587//1295 586//1296 585//1295
f 588//1299 586//1298 587//1297
f 589//1302 588//1301 587//1300
f 590//1303 588//1303 589//1303
f 591//1304 590//1305 589//1304
f 592//1307 590//1307 591//1306
f 593//1309 592//1309 591//1308
f 594//1310 592//1311 593//1310
f 595//1313 594//1312 593//1312
f 596//1316 594//1315 595//1314
f 597//1319 596//1318 595//1317
f 598//1321 596//1321 597//1320
f 599//1323 598//1323 597//1322
f 172//1326 598//1325 599//1324
f 600//1328 172//1327 599//1327
f 174//243 172//241 600//1329
f 601//1330 174//1330 600//1330
f 600//1330 602//1331 601//1330
f 603//1334 602//1333 600//1332
f 599//1327 603//1335 600//1328
f 604//1338 603//1337 599//1336
f 597//1322 604//1323 599//1323
f 605//1340 604//1340 597//1339
f 595//1317 605//1341 597//1319
f 606//1343 605//1343 595//1342
f 593//1312 606//1344 595//1313
f 607//1347 606//1346 593//1345
f 591//1308 607//1348 593//1309
f 608//1349 607//1349 591//1349
f 589//1304 608//1304 591//1304
f 609//1351 608//1351 589//1350
f 587//1300 609//1352 589//1302
f 610//1354 609//1354 587//1353
f 585//1295 610//1355 587//1295
f 611//1357 610//1357 585//1356
f 583//1291 611//1358 585//1291
f 612//1360 611//1360 583//1359
f 581//1286 612//1286 583//1286
f 613//1362 612//1362 581//1361
f 614//1363 613//1364 581//1363
f 114//1367 613//1366 614//1365
f 617//1370 616//1369 615//1368
f 618//1372 616//1372 617//1371
f 619//1373 618//1374 617//1373
f 620//1376 618//1376 619//1375
f 621//1377 620//1378 619//1377
f 622//1381 620//1380 621//1379
f 623//1383 622//1382 621//1382
f 624//1386 622//1385 623//1384
f 625//1389 624//1388 623//1387
f 626//1392 624//1391 625//1390
f 627//1395 626//1394 625//1393
f 628//1397 626//1396 627//1396
f 629//1400 628//1399 627//1398
f 630//1401 628//1401 629//1401
f 631//1403 630//1403 629//1402
f 632//1406 630//1405 631//1404
f 633//1409 632//1408 631//1407
f 634//1412 632//1411 633//1410
f 635//1415 634//1414 633//1413
f 636//1418 634//1417 635//1416
f 637//1421 636//1420 635//1419
f 638//1424 636//1423 637//1422
f 148//1427 638//1426 637//1425
f 638//1430 148//1429 602//1428
f 640//1433 639//1432 106//1431
f 615//1436 639//1435 640//1434
f 641//1438 615//1437 640//1437
f 617//1370 615//1368 641//1439
f 642//1440 617//1441 641//1440
f 619//1373 617//1373 642//1442
f 643//1445 619//1444 642//1443
f 621//1377 619//1377 643//1446
f 644//1449 621//1448 643//1447
f 623//1383 621//1382 644//1450
f 645//1453 623//1452 644//1451
f 625//1389 623//1387 645//1454
f 646//1457 625//1456 645//1455
f 627//1395 625//1393 646//1394
f 647//1459 627//1458 646//1458
f 629//1400 627//1398 647//1400
f 648//1462 629//1461 647//1460
f 631//1403 629//1402 648//1463
f 649//1464 631//1464 648//1464
f 633//1409 631//1407 649//1407
f 650//1467 633//1466 649//1465
f 635//1415 633//1413 650//1415
f 651//1468 635//1469 650//1468
f 637//1421 635//1419 651//1420
f 148//1427 637//1425 651//1470
f 652//1473 371//1472 294//1471
f 367//1474 371//1475 652//1474
f 653//1476 367//1474 652//1474
f 366//1477 367//1478 653//1477
f 654//1479 366//1477 653//1477
f 102//1481 366//1481 654//1480
f 655//1482 102//1481 654//1480
f 365//757 656//1483 368//757
f 98//1486 656//1485 365//1484
f 366//1485 98//1486 365//1484
f 657//1487 98//1486 366//1485
f 102//1481 657//1488 366//1481
f 371//1472 293//1471 294//1471
f 377//774 293//775 371//1489
f 370//761 377//1490 371//763
f 375//771 377//771 370//1491
f 369//758 375//758 370//758
f 373//767 375//767 369//767
f 94//753 373//1492 369//755
f 372//784 658//784 381//784
f 89//1495 658//1494 372//1493
f 373//1496 89//1495 372//1493
f 659//1497 89//1495 373//1496
f 94//753 659//1498 373//1492
f 138//1500 92//782 137//1499
f 382//783 92//782 138//1500
f 660//1501 382//1502 138//1501
f 383//785 382//785 660//1503
f 661//1504 383//1505 660//1504
f 384//790 383//788 661//1506
f 662//1508 384//1508 661//1507
f 385//792 384//792 662//1509
f 663//1510 385//1511 662//1510
f 386//795 385//795 663//795
f 664//1513 386//1513 663//1512
f 387//797 386//797 664//1514
f 665//1517 387//1516 664//1515
f 388//801 387//799 665//799
f 195//1520 388//1519 665//1518
f 665//1518 194//1521 195//1520
f 402//832 194//833 665//1522
f 664//1515 402//1523 665//1517
f 400//826 402//827 664//825
f 663//1512 400//1512 664//1513
f 398//823 400//823 663//823
f 662//1510 398//1524 663//1510
f 396//818 398//819 662//1525
f 661//1507 396//1526 662//1508
f 394//812 396//813 661//1527
f 660//1504 394//1528 661//1504
f 392//809 394//809 660//1529
f 138//1501 392//1530 660//1501
f 390//805 392//805 138//1531
f 88//174 390//1532 138//176
f 389//846 666//844 406//845
f 86//1534 666//1534 389//1533
f 390//1534 86//1534 389//1533
f 667//1535 86//1534 390//1534
f 88//174 667//1536 390//1532
f 416//878 149//1537 150//880
f 436//926 149//927 416//1538
f 415//875 436//1539 416//877
f 434//920 436//921 415//1540
f 414//871 434//1541 415//873
f 432//915 434//915 414//1542
f 413//867 432//1543 414//869
f 430//911 432//911 413//1544
f 412//864 430//1545 413//865
f 428//906 430//906 412//1546
f 411//860 428//1547 412//862
f 426//902 428//903 411//1548
f 410//856 426//1549 411//858
f 424//897 426//898 410//1550
f 409//853 424//854 410//853
f 422//893 424//893 409//893
f 408//851 422//1551 409//851
f 420//889 422//889 408//889
f 407//847 420//1552 408//849
f 418//884 420//885 407//885
f 82//841 418//1553 407//843
f 417//1555 669//1554 668//1554
f 77//1558 669//1557 417//1556
f 418//1559 77//1558 417//1556
f 670//1560 77//1558 418//1559
f 82//841 670//1561 418//1553
f 671//1564 316//1563 317//1562
f 442//938 316//938 671//938
f 672//1565 442//1565 671//1565
f 440//935 442//935 672//1566
f 80//1569 440//1568 672//1567
f 439//948 673//1570 446//947
f 76//1573 673//1572 439//1571
f 440//1574 76//1573 439//1571
f 674//1575 76//1573 440//1574
f 80//1569 674//1576 440//1568
f 136//944 72//944 135//1577
f 447//945 72//944 136//944
f 675//1578 447//1579 136//1578
f 448//951 447//949 675//950
f 676//1580 448//1581 675//1580
f 449//955 448//953 676//1582
f 677//1583 449//1584 676//1583
f 450//959 449//957 677//1585
f 678//1588 450//1587 677//1586
f 451//962 450//960 678//962
f 679//1589 451//1590 678//1589
f 452//964 451//964 679//1591
f 223//1593 452//1593 679//1592
f 679//1592 222//1594 223//1593
f 464//994 222//993 679//1595
f 678//1589 464//1589 679//1589
f 462//989 464//990 678//1596
f 677//1586 462//1597 678//1588
f 460//984 462//984 677//1598
f 676//1583 460//1599 677//1583
f 458//979 460//979 676//1600
f 675//1580 458//1601 676//1580
f 456//974 458//974 675//1602
f 136//1578 456//1578 675//1578
f 454//970 456//971 136//1603
f 70//171 454//1604 136//173
f 453//1003 680//1605 468//1002
f 65//1607 680//1607 453//1606
f 454//1608 65//1607 453//1606
f 681//1609 65//1607 454//1608
f 70//171 681//171 454//1604
f 477//1027 165//1027 166//1029
f 495//1070 165//1070 477//1070
f 476//1024 495//1610 477//1025
f 493//1066 495//1067 476//1611
f 475//1022 493//1022 476//1022
f 491//1061 493//1062 475//1061
f 474//1019 491//1612 475//1021
f 489//1055 491//1056 474//1613
f 473//1016 489//1614 474//1018
f 487//1051 489//1052 473//1615
f 472//1013 487//1616 473//1014
f 485//1046 487//1047 472//1617
f 471//1010 485//1618 472//1010
f 483//1041 485//1041 471//1619
f 470//1008 483//1620 471//1008
f 481//1036 483//1036 470//1621
f 469//1004 481//1622 470//1006
f 479//1032 481//1032 469//1032
f 68//999 479//1623 469//1001
f 478//1107 682//1624 511//1107
f 64//1626 682//1626 478//1625
f 479//1627 64//1626 478//1625
f 683//1628 64//1626 479//1627
f 68//999 683//1629 479//1623
f 500//1075 535//1630 499//1076
f 533//1166 535//1167 500//1631
f 501//1079 533//1632 500//1078
f 531//1161 533//1162 501//1161
f 502//1082 531//1081 501//1081
f 529//1156 531//1156 502//1633
f 503//1084 529//1634 502//1085
f 527//1150 529//1151 503//1150
f 504//1087 527//1635 503//1087
f 525//1145 527//1146 504//1144
f 505//1091 525//1090 504//1090
f 523//1140 525//1140 505//1636
f 506//1095 523//1637 505//1094
f 521//1136 523//1137 506//1638
f 507//1097 521//1098 506//1098
f 519//1130 521//1131 507//1639
f 508//1102 519//1640 507//1101
f 517//1126 519//1126 508//1641
f 509//1105 517//1642 508//1105
f 515//1121 517//1121 509//1643
f 510//1106 515//1644 509//1106
f 513//1115 515//1116 510//1645
f 60//1111 513//1109 510//1110
f 499//1170 148//1170 498//1646
f 318//1648 266//1647 317//1647
f 267//1651 266//1650 318//1649
f 445//1652 267//1651 318//1649
f 268//1655 267//1654 445//1653
f 452//1656 268//1655 445//1653
f 269//1659 268//1658 452//1657
f 223//1660 269//1659 452//1657
f 270//1662 269//1661 223//1661
f 224//1663 270//1662 223//1661
f 271//1664 270//1665 224//1664
f 467//1666 271//1664 224//1664
f 272//1668 271//1667 467//1667
f 166//1668 272//1668 467//1667
f 273//1671 272//1670 166//1669
f 167//1671 273//1671 166//1669
f 274//1674 273//1673 167//1672
f 498//1672 274//1674 167//1672
f 148//508 274//506 498//1675
f 512//1177 684//1676 536//1176
f 55//1679 684//1678 512//1677
f 513//1679 55//1679 512//1677
f 685//1680 55//1679 513//1679
f 60//1111 685//1681 513//1109
f 134//1683 58//1172 133//1682
f 537//1174 58//1172 134//1683
f 686//1686 537//1685 134//1684
f 538//1178 537//1178 686//1178
f 687//1687 538//1688 686//1687
f 539//1180 538//1180 687//1689
f 688//1692 539//1691 687//1690
f 540//1183 539//1183 688//1693
f 689//1696 540//1695 688//1694
f 541//1186 540//1186 689//1186
f 690//1697 541//1697 689//1697
f 542//1188 541//1188 690//1698
f 691//1699 542//1699 690//1699
f 543//1192 542//1190 691//1700
f 692//1701 543//1702 691//1701
f 544//1196 543//1194 692//1195
f 693//1705 544//1704 692//1703
f 545//1200 544//1198 693//1706
f 694//1709 545//1708 693//1707
f 546//1202 545//1202 694//1202
f 695//1711 546//1710 694//1710
f 547//1207 546//1205 695//1207
f 696//1714 547//1713 695//1712
f 548//1209 547//1208 696//1715
f 148//1716 548//1717 696//1716
f 132//1719 54//169 131//1718
f 134//170 54//169 132//1719
f 697//1720 134//1721 132//1720
f 686//1686 134//1684 697//1722
f 698//1725 686//1724 697//1723
f 687//1687 686//1687 698//1726
f 699//1727 687//1728 698//1727
f 688//1692 687//1690 699//1692
f 700//1731 688//1730 699//1729
f 689//1696 688//1694 700//1732
f 701//1734 689//1733 700//1733
f 690//1697 689//1697 701//1697
f 702//1737 690//1736 701//1735
f 691//1699 690//1699 702//1699
f 703//1740 691//1739 702//1738
f 692//1701 691//1701 703//1741
f 704//1744 692//1743 703//1742
f 693//1705 692//1703 704//1703
f 705//1747 693//1746 704//1745
f 694//1709 693//1707 705//1748
f 706//1751 694//1750 705//1749
f 695//1711 694//1710 706//1752
f 707//1755 695//1754 706//1753
f 696//1714 695//1712 707//1756
f 148//1716 696//1716 707//1757
f 341//1758 52//167 708//167
f 132//168 52//167 341//1758
f 319//691 132//691 341//691
f 697//1720 132//1720 319//1720
f 296//629 697//1759 319//629
f 698//1725 697//1723 296//1760
f 275//572 698//1761 296//572
f 699//1727 698//1727 275//1727
f 250//510 699//1762 275//509
f 700//1731 699//1729 250//1763
f 225//438 700//1764 250//437
f 701//1734 700//1733 225//1733
f 203//372 701//1765 225//371
f 702//1737 701//1735 203//1766
f 184//316 702//1767 203//315
f 703//1740 702//1738 184//1739
f 168//267 703//267 184//267
f 704//1744 703//1742 168//1744
f 155//231 704//230 168//230
f 705//1747 704//1745 155//1768
f 144//201 705//201 155//201
f 706//1751 705//1749 144//1769
f 142//180 706//181 144//181
f 707//1755 706//1753 142//1770
f 148//189 707//1771 142//188
f 352//1773 709//1772 148//1772
f 710//1776 709//1775 352//1774
f 351//1777 710//1776 352//1774
f 711//1780 710//1779 351//1778
f 350//1780 711//1780 351//1778
f 712//1782 711//1781 350//1781
f 349//1783 712//1782 350//1781
f 713//1785 712//1784 349//1784
f 348//1785 713//1785 349//1784
f 714//1786 713//1787 348//1786
f 347//1788 714//1786 348//1786
f 715//1791 714//1790 347//1789
f 346//1790 715//1791 347//1789
f 716//1792 715//1793 346//1792
f 345//1793 716//1792 346//1792
f 717//1796 716//1795 345//1794
f 344//1797 717//1796 345//1794
f 718//1800 717//1799 344//1798
f 343//1800 718//1800 344//1798
f 719//1803 718//1802 343//1801
f 342//1804 719//1803 343//1801
f 130//1807 719//1806 342//1805
f 341//1807 130//1807 342//1805
f 129//1810 130//1809 341//1808
f 708//1809 129//1810 341//1808
f 48//165 721//166 720//166
f 43//1813 723//1812 722//1811
f 726//1816 725//1815 724//1814
f 727//1819 725//1818 726//1817
f 728//1820 727//1819 726//1817
f 729//1821 727//1822 728//1821
f 730//1823 729//1821 728//1821
f 731//1824 729//1825 730//1824
f 732//1826 731//1824 730//1824
f 722//1827 731//1828 732//1827
f 720//1829 722//1827 732//1827
f 43//1813 722//1811 720//1830
f 721//1831 43//1813 720//1830
f 727//1834 733//1833 725//1832
f 734//1835 733//1836 727//1835
f 729//1836 734//1835 727//1835
f 735//1838 734//1837 729//1837
f 731//1837 735//1838 729//1837
f 736//1840 735//1839 731//1839
f 722//1841 736//1840 731//1839
f 737//1842 736//1843 722//1842
f 723//1843 737//1842 722//1842
f 734//1844 555//1844 733//1844
f 551//1846 555//1846 734//1845
f 735//1845 551//1846 734//1845
f 550//1849 551//1848 735//1847
f 736//1850 550//1849 735//1847
f 46//1853 550//1852 736//1851
f 737//1852 46//1853 736//1851
f 549//1217 738//1854 552//1216
f 42//1857 738//1856 549//1855
f 550//1858 42//1857 549//1855
f 739//1855 42//1857 550//1858
f 46//1853 739//1852 550//1852
f 128//1859 36//1214 127//1214
f 553//1214 36//1214 128//1859
f 740//1860 553//1860 128//1860
f 554//1220 553//1218 740//1861
f 741//1862 554//1863 740//1862
f 555//1222 554//1222 741//1864
f 742//1865 555//1866 741//1865
f 733//1844 555//1844 742//1867
f 743//1870 733//1869 742//1868
f 725//1832 733//1833 743//1871
f 744//1874 725//1873 743//1872
f 724//1814 725//1815 744//1875
f 233//1877 724//1876 744//1876
f 744//1876 232//1877 233//1877
f 567//1251 232//1251 744//1878
f 743//1872 567//1879 744//1874
f 565//1246 567//1247 743//1880
f 742//1868 565//1881 743//1870
f 563//1240 565//1241 742//1882
f 741//1865 563//1883 742//1865
f 561//1234 563//1235 741//1884
f 740//1862 561//1885 741//1862
f 559//1228 561//1229 740//1886
f 128//1860 559//1887 740//1860
f 557//1225 559//1225 128//1225
f 126//1888 557//1888 128//1888
f 556//1262 745//1889 571//1261
f 121//1890 745//1890 556//1890
f 557//1891 121//1890 556//1890
f 746//1890 121//1890 557//1891
f 126//1892 746//1892 557//1892
f 580//1283 172//1893 173//1285
f 598//1325 172//1326 580//1894
f 579//1280 598//1895 580//1281
f 596//1321 598//1321 579//1896
f 578//1279 596//1897 579//1279
f 594//1315 596//1316 578//1898
f 577//1276 594//1899 578//1278
f 592//1311 594//1310 577//1900
f 576//1272 592//1901 577//1274
f 590//1307 592//1307 576//1902
f 575//1268 590//1903 576//1270
f 588//1303 590//1303 575//1303
f 574//1267 588//1267 575//1267
f 586//1298 588//1299 574//1299
f 573//1265 586//1904 574//1265
f 584//1294 586//1294 573//1293
f 572//1263 584//1905 573//1263
f 582//1289 584//1290 572//1906
f 116//1257 582//1907 572//1259
f 581//1363 747//1908 614//1363
f 111//1911 747//1910 581//1909
f 582//1910 111//1911 581//1909
f 748//1910 111//1911 582//1910
f 116//1257 748//1259 582//1907
f 603//1334 638//1912 602//1333
f 636//1423 638//1424 603//1913
f 604//1338 636//1337 603//1337
f 634//1417 636//1418 604//1914
f 605//1340 634//1915 604//1340
f 632//1411 634//1412 605//1411
f 606//1343 632//1916 605//1343
f 630//1405 632//1406 606//1917
f 607//1347 630//1346 606//1346
f 628//1401 630//1401 607//1401
f 608//1349 628//1918 607//1349
f 626//1396 628//1397 608//1919
f 609//1351 626//1920 608//1351
f 624//1391 626//1392 609//1921
f 610//1354 624//1922 609//1354
f 622//1385 624//1386 610//1923
f 611//1357 622//1924 610//1357
f 620//1380 622//1381 611//1925
f 612//1360 620//1359 611//1360
f 618//1376 620//1376 612//1375
f 613//1362 618//1926 612//1362
f 616//1372 618//1372 613//1927
f 114//1367 616//1928 613//1366
f 602//1428 148//1429 601//1929
f 720//166 130//166 48//165
f 719//1930 130//1931 720//1930
f 732//1932 719//1930 720//1930
f 718//1933 719//1934 732//1933
f 730//1935 718//1933 732//1933
f 717//1938 718//1937 730//1936
f 728//1939 717//1938 730//1936
f 716//1942 717//1941 728//1940
f 726//1943 716//1942 728//1940
f 715//1946 716//1945 726//1944
f 724//1947 715//1946 726//1944
f 714//1948 715//1949 724//1948
f 233//1950 714//1948 724//1948
f 713//1953 714//1952 233//1951
f 234//1954 713//1953 233//1951
f 712//1956 713//1955 234//1955
f 570//1957 712//1956 234//1955
f 711//1959 712//1959 570//1958
f 173//1960 711//1959 570//1958
f 710//1962 711//1961 173//1961
f 174//1962 710//1962 173//1961
f 709//1965 710//1964 174//1963
f 601//1966 709//1965 174//1963
f 148//1772 709//1772 601//1967
f 615//1436 749//1434 639//1435
f 110//1969 749//1969 615//1968
f 616//1968 110//1969 615//1968
f 750//1968 110//1969 616//1968
f 114//1367 750//1970 616//1928
f 125//1971 106//1431 124//1432
f 640//1433 106//1431 125//1971
f 751//1972 640//1972 125//1972
f 641//1438 640//1437 751//1973
f 752//1974 641//1975 751//1974
f 642//1440 641//1440 752//1976
f 753//1977 642//1978 752//1977
f 643//1445 642//1443 753//1979
f 754//1982 643//1981 753//1980
f 644//1449 643//1447 754//1983
f 755//1984 644//1985 754//1984
f 645//1453 644//1451 755//1986
f 756//1987 645//1987 755//1987
f 646//1457 645//1455 756//1988
f 757//1991 646//1990 756//1989
f 647//1459 646//1458 757//1992
f 758//1993 647//1994 757//1993
f 648//1462 647//1460 758//1995
f 759//1996 648//1997 758//1996
f 649//1464 648//1464 759//1464
f 760//1998 649//1998 759//1998
f 650//1467 649//1465 760//1467
f 761//1999 650//2000 760//1999
f 651//1468 650//1468 761//1468
f 148//2001 651//2002 761//2001
f 123//2003 104//161 122//2003
f 125//163 104//161 123//2003
f 762//2004 125//2004 123//2004
f 751//1972 125//1972 762//1972
f 763//2007 751//2006 762//2005
f 752//1974 751//1974 763//2008
f 764//2009 752//2010 763//2009
f 753//1977 752//1977 764//2011
f 765//2013 753//2012 764//2012
f 754//1982 753//1980 765//2014
f 766//2017 754//2016 765//2015
f 755//1984 754//1984 766//2018
f 767//2021 755//2020 766//2019
f 756//1987 755//1987 767//2022
f 768//2025 756//2024 767//2023
f 757//1991 756//1989 768//2026
f 769//2027 757//2028 768//2027
f 758//1993 757//1993 769//2029
f 770//2032 758//2031 769//2030
f 759//1996 758//1996 770//1996
f 771//2035 759//2034 770//2033
f 760//1998 759//1998 771//1998
f 772//2037 760//2036 771//2036
f 761//1999 760//1999 772//2038
f 148//2001 761//2001 772//2039
f 353//2041 99//158 773//2040
f 123//160 99//158 353//2041
f 330//718 123//2042 353//717
f 762//2004 123//2004 330//2043
f 306//659 762//2044 330//659
f 763//2007 762//2005 306//2045
f 284//605 763//2046 306//605
f 764//2009 763//2009 284//2047
f 258//540 764//2048 284//539
f 765//2013 764//2012 258//2049
f 235//459 765//2050 258//458
f 766//2017 765//2015 235//2051
f 209//395 766//394 235//394
f 767//2021 766//2019 209//2052
f 189//333 767//333 209//333
f 768//2025 767//2023 189//2023
f 175//281 768//281 189//280
f 769//2027 768//2027 175//2027
f 158//245 769//245 175//244
f 770//2032 769//2030 158//2032
f 141//211 770//210 158//210
f 771//2035 770//2033 141//2053
f 139//177 771//2054 141//179
f 772//2037 771//2036 139//2036
f 148//186 772//2055 139//185
f 364//2056 151//932 148//932
f 150//2057 151//2057 364//2057
f 363//2057 150//2057 364//2057
f 405//2060 150//2059 363//2058
f 362//2059 405//2060 363//2058
f 196//2063 405//2062 362//2061
f 361//2064 196//2063 362//2061
f 195//2065 196//2066 361//2065
f 360//2067 195//2065 361//2065
f 388//2070 195//2069 360//2068
f 359//2071 388//2070 360//2068
f 380//2074 388//2073 359//2072
f 358//2075 380//2074 359//2072
f 295//2076 380//2076 358//2076
f 357//2076 295//2076 358//2076
f 294//2079 295//2078 357//2077
f 356//2077 294//2079 357//2077
f 652//2081 294//2080 356//2080
f 355//2082 652//2081 356//2080
f 653//2083 652//2084 355//2083
f 354//2085 653//2083 355//2083
f 654//2086 653//2086 354//2086
f 353//2087 654//2086 354//2086
f 655//2088 654//2089 353//2088
f 773//2088 655//2088 353//2088
f 672//1567 668//1567 80//1569
f 417//1555 668//1554 672//1554
f 671//1565 417//1565 672//1565
f 419//882 417//881 671//2090
f 317//1562 419//2091 671//1564
f 421//886 419//886 317//2092
f 266//1647 421//2093 317//1647
f 423//890 421//890 266//2094
f 242//480 423//2095 266//480
f 425//895 423//894 242//2096
f 215//419 425//2097 242//418
f 427//900 425//899 215//2098
f 197//348 427//2099 215//348
f 429//904 427//904 197//904
f 179//298 429//2100 197//297
f 431//909 429//907 179//2101
f 161//253 431//252 179//252
f 433//914 431//912 161//914
f 152//218 433//2102 161//217
f 435//918 433//916 152//2103
f 147//196 435//196 152//195
f 437//924 435//922 147//2104
f 145//182 437//182 147//182
f 438//930 437//928 145//930
f 148//192 438//2105 145//191
